pdb_id,peptide_chain,peptide_seq,peptide_len,peptide_nonstd,receptor_chain,receptor_len,resolution_A,method,deposition_date,excluded_reason
1A7C,B,XTVASSX,7,"['ACE', 'NH2']",A,379,[1.95],X-ray,1999-03-23T00:00:00Z,
1A9N,Q,CCUGGUAUUGCAGUACCUCCAGGU,24,,A,176,[2.38],X-ray,1998-09-23T00:00:00Z,
1AIS,E,GCTTTAAAAAGTAAGTT,17,,B,200,[2.1],X-ray,1997-07-07T00:00:00Z,
1APV,I,XVVXX,5,"['DFO', 'IVA', 'NME']",E,323,[1.8],X-ray,1994-01-31T00:00:00Z,
1APW,I,XVVXX,5,"['DFI', 'IVA', 'NME']",E,323,[1.8],X-ray,1994-01-31T00:00:00Z,
1ATP,I,TTYADFIASGRTGRRNAIHD,20,,E,350,[2.2],X-ray,1993-04-15T00:00:00Z,
1AW8,A,MIRTMLQGKLHRVKVTHADLHYEG,24,,B,91,[2.2],X-ray,1998-04-29T00:00:00Z,
1AWI,P,PPPPPPPPPP,10,,A,138,[2.2],X-ray,1998-10-28T00:00:00Z,
1AWQ,B,HAGPIA,6,,A,164,[1.58],X-ray,1998-03-18T00:00:00Z,
1AYA,P,SVLYTAVQPNE,11,['PTR'],A,101,[2.05],X-ray,1994-08-31T00:00:00Z,
1AYC,P,DGGYMDMSKGS,11,['PTR'],A,101,[2.3],X-ray,1994-08-31T00:00:00Z,
1B6J,C,NXPIVX,6,"['NH2', 'RTY']",A,99,[1.85],X-ray,2000-01-07T00:00:00Z,
1B72,D,ACTCTATGATTGATCGGCTG,20,,B,87,[2.35],X-ray,1999-02-19T00:00:00Z,
1BBZ,B,XAPSYSPPPPP,11,['ACE'],A,58,[1.65],X-ray,1998-11-25T00:00:00Z,
1BE9,B,KQTSV,5,,A,119,[1.82],X-ray,1998-10-21T00:00:00Z,
1BHF,I,XFEEI,5,"['1PA', 'ACE']",A,108,[1.8],X-ray,1998-10-21T00:00:00Z,
1BJR,I,VAQGGAAGLA,10,,E,279,[2.44],X-ray,1998-11-04T00:00:00Z,
1BM2,L,XKYVNVP,7,"['ACE', 'PTR', 'SLZ']",A,117,[2.1],X-ray,1998-08-05T00:00:00Z,
1BMB,I,KPFYVNVEF,9,['PTR'],A,123,[1.8],X-ray,1998-07-29T00:00:00Z,
1BT6,C,XSTVHEILSKLSLE,14,['ACE'],A,96,[2.4],X-ray,1999-01-27T00:00:00Z,
1C5F,B,ALLVTAGLVLA,11,"['ABA', 'BMT', 'DAL', 'MLE', 'MVA', 'SAR']",A,177,[2.47],X-ray,1999-12-03T00:00:00Z,
1C5X,A,KPSSPPEELKFQCGQKTLRPRFK,23,,B,253,[1.75],X-ray,2000-12-22T00:00:00Z,
1C5Y,A,KPSSPPEELKFQCGQKTLRPRFK,23,,B,253,[1.65],X-ray,2000-12-22T00:00:00Z,
1CA9,G,GQVPFSKEEC,10,,A,192,[2.3],X-ray,1999-04-12T00:00:00Z,
1CDL,E,ARRKWQKTGHAVRAIGRLSS,20,,A,147,[2.0],X-ray,1994-08-31T00:00:00Z,
1CDM,B,LKKFNARRKLKGAILTTMLATRNFS,25,,A,144,[2.0],X-ray,1994-08-31T00:00:00Z,
1CJF,C,PPPPPPPPPPPPPPP,15,,A,139,[2.3],X-ray,1999-07-07T00:00:00Z,
1CM1,B,LKKFNARRKLKGAILTTMLATRNFS,25,,A,148,[2.0],X-ray,1998-03-04T00:00:00Z,
1CMI,C,KAEMKDTGIQVDR,13,,A,85,[2.5],X-ray,2000-02-21T00:00:00Z,
1CP3,C,XDVADX,6,"['ACE', 'CF0']",A,277,[2.3],X-ray,1997-12-24T00:00:00Z,
1CPI,C,NXPIVX,6,"['NH2', 'RTY']",A,99,[2.05],X-ray,1996-03-08T00:00:00Z,
1CRX,C,TATAACTTCGTATAG,15,,A,322,[2.4],X-ray,1998-10-14T00:00:00Z,
1CVU,F,TKTATINAS,9,,A,552,[2.4],X-ray,2000-05-16T00:00:00Z,
1CWA,C,ALLVTAGLVLA,11,"['ABA', 'BMT', 'DAL', 'MLE', 'MVA', 'SAR']",A,165,[2.1],X-ray,1996-01-29T00:00:00Z,
1CWD,P,PEGDFEEVL,9,['PM3'],L,98,[2.25],X-ray,1996-12-07T00:00:00Z,
1CWE,B,XQFEEIP,7,"['ACE', 'PM3']",A,98,[2.3],X-ray,1996-12-07T00:00:00Z,
1CWF,C,ALLVTVGLVLA,11,"['BMT', 'DAL', 'MLE', 'MVA', 'SAR']",A,165,[1.86],X-ray,1998-07-15T00:00:00Z,
1CWH,C,ALLVTASLVLA,11,"['ABA', 'BMT', 'DAL', 'DSE', 'MLE', 'MVA']",A,165,[1.86],X-ray,1998-07-15T00:00:00Z,
1CWI,C,ALLVTVALVLA,11,"['BMT', 'DAL', 'MAA', 'MLE', 'MVA']",A,165,[1.9],X-ray,1998-08-12T00:00:00Z,
1CWL,C,ALLVTAGLVLA,11,"['ABA', 'BMT', 'DAL', 'MHL', 'MLE', 'MVA', 'SAR']",A,165,[1.8],X-ray,1998-07-15T00:00:00Z,
1CWM,C,ALLVTAGIVLA,11,"['ABA', 'BMT', 'DAL', 'IML', 'MLE', 'MVA', 'SAR']",A,165,[2.0],X-ray,1998-07-15T00:00:00Z,
1CWO,C,VLLVTTGLLLA,11,"['BMT', 'MLE', 'MVA', 'SAR', 'VAD']",A,165,[1.86],X-ray,1998-08-12T00:00:00Z,
1D01,G,XMLSVEEEG,9,['ACE'],A,168,[2.0],X-ray,2003-12-02T00:00:00Z,
1D0A,G,XPIQEE,6,['ACE'],A,168,[2.0],X-ray,2000-03-08T00:00:00Z,
1D0J,G,XGAAQEE,7,['ACE'],A,168,[2.5],X-ray,2000-03-08T00:00:00Z,
1D3U,D,TATAAGTATTTAAACTTTACTCT,23,,A,181,[2.4],X-ray,1999-11-15T00:00:00Z,
1D4T,B,KSLTIYAQVQK,11,,A,104,[1.1],X-ray,1999-10-14T00:00:00Z,
1D5D,A,KETAAAKMERQHLDS,15,['SET'],B,101,[2.25],X-ray,1999-10-20T00:00:00Z,
1D5E,A,KETAAAKLERQHLDS,15,"['NLE', 'SET']",B,101,[2.25],X-ray,1999-10-20T00:00:00Z,
1D5H,A,KETAAAKAERQHMDS,15,['SET'],B,101,[2.25],X-ray,1999-10-20T00:00:00Z,
1DDV,B,TPPSPF,6,,A,111,[1.9],X-ray,2000-05-10T00:00:00Z,
1DKX,B,NRLLLTG,7,,A,219,[2.0],X-ray,1996-12-07T00:00:00Z,
1DKZ,B,NRLLLTG,7,,A,219,[2.0],X-ray,1996-12-07T00:00:00Z,
1DOJ,B,DFEEIPEEYLQ,11,['TYS'],A,295,[1.7],X-ray,2000-11-03T00:00:00Z,
1DSZ,C,CAGGTCAAAGGTCAG,15,,A,86,[1.7],X-ray,2000-07-10T00:00:00Z,
1DXP,C,KGSVVIVGRIILSGRK,16,,A,187,[2.4],X-ray,2001-01-12T00:00:00Z,
1DY8,C,KGSVVIVGRIILSGRK,16,,A,187,[2.4],X-ray,2001-01-28T00:00:00Z,
1DY9,C,KGSVVIVGRIILSGRK,16,,A,187,[2.1],X-ray,2001-01-28T00:00:00Z,
1DZI,B,GPPGPPGFPGERGPPGPPGPPX,22,"['HYP', 'NH2']",A,185,[2.1],X-ray,2001-03-01T00:00:00Z,
1E6I,P,AKRHRKILRNSIQGI,15,['ALY'],A,121,[1.87],X-ray,2000-11-24T00:00:00Z,
1E8N,I,XGFGPFGFA,9,['BE2'],A,710,[1.5],X-ray,2001-01-16T00:00:00Z,
1EE5,B,AVKRPAATKKAGQAKKKKL,19,,A,424,[2.4],X-ray,2000-03-29T00:00:00Z,
1EE4,C,PAAKRVKLD,9,,A,423,[2.1],X-ray,2000-03-29T00:00:00Z,
1E54,B,DNWQNGTS,8,,A,332,[2.1],X-ray,2001-07-12T00:00:00Z,
1DKD,E,SWMTTPWGFLHP,12,,A,146,[2.1],X-ray,2000-01-12T00:00:00Z,
1D9I,I,DFEEIPEEYL,10,['TYS'],A,288,[2.3],X-ray,2000-10-30T00:00:00Z,
1D8T,C,SCNCVCGFCCSCSPX,15,"['BB6', 'BB7', 'BB8', 'BB9', 'MEN', 'MH6', 'NH2']",A,393,[2.35],X-ray,2000-10-25T00:00:00Z,
1D6W,I,DFEEIPEEYL,10,['TYS'],A,287,[2.0],X-ray,2000-10-25T00:00:00Z,
1D4W,C,KSLTIYAQVQK,11,['PTR'],A,104,[1.8],X-ray,1999-10-14T00:00:00Z,
1D00,I,XPVQETX,7,"['ACE', 'NH2']",A,168,[2.0],X-ray,2000-03-29T00:00:00Z,
1CZY,D,XPQQATDD,8,['ACE'],A,168,[2.0],X-ray,2000-03-08T00:00:00Z,
1CYN,C,SLLVTAGLVLA,11,"['ABA', 'BMT', 'DSN', 'MLE', 'MVA', 'SAR']",A,178,[1.85],X-ray,1996-01-29T00:00:00Z,
1CWK,C,ALLVTVGLVLA,11,"['DAL', 'MLE', 'MSA', 'MVA', 'TMD']",A,165,[1.8],X-ray,1998-07-15T00:00:00Z,
1CWJ,C,ALLVTVGLVLA,11,"['BMT', 'DAL', 'MLE', 'MSA', 'MVA']",A,165,[1.8],X-ray,1998-08-26T00:00:00Z,
1CWC,C,ALLVTAGLVLA,11,"['ABA', 'BMT', 'DAL', 'MLE', 'MNL', 'MVA', 'SAR']",A,165,[1.86],X-ray,1996-01-29T00:00:00Z,
1CWB,C,ALLVXAGLVLA,11,"['ABA', 'DAL', 'DMT', 'MLE', 'MVA', 'SAR']",A,165,[2.2],X-ray,1996-01-29T00:00:00Z,
1CN3,F,GGGGGGGGAASHQRVTPDWMLPLILGLYG,29,,A,283,[2.2],X-ray,1999-06-09T00:00:00Z,
1CM4,B,LKKFNARRKLKGAILTTMLATRNFS,25,,A,148,[2.0],X-ray,1998-03-04T00:00:00Z,
1CKB,B,PPPVPPRRRR,10,,A,57,[1.9],X-ray,1995-05-08T00:00:00Z,
1CKA,B,PPPALPPKKR,10,,A,57,[1.5],X-ray,1995-05-08T00:00:00Z,
1CJR,A,KETAAAKFERQHMDS,15,,B,101,[2.3],X-ray,1999-05-07T00:00:00Z,
1CF0,C,PPPPPPPPY,9,['IYR'],A,138,[2.2],X-ray,1999-07-06T00:00:00Z,
1CDK,I,TTYADFIASGRTGRRNAIHD,20,,A,350,[2.0],X-ray,1995-10-15T00:00:00Z,
1C5Z,A,KPSSPPEELKFQCGQKTLRPRFK,23,,B,253,[1.85],X-ray,2000-12-22T00:00:00Z,
1C5W,A,KPSSPPEELKFQCGQKTLRPRFK,23,,B,253,[1.94],X-ray,2000-12-22T00:00:00Z,
1BZH,I,DADEYLC,7,"['AEA', 'FLT']",A,298,[2.1],X-ray,1999-02-16T00:00:00Z,
1BCK,C,ALLVTTGLVLA,11,"['BMT', 'DAL', 'MLE', 'MVA', 'SAR']",A,165,[1.8],X-ray,1998-09-16T00:00:00Z,
1BC5,T,XNWETF,6,['ACE'],A,269,[2.2],X-ray,1998-11-25T00:00:00Z,
1B8I,C,GTCGCCATAAATCAC,15,,A,81,[2.4],X-ray,1999-04-12T00:00:00Z,
1B07,C,YEVPGPVPPRRR,12,,A,65,[2.5],X-ray,1999-01-06T00:00:00Z,
1AWV,G,HVGPIA,6,,A,164,[2.34],X-ray,1998-03-18T00:00:00Z,
1AWU,B,HVGPIA,6,,A,164,[2.34],X-ray,1998-03-18T00:00:00Z,
1AWR,G,HAGPIA,6,,A,164,[1.58],X-ray,1998-03-18T00:00:00Z,
1AWC,D,AAUGACCGGAAGTACACCGGA,21,"['BRU', 'CBR']",A,110,[2.15],X-ray,1998-03-18T00:00:00Z,
1AVF,P,AVVKVPLKKFKSIRETMKEKGLLGEF,26,,A,329,[2.36],X-ray,1998-02-25T00:00:00Z,
1AQC,C,GYENPTYKFF,10,,A,172,[2.3],X-ray,1997-12-24T00:00:00Z,
1APM,I,TTYADFIASGRTGRRNAIHD,20,,E,350,[2.0],X-ray,1993-04-15T00:00:00Z,
1AKH,C,TACATGTAAAAATTTACATCA,21,,A,61,[2.5],X-ray,1998-05-20T00:00:00Z,
1ABO,C,APTMPPPLPP,10,,A,62,[2.0],X-ray,1995-10-15T00:00:00Z,
1A1R,C,KKGSVVIVGRIVLSGKPAIIPKK,23,,A,198,[2.5],X-ray,1998-06-17T00:00:00Z,
1EOL,B,XRXLXDYEPIPEEAA,15,"['BBS', 'CPI', 'DOA', 'NLE']",A,289,[2.1],X-ray,2000-05-03T00:00:00Z,
1F4V,D,MGDSILSQAEIDALLN,16,,A,128,[2.22],X-ray,2001-01-17T00:00:00Z,
1G9I,I,EPCCDSCRCTKSIPPQCHCANI,22,,E,223,[2.2],X-ray,2000-12-06T00:00:00Z,
1GBD,P,XAAPF,5,"['B2F', 'MSU']",A,198,[2.2],X-ray,1996-01-29T00:00:00Z,
1GJ7,A,KPSSPPEELKFQCGQKTLRPRFK,23,,B,253,[1.5],X-ray,2002-04-27T00:00:00Z,
1GJA,A,KPSSPPEELKFQCGQKTLRPRFK,23,,B,253,[1.56],X-ray,2002-04-27T00:00:00Z,
1HAG,I,DFEEIPEEYL,10,['TYS'],E,295,[2.0],X-ray,1994-12-20T00:00:00Z,
1HNE,I,XAAPAX,6,"['0QE', 'ALV', 'MSU']",E,218,[1.84],X-ray,1989-10-15T00:00:00Z,
1IR3,B,KKKLPATGDYMNMSPVGD,18,,A,306,[1.9],X-ray,1998-01-07T00:00:00Z,
1JB7,D,GGGGTTTTGGGG,12,,B,260,[1.86],X-ray,2001-06-11T00:00:00Z,
1JD5,B,AIAYFIPDQA,10,,A,124,[1.9],X-ray,2001-12-05T00:00:00Z,
1JDP,H,GLSKGCFGLKLDRIGSMSGLGC,22,,A,441,[2.0],X-ray,2001-09-05T00:00:00Z,
1JBP,S,TTYADFIASGRTGRRASIHD,20,,E,350,[2.2],X-ray,2001-06-27T00:00:00Z,
1JAC,B,NEQSGKSQTVIVGSWGAKVS,20,,A,133,[2.43],X-ray,1997-06-05T00:00:00Z,
1J82,A,KETAAAKFERQHMDSX,16,['NH2'],B,104,[2.3],X-ray,2001-06-06T00:00:00Z,
1J81,A,KETAAAKFERQHMDSX,16,['NH2'],B,104,[2.2],X-ray,2001-06-06T00:00:00Z,
1J80,A,KETAAAKFERQHMDSX,16,['NH2'],B,104,[2.1],X-ray,2001-06-06T00:00:00Z,
1J7Z,A,KETAAAKFERQHMDSX,16,['NH2'],B,104,[2.25],X-ray,2001-06-06T00:00:00Z,
1J2X,B,SEADEMAKALEAELNDLM,18,,A,73,[2.0],X-ray,2003-01-30T00:00:00Z,
1J19,B,RRRTGTYGVLAAWRRL,16,,A,317,[2.4],X-ray,2003-03-11T00:00:00Z,
1IZE,B,XVVXAX,6,"['IVA', 'STA']",A,323,[1.9],X-ray,2003-03-04T00:00:00Z,
1IWQ,B,KKRFSFKKSFKLSGFSFKK,19,,A,148,[2.0],X-ray,2003-03-11T00:00:00Z,
1ISQ,B,XKQATLFDFLKK,12,['ACE'],A,249,[2.3],X-ray,2002-10-23T00:00:00Z,
1IQ5,B,VRVIPRLDTLILVKAMGHRKRFGNPFR,27,,A,149,[1.8],X-ray,2001-09-26T00:00:00Z,
1IID,O,GLYASKLA,8,,A,422,[2.5],X-ray,2001-05-02T00:00:00Z,
1IHJ,C,GKTEFCA,7,,A,98,[1.8],X-ray,2001-08-22T00:00:00Z,
1IHF,D,GGCCAAAAAAGCATT,15,,A,99,[2.5],X-ray,1997-02-12T00:00:00Z,
1IAU,B,XIEPX,5,"['ACE', 'ASJ']",A,227,[2.0],X-ray,2001-05-02T00:00:00Z,
1I3Z,B,VEKKSLTIYAQVQK,14,['PTR'],A,103,[2.15],X-ray,2003-04-08T00:00:00Z,
1I31,P,FYRALM,6,,A,314,[2.5],X-ray,2001-02-21T00:00:00Z,
1HY2,E,CCHPQCGAAYSC,12,,A,129,[2.0],X-ray,2003-06-17T00:00:00Z,
1HXZ,C,RCCHPQCGMVEECR,14,,A,129,[1.8],X-ray,2003-06-17T00:00:00Z,
1HXL,C,RCCHPQCGMAEECR,14,,A,129,[1.8],X-ray,2003-06-17T00:00:00Z,
1HTM,A,QDLPGNDNSTATLCLGHHAVPNGTLVK,27,,B,138,[2.5],X-ray,1995-02-14T00:00:00Z,
1HQQ,E,RCCHPQCGAVEECR,14,,A,129,[1.7],X-ray,2003-09-16T00:00:00Z,
1HPG,B,XAAPE,5,['BOC'],A,187,[1.5],X-ray,1995-07-10T00:00:00Z,
1HEF,I,AAXVX,5,"['PJJ', 'VME']",E,99,[2.2],X-ray,1994-05-31T00:00:00Z,
1H9O,B,YVPML,5,['PTR'],A,112,[1.79],X-ray,2001-03-19T00:00:00Z,
1H9L,A,XVEPI,5,['ACE'],B,240,[1.67],X-ray,2001-11-27T00:00:00Z,
1H8A,D,GATGTGGCGCAATCCTTAACGGACTG,26,,A,78,[2.23],X-ray,2002-01-28T00:00:00Z,
1H89,D,GATGTGGCGCAATCCTTAACGGACTG,26,,A,64,[2.45],X-ray,2002-01-28T00:00:00Z,
1H0I,C,XFDDA,5,"['DAL', 'IAS', 'MEA', 'VR0']",A,499,[2.0],X-ray,2002-06-27T00:00:00Z,
1H0G,C,RPSHX,5,"['0AR', 'DPR', 'HSE', 'UN1']",A,499,[2.0],X-ray,2002-06-27T00:00:00Z,
1GYB,E,DSGFSFGSK,9,,A,125,[1.9],X-ray,2002-06-20T00:00:00Z,
1GWR,C,NALLRYLLD,9,,A,245,[2.4],X-ray,2002-08-29T00:00:00Z,
1GWQ,C,KILHRLLQD,9,,A,248,[2.45],X-ray,2002-08-29T00:00:00Z,
1GVX,I,PTEXRE,6,['PUK'],A,330,[1.0],X-ray,2002-07-04T00:00:00Z,
1GVU,I,PHPFHXVIHK,10,['STA'],A,330,[0.94],X-ray,2002-07-04T00:00:00Z,
1GJD,A,KPSSPPEELKFQCGQKTLRPRFK,23,,B,253,[1.75],X-ray,2002-05-03T00:00:00Z,
1GJC,A,KPSSPPEELKFQCGQKTLRPRFK,23,,B,253,[1.73],X-ray,2002-04-27T00:00:00Z,
1GJB,A,KPSSPPEELKFQCGQKTLRPRFK,23,,B,253,[1.9],X-ray,2002-04-27T00:00:00Z,
1GJ9,A,KPSSPPEELKFQCGQKTLRPRFK,23,,B,253,[1.8],X-ray,2002-04-27T00:00:00Z,
1GJ8,A,KPSSPPEELKFQCGQKTLRPRFK,23,,B,253,[1.64],X-ray,2002-04-27T00:00:00Z,
1GI9,A,KPSSPPEELKFQCGQKTLRPRFK,23,,B,245,[1.8],X-ray,2002-01-22T00:00:00Z,
1GI8,A,KPSSPPEELKFQCGQKTLRPRFK,23,,B,245,[1.75],X-ray,2002-01-22T00:00:00Z,
1GI7,A,KPSSPPEELKFQCGQKTLRPRFK,23,,B,245,[1.79],X-ray,2002-01-22T00:00:00Z,
1GEC,I,XLVGX,5,"['0HQ', 'PHQ']",E,216,[2.1],X-ray,1995-12-07T00:00:00Z,
1GBM,P,XAAPF,5,"['B2F', 'MSU']",A,198,[2.28],X-ray,1996-01-29T00:00:00Z,
1GBL,P,XAAPL,5,"['BLE', 'MSU']",A,198,[2.15],X-ray,1996-01-29T00:00:00Z,
1GBK,P,XAAPA,5,"['B2A', 'MSU']",A,198,[2.13],X-ray,1996-01-29T00:00:00Z,
1GBI,P,XAAPF,5,"['B2F', 'MSU']",A,198,[2.3],X-ray,1996-01-29T00:00:00Z,
1GBH,P,XAAPL,5,"['BLE', 'MSU']",A,198,[2.2],X-ray,1996-01-29T00:00:00Z,
1GBF,P,XAAPA,5,"['B2A', 'MSU']",A,198,[2.15],X-ray,1996-01-29T00:00:00Z,
1GBC,P,XAAPL,5,"['BLE', 'MSU']",A,198,[2.2],X-ray,1996-01-29T00:00:00Z,
1GBB,P,XAAPA,5,"['B2A', 'MSU']",A,198,[2.15],X-ray,1996-01-29T00:00:00Z,
1G6G,E,SLEVTEADATFAK,13,['TPO'],A,127,[1.6],X-ray,2000-12-13T00:00:00Z,
1G37,B,FEAIPAEYL,9,,A,287,[2.0],X-ray,2001-04-21T00:00:00Z,
1G1S,C,QATEYEYLDYDFLPETEPPRPMMDDDDK,28,['TYS'],A,162,[1.9],X-ray,2001-10-13T00:00:00Z,
1G1H,B,ETDYYRKGGKGLL,13,['PTR'],A,298,[2.4],X-ray,2001-01-17T00:00:00Z,
1G1G,B,ETDYYRKGGKGLL,13,['PTR'],A,298,[2.2],X-ray,2001-01-17T00:00:00Z,
1G1F,B,RDIYETDYYRK,11,['PTR'],A,298,[2.0],X-ray,2001-01-17T00:00:00Z,
1FYR,I,XYVNV,5,"['ACE', 'PTR']",A,114,[2.4],X-ray,2000-12-06T00:00:00Z,
1FYN,B,PPAYPPPPVP,10,,A,62,[2.3],X-ray,1996-11-08T00:00:00Z,
1FPR,B,EDTLTYADLD,10,['PTR'],A,284,[2.5],X-ray,2001-03-07T00:00:00Z,
1FMO,I,TTYADFIASGRTGRRNAIHD,20,,E,350,[2.2],X-ray,1998-01-14T00:00:00Z,
1FKN,C,EVNXAEF,7,['1OL'],A,391,[1.9],X-ray,2000-10-09T00:00:00Z,
1FJM,M,ALDRXEX,7,"['1ZN', 'ACB', 'DAL', 'DAM', 'FGA']",A,330,[2.1],X-ray,1996-06-20T00:00:00Z,
1FIW,L,DNTTCDGPCGVRFRQNRQGGVR,22,,A,290,[2.1],X-ray,2000-11-08T00:00:00Z,
1FIV,B,XAVXEAX,7,"['ACE', 'ALN', 'NH2', 'STA']",A,113,[2.0],X-ray,1995-07-31T00:00:00Z,
1FGL,B,DRXHPVHAGPIAPGQLREPRGSDIA,25,"['BAL', 'NLE']",A,165,[1.8],X-ray,1997-04-01T00:00:00Z,
1FEV,A,KETAAAKFERQHLDS,15,['AIB'],B,101,[2.25],X-ray,2000-08-09T00:00:00Z,
1FCH,C,YQSKL,5,,A,368,[2.2],X-ray,2000-12-06T00:00:00Z,
1F8A,C,YSPTSPS,7,['SEP'],B,167,[1.84],X-ray,2000-08-23T00:00:00Z,
1F7A,P,KARVLAEAMS,10,,A,99,[2.0],X-ray,2001-06-27T00:00:00Z,
1F47,A,KEPDYLDIPAFLRKQAD,17,,B,144,[1.95],X-ray,2001-06-13T00:00:00Z,
1F2S,I,RICPRIWMECKRDSDCMAECICVMGHCG,28,,E,223,[1.79],X-ray,2000-06-05T00:00:00Z,
1F1W,B,SYVNVQN,7,['PTR'],A,104,[2.1],X-ray,2000-07-06T00:00:00Z,
1F1J,C,XDEVX,5,"['ACE', 'ASJ']",A,305,[2.35],X-ray,2001-05-23T00:00:00Z,
1EVH,B,XFPPPPT,7,['ACE'],A,112,[1.8],X-ray,1999-05-21T00:00:00Z,
1ER8,I,HPFHLLVY,8,['DHI'],E,330,[2.0],X-ray,1991-10-15T00:00:00Z,
1EPM,I,TFQAFLRE,8,['PSA'],E,330,[1.6],X-ray,1994-12-20T00:00:00Z,
1EPL,I,PLEFRL,6,['PSA'],E,330,[2.0],X-ray,1994-12-20T00:00:00Z,
1EOJ,B,XRXAXDYEPIPEEA,14,"['BBS', 'CPI', 'DOA', 'TIH']",A,289,[2.1],X-ray,2000-05-03T00:00:00Z,
1EMU,B,SEDDLLQECISSAMPK,16,,A,132,[1.9],X-ray,2000-07-05T00:00:00Z,
1ELW,C,GPTIEEVD,8,,A,118,[1.6],X-ray,2000-04-26T00:00:00Z,
1ELR,B,XMEEVD,6,['ACE'],A,131,[1.9],X-ray,2000-04-26T00:00:00Z,
1EJH,E,KQYDREFLLDFQFMPA,16,,A,190,[2.2],X-ray,2000-03-10T00:00:00Z,
1EG4,P,KNMTPYRSPPPYVPP,15,,A,261,[2.0],X-ray,2000-08-23T00:00:00Z,
1EEO,B,XELEFYMDYEX,11,"['ACE', 'NH2', 'PTR']",A,321,[1.8],X-ray,2001-02-01T00:00:00Z,
1EEN,B,ADFYLIP,7,"['PBF', 'PTR']",A,321,[1.9],X-ray,2001-02-01T00:00:00Z,
1JK4,B,CYFQNCPKG,9,,A,89,[2.3],X-ray,2003-02-04T00:00:00Z,
1JLU,S,TTYADFIASGRTGRRASIHD,20,['SEP'],E,350,[2.25],X-ray,2001-08-01T00:00:00Z,
1JPL,E,FHDDSDEDLLHI,12,,A,171,[2.4],X-ray,2002-02-27T00:00:00Z,
1JQ9,P,FLSYK,5,,A,121,[1.8],X-ray,2002-11-06T00:00:00Z,
1JRR,P,XTEAAAGTGGVMTGR,15,['ACE'],A,382,[1.6],X-ray,2001-09-26T00:00:00Z,
1JUQ,E,EESEERDDHLLPM,13,,A,171,[2.2],X-ray,2002-02-27T00:00:00Z,
1JWG,C,SFHDDSDEDLLHI,13,,A,147,[2.0],X-ray,2002-03-06T00:00:00Z,
1JYR,L,APSYVNVQN,9,['PTR'],A,96,[1.55],X-ray,2002-03-13T00:00:00Z,
1K78,D,AAGGCCACTGGAGCCCATCTCCGGCAC,27,,A,149,[2.25],X-ray,2002-01-04T00:00:00Z,
1K7L,B,HSSLTERHKILHRLLQEGSPS,21,,A,288,[2.5],X-ray,2001-12-05T00:00:00Z,
1KC2,B,PQYEEIPI,8,['PTR'],A,103,[2.1],X-ray,2002-04-17T00:00:00Z,
1KHP,I,XLFGX,5,"['0HQ', 'PHQ']",A,212,[2.0],X-ray,2003-09-09T00:00:00Z,
1KJ7,P,PATIMMQRGN,10,,A,99,[2.0],X-ray,2002-03-06T00:00:00Z,
1KJF,P,RPGNFLQSRP,10,,A,99,[2.0],X-ray,2002-03-06T00:00:00Z,
1KJG,P,GAETFYVDGA,10,,A,99,[2.0],X-ray,2002-03-06T00:00:00Z,
1KL3,E,NWSHPQFEK,9,,A,127,[1.7],X-ray,2002-04-03T00:00:00Z,
1KNE,P,ARTKQTARKSTGGKAY,16,['M3L'],A,69,[2.4],X-ray,2002-03-20T00:00:00Z,
1KU8,B,NEQSGISQTVIVGPWGAK,18,,A,133,[1.75],X-ray,2002-06-19T00:00:00Z,
1KUJ,B,NEQSGISQTVIVGPWGAK,18,,A,133,[2.0],X-ray,2002-06-19T00:00:00Z,
1KY7,P,SFFEDNFVPE,10,,A,247,[2.15],X-ray,2002-06-12T00:00:00Z,
1KYD,P,GSDPWK,6,,A,247,[2.0],X-ray,2002-06-12T00:00:00Z,
1KYU,P,GSDPFK,6,,A,247,[1.8],X-ray,2002-06-12T00:00:00Z,
1L3R,I,TTYADFIASGRTGRRASIHD,20,,E,350,[2.0],X-ray,2002-03-20T00:00:00Z,
1L7Z,B,GGKLSKKKK,9,,A,148,[2.3],X-ray,2003-09-16T00:00:00Z,
1LB6,B,KQEPQEIDF,9,,A,160,[1.8],X-ray,2002-07-31T00:00:00Z,
1LCJ,B,EPQYEEIPIYL,11,['PTR'],A,109,[1.8],X-ray,1995-10-15T00:00:00Z,
1LCK,B,EGQYQPQPA,9,['PTR'],A,175,[2.5],X-ray,1995-10-15T00:00:00Z,
1LEW,B,RKPDLRVVIPPS,12,,A,360,[2.3],X-ray,2002-07-10T00:00:00Z,
1LEZ,B,SKGKSKRKKDLRISCNSK,18,,A,360,[2.3],X-ray,2002-07-10T00:00:00Z,
1LF8,E,FHDDSDEDLLHI,12,['SEP'],A,171,[2.3],X-ray,2002-06-26T00:00:00Z,
1LJ2,C,APKRERKTIRIRDPNQGGKDITEEIMSG,28,,A,110,[2.38],X-ray,2002-07-05T00:00:00Z,
1LKL,B,XYEEG,5,"['ACE', 'PTR']",A,104,[1.8],X-ray,1996-03-08T00:00:00Z,
1LMW,A,KPSSPPEELKFQCGQKTLRPRFK,23,,B,253,[2.5],X-ray,1996-01-29T00:00:00Z,
1LOP,B,XAPAX,5,"['NIT', 'SIN']",A,164,[1.8],X-ray,1996-12-23T00:00:00Z,
1LVB,C,TENLYFQSGT,10,,A,243,[2.2],X-ray,2002-11-27T00:00:00Z,
1M1D,B,ARTKQTARKSTGGKAPRKQL,20,['LYX'],A,163,[2.2],X-ray,2002-10-30T00:00:00Z,
1M26,B,SGISQTVIVGPWGAKSA,17,,A,133,[1.62],X-ray,2002-10-12T00:00:00Z,
1M2Z,B,PVSPKKKENALLRYLLDKDDT,21,,A,257,[2.5],X-ray,2003-07-15T00:00:00Z,
1M43,C,XVVXAX,6,"['IVA', 'STA']",A,331,[2.4],X-ray,2002-07-24T00:00:00Z,
1M45,B,QISQAIKYLQNNIKGFIIRQRVNDE,25,,A,148,[1.65],X-ray,2003-02-11T00:00:00Z,
1M72,D,XDEVDX,6,"['0QE', 'ACE']",A,272,[2.3],X-ray,2004-01-20T00:00:00Z,
1M7E,D,NGYENPTYK,9,,A,160,[2.45],X-ray,2003-08-05T00:00:00Z,
1MA3,B,KKGQSTSRHKKLMFKTEG,18,['ALY'],A,253,[2.0],X-ray,2002-10-16T00:00:00Z,
1MCT,I,RICPRIWMECTRDSDCMAKCICVAGHCG,28,,A,223,[1.6],X-ray,1994-01-31T00:00:00Z,
1MCV,I,PCTLEYMRCKQDSDCLAGCVCGPNGFCG,28,,A,240,[1.8],X-ray,2003-02-04T00:00:00Z,
1MF4,B,VAFRS,5,,A,119,[1.9],X-ray,2003-09-30T00:00:00Z,
1MFG,B,EYLGLDVPV,9,,A,95,[1.25],X-ray,2003-01-21T00:00:00Z,
1MFL,B,EYLGLDVPV,9,['PTR'],A,95,[1.88],X-ray,2003-01-21T00:00:00Z,
1MIZ,A,GSHAWDTAN,9,,B,201,[1.9],X-ray,2003-01-28T00:00:00Z,
1MK7,A,GSHMWDTANNPLYKE,15,,B,192,[2.2],X-ray,2003-01-28T00:00:00Z,
1MT8,P,KARVLAEAMS,10,,A,99,[2.15],X-ray,2003-01-07T00:00:00Z,
1MT9,P,RPGNFLQSRP,10,,A,99,[2.0],X-ray,2003-01-07T00:00:00Z,
1MV9,B,KHKILHRLLQDSS,13,,A,240,[1.9],X-ray,2002-10-16T00:00:00Z,
1MVC,B,KHKILHRLLQDSS,13,,A,240,[1.9],X-ray,2002-10-16T00:00:00Z,
1MXE,E,IKKNFAKSKWKQAFNATAVVRHMRK,25,,A,148,[1.7],X-ray,2002-12-04T00:00:00Z,
1N12,B,SDVAFRGNLLD,11,,A,138,[1.87],X-ray,2002-12-11T00:00:00Z,
1N4H,B,RHKILHRLLQEGSPS,15,,A,259,[2.1],X-ray,2003-09-23T00:00:00Z,
1N4M,C,DDYLWGLEAGEGISDLFD,18,,A,345,[2.2],X-ray,2003-01-07T00:00:00Z,
1N51,B,XPPAX,5,"['01B', 'NH2']",A,440,[2.3],X-ray,2003-12-16T00:00:00Z,
1N6J,C,AGCTATTTATAAGC,14,,A,93,[2.2],X-ray,2003-11-11T00:00:00Z,
1NH0,I,XFEEX,5,"['KI2', 'NH2']",A,99,[1.03],X-ray,2004-04-13T00:00:00Z,
1NIW,B,RKKTFKEVANAVKISASLMG,20,,A,148,[2.05],X-ray,2003-02-18T00:00:00Z,
1NJT,E,XVDNAX,6,"['ACE', 'CFT', 'DMH', 'DMK']",A,256,[2.5],X-ray,2003-02-11T00:00:00Z,
1NM6,B,DFEEIPEEYLA,11,['TYS'],A,287,[1.8],X-ray,2003-09-02T00:00:00Z,
1NOP,D,AGAGTT,6,,A,485,[2.3],X-ray,2003-03-11T00:00:00Z,
1NT1,H,DFEEIPEAYLA,11,['TYS'],A,287,[2.0],X-ray,2003-09-02T00:00:00Z,
1NVR,B,ASVSA,5,,A,289,[1.8],X-ray,2003-04-08T00:00:00Z,
1NVQ,B,ASVSA,5,,A,289,[2.0],X-ray,2003-04-08T00:00:00Z,
1NU2,B,NFDNPVYRKT,10,,A,152,[1.9],X-ray,2003-04-15T00:00:00Z,
1NTV,B,NFDNPVYRKT,10,,A,152,[1.5],X-ray,2003-04-15T00:00:00Z,
1NRL,C,CPSSHSSLTERHKILHRLLQEGSPS,25,,A,316,[2.0],X-ray,2003-08-19T00:00:00Z,
1NQ7,B,HKILHRLLQE,10,,A,244,[1.5],X-ray,2003-09-23T00:00:00Z,
1NLW,F,GAGTAGCACGTGCTACTC,18,,A,80,[2.0],X-ray,2003-02-04T00:00:00Z,
1NLN,B,GVQSLKRRRCF,11,,A,204,[1.6],X-ray,2003-08-26T00:00:00Z,
1NKP,F,CGAGTAGCACGTGCTACTC,19,,A,88,[1.8],X-ray,2003-02-04T00:00:00Z,
1N7F,C,ATVRTYSC,8,,A,97,[1.8],X-ray,2003-08-12T00:00:00Z,
1MZN,B,KHKILHRLLQDSS,13,,A,240,[1.9],X-ray,2002-10-23T00:00:00Z,
1MT7,P,VSQNYPIVQN,10,,A,99,[1.9],X-ray,2003-01-07T00:00:00Z,
1MNM,E,GATTACCTAATAGGGAAATTTACACG,26,,A,100,[2.25],X-ray,1998-03-18T00:00:00Z,
1MIK,B,ALLVTAGLVLA,11,"['AA4', 'BMT', 'DAL', 'MLE', 'MVA', 'SAR']",A,165,[1.76],X-ray,1996-03-08T00:00:00Z,
1M4H,C,ELDXVEF,7,['1OL'],A,391,[2.1],X-ray,2002-08-28T00:00:00Z,
1M46,B,SVLRTITNLQKKIRKELKQRQLKQE,25,,A,148,[2.103],X-ray,2002-11-27T00:00:00Z,
1LKK,B,XYEEI,5,"['ACE', 'PTR']",A,105,[1.0],X-ray,1996-03-08T00:00:00Z,
1LE8,C,ACATGTAAAAATTTACATCA,20,,A,53,[2.3],X-ray,2002-05-03T00:00:00Z,
1LB5,B,QMPTEDEY,8,,A,160,[2.4],X-ray,2002-07-31T00:00:00Z,
1L6O,D,SLKLMTTV,8,,A,95,[2.2],X-ray,2003-06-03T00:00:00Z,
1L2I,C,KHKILHRLLQDSS,13,,A,261,[1.95],X-ray,2002-05-01T00:00:00Z,
1KYF,P,GSDPFK,6,,A,247,[1.22],X-ray,2002-06-12T00:00:00Z,
1KY6,P,FSDPWGG,7,,A,247,[2.0],X-ray,2002-06-12T00:00:00Z,
1KNA,P,ARTKQTARKSTGGKAY,16,['MLY'],A,69,[2.1],X-ray,2002-03-20T00:00:00Z,
1KL5,E,NWSHPQFEK,9,,A,127,[1.8],X-ray,2002-04-03T00:00:00Z,
1KJH,P,IRKILFLDGI,10,,A,99,[2.0],X-ray,2002-03-06T00:00:00Z,
1KHQ,I,XLFGX,5,"['0HQ', 'PHQ']",A,212,[1.6],X-ray,2003-09-09T00:00:00Z,
1K4W,B,RHKILHRLLQEGSPS,15,,A,252,[1.9],X-ray,2002-04-09T00:00:00Z,
1K3A,B,KKKSPGEYVNIEFG,14,,A,299,[2.1],X-ray,2001-11-28T00:00:00Z,
1JXP,C,KGSVVIVGRIILSGRK,16,,A,186,[2.2],X-ray,1998-01-14T00:00:00Z,
1JOT,B,GRNGKSQSIIVGPWGDRVTN,20,,A,133,[2.2],X-ray,1998-12-30T00:00:00Z,
1JMT,B,KKKVRKYWDVPPPGFEHITPMQYKAMQA,28,,A,104,[2.2],X-ray,2001-09-19T00:00:00Z,
1JG3,C,VYPDHA,6,['IAS'],A,235,[2.1],X-ray,2001-11-16T00:00:00Z,
1JEY,C,GTTTTTAGTTTATTGGGCGCG,21,,A,609,[2.5],X-ray,2001-08-10T00:00:00Z,
1NZV,C,PQYIYVPA,8,['PTR'],A,103,[2.1],X-ray,2003-04-22T00:00:00Z,
1O3P,A,KPSSPPEELKFQCGQKTLRPRFK,23,,B,253,[1.81],X-ray,2003-09-02T00:00:00Z,
1O5B,A,KPSSPPEELKFQCGQKTLRPRFK,23,,B,253,[1.85],X-ray,2004-09-21T00:00:00Z,
1O5C,A,KPSSPPEELKFQCGQKTLRPRFK,23,,B,253,[1.63],X-ray,2004-09-21T00:00:00Z,
1O6K,C,GRPRTTSFAE,10,,A,336,[1.7],X-ray,2002-11-19T00:00:00Z,
1O6L,C,GRPRTTSFAE,10,,A,337,[1.6],X-ray,2002-11-19T00:00:00Z,
1O9D,P,QSYTV,5,['TPO'],A,260,[2.3],X-ray,2003-03-06T00:00:00Z,
1O9S,K,ARTKQTARKY,10,['MLZ'],A,259,[1.75],X-ray,2003-02-06T00:00:00Z,
1O9U,B,VEPQKFAEELIHRLEAVQ,18,,A,350,[2.4],X-ray,2003-08-15T00:00:00Z,
1OAI,B,DSGFSFGSK,9,,A,59,[1.0],X-ray,2003-02-20T00:00:00Z,
1OBY,P,TNEFYA,6,,A,79,[1.85],X-ray,2003-07-11T00:00:00Z,
1OBZ,P,ETLEDSVF,8,,A,166,[1.7],X-ray,2003-07-11T00:00:00Z,
1OEX,B,XHPFAXIH,8,"['BOC', 'LOV']",A,330,[1.1],X-ray,2003-04-02T00:00:00Z,
1OQN,C,NGYENPTYK,9,,A,159,[2.3],X-ray,2003-08-05T00:00:00Z,
1OR8,B,GGRGGFGGRGGFGGRGGFG,19,,A,340,[2.35],X-ray,2003-08-26T00:00:00Z,
1OSV,C,ENALLRYLLDKD,12,,A,230,[2.5],X-ray,2004-03-23T00:00:00Z,
1OW6,D,ATRELDELMASLS,13,,A,161,[2.35],X-ray,2003-10-21T00:00:00Z,
1OX1,B,SCTRSIPPQCY,11,,A,223,[2.0],X-ray,2004-05-18T00:00:00Z,
1OXG,B,IVNGEEAVPGSWPW,14,,A,245,[2.2],X-ray,2004-05-18T00:00:00Z,
1OXQ,F,AVPIAQKSE,9,,A,140,[2.3],X-ray,2003-08-26T00:00:00Z,
1P05,P,XAAPL,5,"['BNO', 'MSU']",A,198,[2.1],X-ray,1990-04-15T00:00:00Z,
1P06,P,XAAPF,5,"['B2F', 'MSU']",A,198,[2.34],X-ray,1990-04-15T00:00:00Z,
1P10,P,XAAPV,5,"['B2V', 'MSU']",A,198,[2.25],X-ray,1990-04-15T00:00:00Z,
1P4U,B,DESDFGPLVGADS,13,,A,153,[2.2],X-ray,2003-07-29T00:00:00Z,
1P7V,B,PAPFAAA,7,,A,279,[1.08],X-ray,2004-05-18T00:00:00Z,
1P7W,B,PAPFASA,7,,A,279,[1.02],X-ray,2004-05-18T00:00:00Z,
1P9U,G,XVNSTLQX,8,"['0QE', 'PHQ']",A,302,[2.37],X-ray,2003-05-20T00:00:00Z,
1PCX,B,LASLESQS,8,,A,810,[2.5],X-ray,2003-08-19T00:00:00Z,
1PDQ,B,APRKQLATKAARKSAPST,18,['M3L'],A,72,[1.76],X-ray,2003-08-26T00:00:00Z,
1PFB,B,LATKAARKSAP,11,['M3L'],A,55,[1.4],X-ray,2003-10-07T00:00:00Z,
1PH3,G,GGGGTTTTGGGGT,13,,A,460,[2.3],X-ray,2003-06-17T00:00:00Z,
1PH4,D,GGGGTTTTGGCG,12,,B,216,[2.3],X-ray,2003-06-17T00:00:00Z,
1PH5,G,GGGGTTTTGGGGT,13,,A,459,[2.3],X-ray,2003-06-17T00:00:00Z,
1PH6,G,GGGGTTTTGGGGT,13,,A,461,[2.1],X-ray,2003-06-17T00:00:00Z,
1PH9,G,GGGGTTTTGGGGT,13,,A,460,[2.5],X-ray,2003-06-17T00:00:00Z,
1PHJ,G,GGGGTTTTGGGGT,13,,A,461,[2.5],X-ray,2003-06-17T00:00:00Z,
1PIP,B,QVVAAX,6,"['NIT', 'ZKO']",A,212,[1.7],X-ray,1993-10-31T00:00:00Z,
1PJ8,I,PAPFPAX,7,['NH2'],A,279,[2.2],X-ray,2003-06-17T00:00:00Z,
1PJN,A,RKKRKTEEESPLKDKAKKSKG,21,,B,460,[2.5],X-ray,2003-08-19T00:00:00Z,
1PJP,I,AAPFX,5,"['0QE', 'HPH', 'X5P']",A,226,[2.2],X-ray,1999-03-02T00:00:00Z,
1PPE,I,RVCPRILMECKKDSDCLAECVCLEHGYCG,29,,E,223,[2.0],X-ray,1994-01-31T00:00:00Z,
1PPG,I,XAAPVX,6,"['0QE', 'HMB', 'VAI']",E,218,[2.3],X-ray,1994-01-31T00:00:00Z,
1PU9,B,QTARKSTGGKAPRKQLASK,19,,A,163,[2.3],X-ray,2003-09-23T00:00:00Z,
1PUF,D,ACTCTATGATTTACGACGCT,20,,A,77,[1.9],X-ray,2003-09-02T00:00:00Z,
1PXD,B,DEQSGISQTVIVGPWGAKVS,20,,A,133,[1.8],X-ray,2004-02-03T00:00:00Z,
1PZL,B,HKILHRLLQEGSPS,14,,A,237,[2.1],X-ray,2004-06-01T00:00:00Z,
1Q1S,A,PGSDDEAAADAQHAAPPKKKRKVE,24,['SEP'],C,466,[2.3],X-ray,2004-03-30T00:00:00Z,
1Q1T,A,PGSDDEAAADAQHAAPPKKKRKVEY,25,,C,466,[2.5],X-ray,2004-03-30T00:00:00Z,
1Q3L,P,ARTKQTARKSTGGKAY,16,['MLZ'],A,69,[1.64],X-ray,2004-10-12T00:00:00Z,
1Q4K,D,MQSTPL,6,['TPO'],A,259,[2.3],X-ray,2003-11-11T00:00:00Z,
1Q4Q,K,SRPPFISLNERR,12,,A,124,[2.1],X-ray,2003-11-04T00:00:00Z,
1Q61,I,TTYADFIASGRTGRRNAIHD,20,,A,350,[2.1],X-ray,2003-09-30T00:00:00Z,
1Q8T,B,TTYADFIASGRTGRRNAIHD,20,,A,350,[2.0],X-ray,2003-12-16T00:00:00Z,
1QIX,A,YPFVEPI,7,,B,240,[1.9],X-ray,1999-12-14T00:00:00Z,
1QJB,Q,ARSHSYPA,8,['SEP'],A,245,[2.0],X-ray,1999-09-15T00:00:00Z,
1QLS,D,XAMVSAFLKQAW,12,['ACE'],A,99,[2.3],X-ray,2000-02-25T00:00:00Z,
1QNG,D,ALLVTAGLVLA,11,"['ABA', 'BMT', 'DAL', 'MLE', 'MVA', 'SAR']",A,170,[2.1],X-ray,2000-10-13T00:00:00Z,
1QS7,B,RRKWQKTGHAVRAIGRLSSSX,21,"['NH2', 'TRF']",A,145,[1.8],X-ray,2003-06-24T00:00:00Z,
1QS8,C,XVVXAX,6,"['IVA', 'STA']",A,329,[2.5],X-ray,1999-07-07T00:00:00Z,
1QSN,B,KSTGGKAPRKQ,11,,A,162,[2.2],X-ray,1999-09-08T00:00:00Z,
1QSC,D,XYPIQET,7,['ACE'],A,191,[2.4],X-ray,1999-08-01T00:00:00Z,
1QR3,I,XRTTEFYV,8,"['ALQ', 'CIR', 'DBU', 'GLJ', 'TYJ']",E,240,[1.6],X-ray,2000-06-21T00:00:00Z,
1QNH,C,ALLVTAGLVLA,11,"['ABA', 'BMT', 'DAL', 'MLE', 'MVA', 'SAR']",A,170,[2.1],X-ray,2000-10-13T00:00:00Z,
1QJA,Q,RLYHSLPA,8,['SEP'],A,245,[2.0],X-ray,1999-09-15T00:00:00Z,
1QGR,B,RRRRIEVNVELRKAKKDDQMLKRRNVS,27,,A,876,[2.3],X-ray,1999-05-24T00:00:00Z,
1QD6,A,AVRGSIIANMLQE,13,,C,240,[2.1],X-ray,1999-10-25T00:00:00Z,
1Q8W,B,TTYADFIASGRTGRRNAIHD,20,,A,350,[2.2],X-ray,2003-12-16T00:00:00Z,
1Q8U,B,TTYADFIASGRTGRRNAIHD,20,,A,350,[1.9],X-ray,2003-12-16T00:00:00Z,
1Q62,I,TTYADFIASGRTGRRNAIHD,20,,A,350,[2.3],X-ray,2003-09-30T00:00:00Z,
1Q3P,C,EAQTRL,6,,A,109,[2.25],X-ray,2004-01-27T00:00:00Z,
1Q2D,B,NTSSSPQPKKKPLDGEYFT,19,,A,162,[2.25],X-ray,2004-08-03T00:00:00Z,
1Q2C,B,SGRGKGGKGLGKGGAKRHR,19,,A,162,[2.25],X-ray,2004-08-03T00:00:00Z,
1Q1A,B,KGGAKRHRKI,10,['ALY'],A,289,[1.5],X-ray,2003-11-18T00:00:00Z,
1PUA,B,QTARKSTGGKAPRKQLASK,19,['SEP'],A,163,[2.3],X-ray,2003-09-23T00:00:00Z,
1PTS,P,FSHPQNT,7,,A,121,[2.0],X-ray,1994-01-31T00:00:00Z,
1PSO,I,XVVXAX,6,"['IVA', 'STA']",E,326,[2.0],X-ray,1995-04-20T00:00:00Z,
1PJM,A,CGKRSAEGSNPPKPLKKLRG,20,,B,460,[2.5],X-ray,2003-08-19T00:00:00Z,
1PH8,G,GGGGTTTTGGGGT,13,,A,460,[2.36],X-ray,2003-06-17T00:00:00Z,
1PFG,B,XPAPFAAAAX,10,"['ACE', 'NH2']",A,279,[2.5],X-ray,2003-06-10T00:00:00Z,
1PA6,D,GGGGTTTTGAGG,12,,A,460,[2.45],X-ray,2003-06-10T00:00:00Z,
1P4N,B,AEKAA,5,"['DAL', 'FGA', 'UMA']",A,335,[1.9],X-ray,2004-02-10T00:00:00Z,
1P13,C,CDYANFK,7,['PTR'],A,102,[1.63],X-ray,2003-08-19T00:00:00Z,
1P12,I,XAAPXXA,7,"['BOC', 'LAC', 'PVA']",E,198,[1.9],X-ray,1993-01-15T00:00:00Z,
1P03,P,XAAPV,5,"['B2V', 'MSU']",A,198,[2.15],X-ray,1990-04-15T00:00:00Z,
1P02,P,XAAPA,5,"['B2A', 'MSU']",A,198,[2.0],X-ray,1990-04-15T00:00:00Z,
1OXN,F,AEAVPWKSE,9,,A,140,[2.2],X-ray,2003-08-26T00:00:00Z,
1OWG,D,GGCCAAAAAAGCATT,15,,A,99,[2.1],X-ray,2003-07-15T00:00:00Z,
1OWF,D,GGCCAAAAAAGCATT,15,,A,99,[1.95],X-ray,2003-07-15T00:00:00Z,
1OV3,C,KQPPSNPPPRPPAEARKK,18,,A,138,[1.8],X-ray,2003-05-20T00:00:00Z,
1OUZ,D,GGCCAAAAAAGCATT,15,,A,99,[2.41],X-ray,2003-07-15T00:00:00Z,
1OU8,C,GRHGAANDENY,11,,A,111,[1.6],X-ray,2003-09-23T00:00:00Z,
1OM9,P,DDDDFGGFEAAETFD,15,,A,154,[2.5],X-ray,2003-07-29T00:00:00Z,
1OK7,C,VTLLDPQMERQLVLGL,16,,A,366,[1.65],X-ray,2004-07-15T00:00:00Z,
1OJ5,B,LPPTEQDLTKLLLE,14,,A,132,[2.21],X-ray,2004-02-12T00:00:00Z,
1OEB,C,PAPSIDRSTKPPL,13,,A,62,[1.76],X-ray,2003-04-02T00:00:00Z,
1OBX,B,ETLEDSVF,8,,A,79,[1.35],X-ray,2003-07-10T00:00:00Z,
1O5A,A,KPSSPPEELKFQCGQKTLRPRFK,23,,B,253,[1.68],X-ray,2004-09-21T00:00:00Z,
1NZL,C,PQYEYIPA,8,['PTR'],A,103,[1.9],X-ray,2003-04-22T00:00:00Z,
1NX1,C,DAIDALSSDFT,11,,A,173,[2.0],X-ray,2003-08-19T00:00:00Z,
1NVS,B,ASVSA,5,,A,289,[1.8],X-ray,2003-04-08T00:00:00Z,
1QZ0,C,DADEYLX,7,"['FTY', 'NH2']",A,306,[1.5],X-ray,2003-11-25T00:00:00Z,
1R0O,C,CCGAGGTCAATGACCTCG,18,,A,86,[2.24],X-ray,2003-10-21T00:00:00Z,
1R1P,E,XDDYVNV,7,"['ACE', 'PTR']",A,100,[1.8],X-ray,2004-09-28T00:00:00Z,
1R2B,C,GSLVATVKEAGRSIHEIPR,19,,A,127,[2.2],X-ray,2003-12-23T00:00:00Z,
1R64,C,XREKR,5,"['ACE', 'BOR']",A,481,[2.2],X-ray,2004-03-09T00:00:00Z,
1R9N,E,YPSKPDNPGE,10,,A,739,[2.3],X-ray,2005-03-29T00:00:00Z,
1RBC,S,KETAAAKFERQHADSX,16,['NH2'],A,104,[2.0],X-ray,1993-10-31T00:00:00Z,
1RBD,S,KETAAAKFERQHADSX,16,"['ABA', 'NH2']",A,104,[1.7],X-ray,1993-10-31T00:00:00Z,
1RBE,S,KETAAAKFERQHFDSX,16,['NH2'],A,104,[1.75],X-ray,1993-10-31T00:00:00Z,
1RBF,S,KETAAAKFERQHGDSX,16,['NH2'],A,104,[1.8],X-ray,1993-10-31T00:00:00Z,
1RBG,S,KETAAAKFERQHIDSX,16,['NH2'],A,104,[1.8],X-ray,1993-10-31T00:00:00Z,
1RBH,S,KETAAAKFERQHLDSX,16,['NH2'],A,104,[1.7],X-ray,1993-10-31T00:00:00Z,
1RBI,S,KETAAAKFERQHVDSX,16,['NH2'],A,104,[1.8],X-ray,1993-10-31T00:00:00Z,
1RJK,C,KNHPMLMNLLKDN,13,,A,292,[1.99],X-ray,2004-04-13T00:00:00Z,
1RK3,C,KNHPMLMNLLKDN,13,,A,292,[2.2],X-ray,2004-04-13T00:00:00Z,
1RKH,C,KNHPMLMNLLKDN,13,,A,292,[2.28],X-ray,2004-04-13T00:00:00Z,
1RMH,C,XAAPFX,6,"['NIT', 'SIN']",A,164,[2.4],X-ray,1996-10-14T00:00:00Z,
1RRV,C,XXNGGYX,7,"['3FG', 'GHP', 'MLU', 'OMY', 'OMZ']",A,416,[2.0],X-ray,2004-05-18T00:00:00Z,
1RSU,P,SNWSHPQFEK,10,,B,127,[1.7],X-ray,1997-05-15T00:00:00Z,
1RZX,B,XVKESLV,7,['ACE'],A,98,[2.1],X-ray,2004-01-27T00:00:00Z,
1S5P,B,KGGAKRHR,8,['ALY'],A,235,[1.96],X-ray,2004-03-23T00:00:00Z,
1S6C,B,MAAGVAAWLPFARAAAIGWMPVASGPMPAP,30,,A,183,[2.0],X-ray,2004-02-24T00:00:00Z,
1SDZ,B,AVAFYIPDQA,10,,A,116,[1.78],X-ray,2004-04-27T00:00:00Z,
1SE0,B,AIAYFIPDQA,10,,A,116,[1.75],X-ray,2004-04-27T00:00:00Z,
1SEM,C,XPPPVPPRRR,10,['ACE'],A,58,[2.0],X-ray,1995-07-10T00:00:00Z,
1SFI,I,GRCTKSIPPICFPD,14,,A,223,[1.65],X-ray,1999-07-09T00:00:00Z,
1SHB,B,YLRVA,5,['PTR'],A,104,[2.0],X-ray,1993-10-31T00:00:00Z,
1SHD,B,XYEEIE,6,"['ACE', 'PTR']",A,107,[2.0],X-ray,1995-01-26T00:00:00Z,
1SKG,B,VAFRS,5,,A,121,[1.21],X-ray,2004-04-27T00:00:00Z,
1SKS,T,CCCTAGGCACTGGCCGTCGTTTTCG,25,['TTD'],A,698,[2.3],X-ray,2004-07-06T00:00:00Z,
1SKW,P,CGAAAACGACGGCCAGTGCCT,21,['2DT'],A,698,[2.3],X-ray,2004-07-06T00:00:00Z,
1SL2,T,CCCTAGGCACTGGCCGTCGTTTTCG,25,['TTD'],B,108,[2.3],X-ray,2004-07-06T00:00:00Z,
1SLD,P,XCHPQFCX,8,"['ACE', 'NH2']",B,135,[2.5],X-ray,1996-04-03T00:00:00Z,
1SOZ,D,DNRLGLVYQF,10,,A,314,[2.4],X-ray,2004-06-08T00:00:00Z,
1SQK,B,DLPKVAENLKSQLEGFNQDKLKNAS,25,,A,377,[2.5],X-ray,2004-06-15T00:00:00Z,
1SQZ,B,XIARS,5,['PHQ'],A,121,[1.2],X-ray,2004-04-13T00:00:00Z,
1SRN,B,EGNPYVPVHFDASV,14,,A,118,[1.8],X-ray,1990-10-15T00:00:00Z,
1SSB,B,EGSPYVPVHYDASV,14,,A,118,[2.0],X-ray,1994-09-30T00:00:00Z,
1SSC,B,PYVPVHFDASV,11,,A,112,[2.0],X-ray,1995-01-26T00:00:00Z,
1STC,I,TTYADFIASGRTGRRNAIHD,20,,E,350,[2.3],X-ray,1998-02-25T00:00:00Z,
1STS,M,FCHPQNTX,8,['NH2'],B,123,[1.95],X-ray,1996-03-08T00:00:00Z,
1SVE,B,TTYADFIASGRTGRRNAIHD,20,,A,350,[2.49],X-ray,2005-03-29T00:00:00Z,
1SVG,B,TTYADFIASGRTGRRNAIHD,20,,A,350,[2.02],X-ray,2005-03-29T00:00:00Z,
1SVH,B,TTYADFIASGRTGRRNAIHD,20,,A,350,[2.3],X-ray,2005-03-29T00:00:00Z,
1SVZ,C,PQFSLWKR,8,,A,247,[1.89],X-ray,2005-03-01T00:00:00Z,
1SYQ,B,PLLQAAKGLAGAVSELLRSAQPASA,25,,A,264,[2.42],X-ray,2004-07-20T00:00:00Z,
1SZA,Z,YSPTSPSYSPTSPS,14,['SEP'],A,144,[2.2],X-ray,2004-07-13T00:00:00Z,
1SZC,B,KGGAKRHRKI,10,['ALY'],A,297,[1.75],X-ray,2004-06-15T00:00:00Z,
1T01,B,GRPLLQAAKGLAGAVSELLRSAQP,24,,A,255,[2.06],X-ray,2004-08-24T00:00:00Z,
1T29,B,ISRSTSPTFNKQTK,14,['SEP'],A,214,[2.3],X-ray,2004-05-11T00:00:00Z,
1T3L,B,QQLEEDLRGYMSWITQGE,18,,A,337,[2.2],X-ray,2004-05-25T00:00:00Z,
1T5Z,B,RETSEKFKLLFQSYN,15,,A,251,[2.3],X-ray,2005-01-25T00:00:00Z,
1T63,B,KENALLRYLLDKDD,14,,A,251,[2.07],X-ray,2005-01-25T00:00:00Z,
1T65,B,KHKILHRLLQDSS,13,,A,251,[1.66],X-ray,2005-01-25T00:00:00Z,
1T73,B,SRFADFFRNEGLGSRSGSGK,20,,A,269,[2.2],X-ray,2004-08-31T00:00:00Z,
1T76,B,SRWAEVWDDNSKVSR,15,,A,269,[2.1],X-ray,2004-08-31T00:00:00Z,
1T79,B,SSKFAALWDPPKLSRSGSGK,20,,A,269,[1.8],X-ray,2004-08-31T00:00:00Z,
1T7D,C,SAGGAY,6,"['5PG', 'DAL', 'DSE']",A,250,[2.47],X-ray,2004-07-13T00:00:00Z,
1T7M,B,SSNTPRFKEYFMQSRSGSGK,20,,A,269,[1.6],X-ray,2004-08-31T00:00:00Z,
1TA6,B,DFEEIPEAYLA,11,['TYS'],A,287,[1.9],X-ray,2004-06-08T00:00:00Z,
1TDV,B,YWAAAA,6,,A,121,[1.7],X-ray,2004-06-08T00:00:00Z,
1TG1,C,XLVRY,5,['PHQ'],A,121,[1.25],X-ray,2004-06-08T00:00:00Z,
1TG4,I,FLAYK,5,,A,121,[1.7],X-ray,2004-06-08T00:00:00Z,
1TJK,I,FLSTK,5,,A,121,[1.25],X-ray,2004-06-15T00:00:00Z,
1TK2,B,VALFPVALFP,10,"['DPN', 'ORN']",A,269,[1.54],X-ray,2004-06-22T00:00:00Z,
1TK0,P,CGAAAACGACGGCCAGTGCCAG,22,['DDG'],A,698,[2.3],X-ray,2004-08-31T00:00:00Z,
1TFC,C,RHKILHRLLQEGSPS,15,,A,251,[2.4],X-ray,2004-07-27T00:00:00Z,
1TA2,B,DFEEIPEAYLA,11,['TYS'],A,287,[2.3],X-ray,2004-06-08T00:00:00Z,
1T7R,B,SSRFESLFAGEKESR,15,,A,269,[1.4],X-ray,2004-08-31T00:00:00Z,
1T7P,P,GCCAGTGCCAA,11,['2DA'],A,698,[2.2],X-ray,1998-02-25T00:00:00Z,
1T7F,B,SSRGLLWDLLTKDSRSGSGK,20,,A,269,[1.6],X-ray,2004-08-31T00:00:00Z,
1T74,B,SRWQALFDDGTDTSR,15,,A,269,[2.0],X-ray,2004-08-31T00:00:00Z,
1T4F,P,RFMDYWEGL,9,,M,110,[1.9],X-ray,2005-02-08T00:00:00Z,
1T2W,D,LPETG,5,,A,145,[1.8],X-ray,2004-09-07T00:00:00Z,
1T15,B,STSPTFNK,8,['SEP'],A,214,[1.85],X-ray,2004-05-11T00:00:00Z,
1SZD,B,KGGAKRHRKI,10,['ALY'],A,297,[1.5],X-ray,2004-06-15T00:00:00Z,
1STR,M,XCHPQNTX,8,"['ACE', 'NH2']",B,123,[1.8],X-ray,1996-03-08T00:00:00Z,
1SSH,B,EGPPPAMPARPT,12,,A,60,[1.4],X-ray,2005-04-12T00:00:00Z,
1SSA,B,EGSPYVPVHLDASV,14,,A,118,[2.0],X-ray,1994-09-30T00:00:00Z,
1SP5,I,YDQIL,5,,A,99,[1.8],X-ray,2005-07-19T00:00:00Z,
1SMR,B,XHPFHXYYS,9,"['LPL', 'PIV']",A,335,[2.0],X-ray,1994-01-31T00:00:00Z,
1SMH,B,TTYADFIASGRTGRRNAIHD,20,,A,350,[2.044],X-ray,2004-07-06T00:00:00Z,
1SMF,I,EPCCDSCRCTKSIPPECHCANI,22,,E,223,[2.1],X-ray,1994-07-31T00:00:00Z,
1SLG,M,FSHPQNT,7,,B,135,[1.76],X-ray,1996-04-03T00:00:00Z,
1SLE,M,XCHPQGPPCX,10,"['ACE', 'NH2']",B,135,[2.0],X-ray,1996-04-03T00:00:00Z,
1SL3,B,DFEEIPEEYLA,11,['TYS'],A,287,[1.81],X-ray,2004-08-03T00:00:00Z,
1SL1,P,CGAAAACGACGGCCAGTGCCTA,22,['2DA'],A,698,[2.2],X-ray,2004-07-06T00:00:00Z,
1SKR,P,CGAAAACGACGGCCAGTGCCAA,22,['2DA'],A,698,[2.4],X-ray,2004-07-06T00:00:00Z,
1SHA,B,YVPML,5,['PTR'],A,104,[1.5],X-ray,1993-10-31T00:00:00Z,
1SDX,E,LEACA,5,,A,335,[2.06],X-ray,2004-03-02T00:00:00Z,
1RXZ,B,KSTQATLERWF,11,,A,245,[2.0],X-ray,2004-01-27T00:00:00Z,
1RTF,A,SYQSTCGLRQYSQRQRR,17,,B,252,[2.3],X-ray,1997-01-11T00:00:00Z,
1RST,P,AWRHPQFGG,9,,B,127,[1.7],X-ray,1997-05-15T00:00:00Z,
1RKG,C,KNHPMLMNLLKDN,13,,A,292,[1.9],X-ray,2004-04-13T00:00:00Z,
1RIO,U,CGGTATCACCGCCAGTGCTTGACATGG,27,,H,73,[2.3],X-ray,2004-01-27T00:00:00Z,
1RDQ,I,TTYADFIASGRTGRRNAIHD,20,,E,350,[1.26],X-ray,2004-04-13T00:00:00Z,
1R1S,B,XPDYENL,7,"['ACE', 'PTR']",A,100,[1.9],X-ray,2004-09-28T00:00:00Z,
1R1Q,C,XREYVNV,7,"['ACE', 'PTR']",A,100,[1.8],X-ray,2004-09-28T00:00:00Z,
1R17,C,NEEGFFFSARGHRPLD,16,,A,343,[1.86],X-ray,2003-10-28T00:00:00Z,
1QTX,B,RRKWQKTGHAVRAIGRLSSSX,21,['NH2'],A,148,[1.65],X-ray,2003-06-24T00:00:00Z,
1TK5,P,CGAAAACGACGGCCAGTGCCAG,22,['DDG'],A,698,[2.2],X-ray,2004-08-31T00:00:00Z,
1TK8,T,CCCAGTGGCACTGGCCGTCGTTTTCG,26,['8OG'],A,698,[2.5],X-ray,2004-08-31T00:00:00Z,
1TKD,T,CCCAGTGGCACTGGCCGTCGTTTTCG,26,['8OG'],A,698,[2.49],X-ray,2004-08-31T00:00:00Z,
1TOQ,B,DENSGKSQTVIVGPWGAKVS,20,,A,133,[2.5],X-ray,2004-08-03T00:00:00Z,
1TP3,B,KKETPV,6,,A,119,[1.99],X-ray,2005-09-20T00:00:00Z,
1TP5,B,KKETWV,6,,A,119,[1.54],X-ray,2005-09-20T00:00:00Z,
1TPS,B,XLTRELXV,8,"['DLE', 'OSL', 'YNM']",A,223,[1.9],X-ray,1995-01-26T00:00:00Z,
1TSQ,P,RQVNFLGKIN,10,,A,99,[2.0],X-ray,2005-03-29T00:00:00Z,
1TSU,P,RQANFLGK,8,,A,99,[2.1],X-ray,2005-03-29T00:00:00Z,
1TW6,C,AVPIAQKSE,9,,A,133,[1.713],X-ray,2004-11-02T00:00:00Z,
1TWB,C,ACNDENYA,8,,A,110,[1.9],X-ray,2004-11-16T00:00:00Z,
1TZE,I,KPFYVNVX,8,"['NH2', 'PTR']",E,98,[2.1],X-ray,1997-07-07T00:00:00Z,
1U00,P,ELPPVKIHC,9,,A,227,[1.95],X-ray,2004-10-05T00:00:00Z,
1U3R,C,SGSHKLVQLLTTT,13,,A,241,[2.21],X-ray,2005-07-26T00:00:00Z,
1U3S,C,SGSHKLVQLLTTT,13,,A,240,[2.5],X-ray,2005-07-26T00:00:00Z,
1U7B,B,SRQGSTQGRLDDFFKVTGSL,20,,A,261,[1.88],X-ray,2004-12-14T00:00:00Z,
1U8G,I,XFEEX,5,"['KI2', 'NH2']",A,99,[2.201],X-ray,2004-11-02T00:00:00Z,
1U8T,E,MGDSILSQAEIDALLN,16,,A,128,[1.5],X-ray,2004-10-05T00:00:00Z,
1U9E,C,KLVQLLTTT,9,,A,241,[2.4],X-ray,2005-03-01T00:00:00Z,
1U9L,C,NRPILSL,7,,A,70,[1.9],X-ray,2004-08-31T00:00:00Z,
1UEF,C,STWIENKLYGMSD,13,['PTR'],A,127,[2.5],X-ray,2004-05-25T00:00:00Z,
1UGX,B,DEQSGISQTVIVGPWGAKVS,20,,A,133,[1.6],X-ray,2003-09-23T00:00:00Z,
1UHD,B,MTFEMLYSKIHRATITDANLNYIG,24,,A,96,[2.0],X-ray,2004-07-13T00:00:00Z,
1UHE,B,MTFEMLYSKIHRATITDANLNYIG,24,,A,97,[1.55],X-ray,2004-07-13T00:00:00Z,
1UJ0,B,TPMVNRENKPP,11,,A,62,[1.7],X-ray,2003-12-23T00:00:00Z,
1UJK,C,HDDFADDISLLK,12,['SEP'],A,147,[1.9],X-ray,2004-05-11T00:00:00Z,
1UK4,G,NSTLQX,6,['0QE'],A,306,[2.5],X-ray,2003-11-18T00:00:00Z,
1UKH,B,RPKRPTTLNLF,11,,A,369,[2.35],X-ray,2004-08-30T00:00:00Z,
1UMW,E,PMQSTPL,7,['TPO'],A,237,[1.9],X-ray,2003-10-16T00:00:00Z,
1UPK,B,NLEELEVDDWEF,12,,A,341,[1.85],X-ray,2004-01-22T00:00:00Z,
1URL,B,AGHTWGH,7,['HIA'],A,118,[2.4],X-ray,2004-10-20T00:00:00Z,
1UTC,P,TLPWDLWTT,9,,A,363,[2.3],X-ray,2004-02-25T00:00:00Z,
1UTI,D,GQPPLVPPRKEKMRGK,16,,A,58,[1.5],X-ray,2004-05-06T00:00:00Z,
1V1T,S,TNEYKV,6,,A,166,[1.8],X-ray,2005-06-14T00:00:00Z,
1V6D,B,PDALALA,7,['AIB'],A,223,[1.9],X-ray,2004-12-07T00:00:00Z,
1V9T,C,XAPAX,5,"['NIT', 'SIN']",A,166,[1.7],X-ray,2004-09-21T00:00:00Z,
1VAI,C,XAAPAX,6,"['ACE', 'MCM']",A,166,[1.8],X-ray,2004-09-21T00:00:00Z,
1VBS,B,AAPFX,5,"['DAL', 'NIT']",A,165,[2.0],X-ray,1999-01-13T00:00:00Z,
1VBT,C,AAPFX,5,"['ALT', 'NIT']",A,165,[2.3],X-ray,1999-01-13T00:00:00Z,
1VC3,A,MKRVMFHAKIHRATVTQADLHYVG,24,,B,96,[1.5],X-ray,2005-06-28T00:00:00Z,
1VDN,B,XAAPAX,6,"['ACE', 'MCM']",A,162,[1.6],X-ray,2005-06-28T00:00:00Z,
1VPP,X,RGWVEICAADDYGRCLTEAQ,20,,V,102,[1.9],X-ray,1999-02-23T00:00:00Z,
1VRK,B,RRKWQKTGHAVRAIGRLSSSX,21,"['NH2', 'TRF']",A,148,[1.9],X-ray,1999-04-27T00:00:00Z,
1VWA,M,FSHPQNT,7,,B,123,[1.85],X-ray,1998-03-18T00:00:00Z,
1VWB,P,XCHPQFCX,8,"['ACE', 'NH2']",B,123,[1.82],X-ray,1998-03-18T00:00:00Z,
1VWC,P,XCHPQFCX,8,"['ACE', 'NH2']",B,123,[1.86],X-ray,1998-03-18T00:00:00Z,
1VWD,P,XCHPQFCX,8,"['ACE', 'NH2']",B,123,[1.87],X-ray,1998-03-18T00:00:00Z,
1VWE,P,XCHPQFCX,8,"['ACE', 'NH2']",B,123,[1.5],X-ray,1998-03-18T00:00:00Z,
1VWF,P,XCHPQGPPCX,10,"['ACE', 'NH2']",B,123,[1.92],X-ray,1998-03-18T00:00:00Z,
1VWG,P,XCHPQGPPCX,10,"['ACE', 'NH2']",B,123,[1.46],X-ray,1998-03-18T00:00:00Z,
1VWH,P,XCHPQGPPCX,10,"['ACE', 'NH2']",B,123,[1.48],X-ray,1998-03-18T00:00:00Z,
1VWI,M,HPQGPPCKX,9,['NH2'],B,123,[1.5],X-ray,1998-03-18T00:00:00Z,
1VWJ,M,HPQGPPCKX,9,['NH2'],B,123,[1.45],X-ray,1998-03-18T00:00:00Z,
1VWK,M,HPQGPPCKX,9,['NH2'],B,123,[1.45],X-ray,1998-03-18T00:00:00Z,
1VWL,M,HPQGPPCKX,9,['NH2'],B,123,[1.45],X-ray,1998-03-18T00:00:00Z,
1VWM,P,XCHPQFCX,8,"['ACE', 'NH2']",B,123,[1.6],X-ray,1998-03-18T00:00:00Z,
1VWN,P,XCHPQFCX,8,"['ACE', 'NH2']",B,123,[1.85],X-ray,1998-03-18T00:00:00Z,
1VWO,P,XCHPQGPPCX,10,"['ACE', 'NH2']",B,123,[1.65],X-ray,1998-03-18T00:00:00Z,
1VWP,P,XCHPQGPPCX,10,"['ACE', 'NH2']",B,123,[1.75],X-ray,1998-03-18T00:00:00Z,
1VWQ,P,HPQGPPCKX,9,['NH2'],B,123,[1.7],X-ray,1998-03-18T00:00:00Z,
1VWR,P,HPQGPPCKX,9,['NH2'],B,123,[1.5],X-ray,1998-03-18T00:00:00Z,
1W3C,C,KGSVVIVGRIILSGRK,16,,A,187,[2.3],X-ray,2004-12-09T00:00:00Z,
1W70,C,XKPQPAVPPRPSAD,14,['ACE'],A,60,[1.46],X-ray,2005-01-18T00:00:00Z,
1W9E,R,TNEFYF,6,,A,166,[1.56],X-ray,2006-03-22T00:00:00Z,
1W9O,S,TNEYYV,6,,A,166,[2.25],X-ray,2006-03-22T00:00:00Z,
1W9Q,S,TNEFAF,6,,A,166,[1.7],X-ray,2006-03-22T00:00:00Z,
1W9U,C,RPSHX,5,"['0AR', 'DPR', 'HSE', 'UN1']",A,433,[1.85],X-ray,2004-11-17T00:00:00Z,
1W9V,C,XFDDA,5,"['DAL', 'IAS', 'MEA', 'VR0']",A,433,[2.0],X-ray,2005-01-10T00:00:00Z,
1WAW,B,RPSHX,5,"['0AR', 'DPR', 'HSE', 'UN1']",A,445,[1.75],X-ray,2005-01-28T00:00:00Z,
1WB0,B,XFDDA,5,"['DAL', 'IAS', 'MEA', 'VR0']",A,445,[1.65],X-ray,2005-01-28T00:00:00Z,
1WBP,B,RRRERSPTR,9,,A,397,[2.4],X-ray,2005-10-19T00:00:00Z,
1WKR,I,XVVXAX,6,"['IVA', 'STA']",A,340,[1.3],X-ray,2004-09-07T00:00:00Z,
1WKW,B,PGGTRIIYDRKFLMECRNSP,20,,A,191,[2.1],X-ray,2005-06-10T00:00:00Z,
1WRZ,B,RRRWKLSFSIVSLCNHLTR,19,,A,149,[2.0],X-ray,2006-03-21T00:00:00Z,
1X11,C,QNGYENPTYKFFE,13,,A,172,[2.5],X-ray,1998-01-14T00:00:00Z,
1X2R,B,LDEETGEFL,9,,A,316,[1.7],X-ray,2006-03-07T00:00:00Z,
1X76,C,SGSHKLVQLLTTT,13,,A,240,[2.2],X-ray,2005-03-01T00:00:00Z,
1X78,C,SGSHKLVQLLTTT,13,,A,240,[2.3],X-ray,2005-03-01T00:00:00Z,
1X7B,C,SGSHKLVQLLTTT,13,,A,240,[2.3],X-ray,2005-03-01T00:00:00Z,
1X7J,C,SGSHKLVQLLTTT,13,,A,240,[2.3],X-ray,2005-03-01T00:00:00Z,
1X7R,B,KHKILHRLLQDSS,13,,A,245,[2.0],X-ray,2005-03-01T00:00:00Z,
1X9M,C,GGAGAGTGATTGGTAGTGTGAT,22,['2DT'],A,698,[2.1],X-ray,2004-10-26T00:00:00Z,
1X9W,C,GGAGAGTGATTGGTAGTGTGAT,22,['2DT'],A,698,[2.3],X-ray,2004-10-26T00:00:00Z,
1XB0,G,AVPIAQK,7,,A,108,[2.2],X-ray,2004-11-02T00:00:00Z,
1XB7,P,RPASELLKYLTT,12,,A,247,[2.5],X-ray,2004-09-14T00:00:00Z,
1XDH,C,XVVXAX,6,"['IVA', 'STA']",A,331,[1.7],X-ray,2005-08-23T00:00:00Z,
1XH4,B,TTYADFIASGRTGRRNAIHD,20,,A,350,[2.45],X-ray,2005-09-17T00:00:00Z,
1XH5,B,TTYADFIASGRTGRRNAIHD,20,,A,350,[2.05],X-ray,2005-09-17T00:00:00Z,
1XH6,B,TTYADFIASGRTGRRNAIHD,20,,A,350,[1.9],X-ray,2005-09-17T00:00:00Z,
1XH7,B,TTYADFIASGRTGRRNAIHD,20,,A,350,[2.47],X-ray,2005-09-17T00:00:00Z,
1XH8,B,TTYADFIASGRTGRRNAIHD,20,,A,350,[1.6],X-ray,2005-09-17T00:00:00Z,
1XH9,B,TTYADFIASGRTGRRNAIHD,20,,A,350,[1.64],X-ray,2005-09-17T00:00:00Z,
1XHA,B,TTYADFIASGRTGRRNAIHD,20,,A,350,[2.46],X-ray,2005-09-17T00:00:00Z,
1XIU,E,RHKILHRLLQEGSPS,15,,A,230,[2.5],X-ray,2005-09-13T00:00:00Z,
1XM1,H,DFEEIPEEYL,10,['TYS'],A,295,[2.3],X-ray,2005-05-10T00:00:00Z,
1XN2,E,REWWSEVNXAEF,12,['1OL'],A,389,[1.9],X-ray,2005-03-22T00:00:00Z,
1XN3,I,KTEEISEVNXVAEF,14,['STA'],A,389,[2.0],X-ray,2005-03-22T00:00:00Z,
1XOC,B,VDSKNTSSW,9,,A,520,[1.55],X-ray,2005-01-25T00:00:00Z,
1XOW,B,RGAFQNLFQSV,11,,A,249,[1.8],X-ray,2004-11-16T00:00:00Z,
1XQ7,D,ALLVTAGLVLA,11,"['ABA', 'BMT', 'DAL', 'MLE', 'MVA', 'SAR']",A,166,[2.07],X-ray,2004-12-21T00:00:00Z,
1XQH,B,LKSKKGQSTY,10,['MLZ'],A,264,[1.75],X-ray,2004-11-23T00:00:00Z,
1XXV,C,XDADEYLX,8,"['ACE', 'FTY', 'NH2']",A,306,[2.5],X-ray,2005-03-22T00:00:00Z,
1Y2A,P,GKISKHWTGI,10,,C,428,[2.2],X-ray,2005-02-01T00:00:00Z,
1Y3A,E,SRVTWYDFLMEDTKSR,16,,A,329,[2.5],X-ray,2005-07-12T00:00:00Z,
1Y7L,P,GIDDGMNLNI,10,,A,316,[1.55],X-ray,2005-04-26T00:00:00Z,
1Y98,B,PTRVSSPVFGAT,12,['SEP'],A,214,[2.5],X-ray,2005-08-30T00:00:00Z,
1YBO,C,LGKKPIYKKAPTNEFYA,17,,A,166,[2.3],X-ray,2006-01-10T00:00:00Z,
1YC5,B,KKGQSTSRHKKLMFKTEG,18,['ALY'],A,246,[1.4],X-ray,2005-04-26T00:00:00Z,
1YCQ,B,PLSQETFSDLWKLLPEN,17,,A,107,[2.3],X-ray,1997-11-19T00:00:00Z,
1YDI,B,VGWEQLLTTIARTINEVENQILTR,24,,A,263,[1.8],X-ray,2005-07-19T00:00:00Z,
1YDR,I,TTYADFIASGRTGRRNAIHD,20,,E,350,[2.2],X-ray,1997-04-01T00:00:00Z,
1YDS,I,TTYADFIASGRTGRRNAIHD,20,,E,350,[2.2],X-ray,1997-04-01T00:00:00Z,
1YDT,I,TTYADFIASGRTGRRNAIHD,20,,E,350,[2.3],X-ray,1997-04-01T00:00:00Z,
1YF4,B,CYFQNCPRGX,10,['NH2'],A,223,[1.98],X-ray,2005-05-24T00:00:00Z,
1YJM,E,XYDESTDEESEKK,13,"['ACE', 'TPO']",A,110,[2.2],X-ray,2005-03-15T00:00:00Z,
1YK0,E,SCFGGRMDRIGAQSGLGCNSF,21,,A,480,[2.4],X-ray,2006-04-18T00:00:00Z,
1YM0,B,QPPVWYPGGQCGVSQYSDAGDMELPPG,27,['PCA'],A,238,[2.06],X-ray,2005-04-19T00:00:00Z,
1YM2,X,XLMXVX,6,"['24O', 'ACE', 'LYT']",A,402,[2.05],X-ray,2006-01-17T00:00:00Z,
1YM4,X,EVNXA,5,['24M'],A,408,[2.25],X-ray,2006-01-17T00:00:00Z,
1YMT,B,RPTILYALLSPSPR,14,,A,246,[1.2],X-ray,2005-03-15T00:00:00Z,
1YOK,B,KENALLRYLLDKDD,14,,A,256,[2.5],X-ray,2005-07-19T00:00:00Z,
1YP0,B,HPTILYTLLSPG,12,,A,239,[1.5],X-ray,2005-04-19T00:00:00Z,
1YR5,B,RKKWKQSVRLISLCQRLSR,19,,A,148,[1.7],X-ray,2006-07-04T00:00:00Z,
1YRK,B,MALYSIYQPYVFA,13,['PTR'],A,126,[1.7],X-ray,2005-07-26T00:00:00Z,
1YRN,C,TACATGTAATTTATTACATCA,21,,A,61,[2.5],X-ray,1996-01-29T00:00:00Z,
1YTH,I,XSLNF,5,['ACE'],A,99,[2.2],X-ray,1997-03-12T00:00:00Z,
1YTJ,I,FEALS,5,"['NLE', 'PPN']",A,99,[2.5],X-ray,1997-03-12T00:00:00Z,
1YUC,C,ASRPAILYALLSSS,14,,A,255,[1.9],X-ray,2005-03-01T00:00:00Z,
1YVH,B,GRARAVENQYSFY,13,['PTR'],A,329,[2.05],X-ray,2005-03-08T00:00:00Z,
1YWO,P,QPPVPPQRPM,10,,A,64,[1.81],X-ray,2005-08-16T00:00:00Z,
1YWT,C,MARSHSYPAGKK,12,['SEP'],A,248,[2.4],X-ray,2005-03-01T00:00:00Z,
1YY6,B,DPGEGPSTGP,10,,A,155,[1.7],X-ray,2005-04-05T00:00:00Z,
1YYE,C,SGSHKLVQLLTTT,13,,A,268,[2.03],X-ray,2006-02-28T00:00:00Z,
1YYP,B,LPRRLHLEPAFLPYSVKAHECC,22,,A,290,[2.5],X-ray,2005-12-27T00:00:00Z,
1Z3L,S,KETAAAKAERQHLDS,15,"['ABA', 'NLE']",E,104,[1.8],X-ray,2005-03-29T00:00:00Z,
1Z3M,S,KETAAAKVERQHLDS,15,"['NLE', 'NVA']",E,104,[2.0],X-ray,2005-03-29T00:00:00Z,
1Z3P,S,KETAAAKFERQHVDS,15,['NVA'],E,104,[2.0],X-ray,2005-03-29T00:00:00Z,
1Z71,B,DFEEIPEEYLA,11,['TYS'],A,287,[1.8],X-ray,2005-05-17T00:00:00Z,
1Z8G,L,XKQLRX,6,"['0QE', 'ACE', 'AR7']",A,372,[1.55],X-ray,2005-05-03T00:00:00Z,
1Z9O,G,SEDEFYDALS,10,,A,128,[1.9],X-ray,2005-07-19T00:00:00Z,
1ZAF,C,SGSHKLVQLLTTT,13,,A,238,[2.2],X-ray,2006-04-11T00:00:00Z,
1ZAV,U,MTIDEIIEAIEKLTVSELAELVKKLEDKFG,30,,A,180,[1.9],X-ray,2005-07-12T00:00:00Z,
1ZAW,U,MTIDEIIEAIEKLTVSELAELVKKLEDKFG,30,['MSE'],A,180,[2.3],X-ray,2005-07-12T00:00:00Z,
1ZAX,U,MTIDEIIEAIEKLTVSELAELVKKLEDKFG,30,,A,180,[2.1],X-ray,2005-07-12T00:00:00Z,
1ZDT,P,ENALLRYLLDKD,12,,A,241,[2.1],X-ray,2005-05-24T00:00:00Z,
1ZDU,P,ENALLRYLLDK,11,,A,245,[2.5],X-ray,2005-05-24T00:00:00Z,
1ZFP,I,XEYINQX,7,"['BE2', 'NH2', 'PTR']",E,98,[1.8],X-ray,1999-03-30T00:00:00Z,
1ZGI,B,DFEEIPEEYL,10,['TYS'],A,287,[2.2],X-ray,2005-09-27T00:00:00Z,
1ZGV,B,DFEEIPEEYL,10,['TYS'],A,287,[2.2],X-ray,2005-09-27T00:00:00Z,
1ZGY,B,APVPSILKKILLEEPNS,17,,A,272,[1.8],X-ray,2005-07-26T00:00:00Z,
1ZH7,C,SHPTILYTLLS,11,,A,243,[2.5],X-ray,2005-08-02T00:00:00Z,
1ZKK,E,AKRHRKVLRD,10,,A,167,[1.45],X-ray,2005-06-07T00:00:00Z,
1ZKY,C,KHKILHRLLQDSS,13,,A,257,[2.25],X-ray,2006-05-09T00:00:00Z,
1ZRB,B,DFEEIPEEYLQ,11,['TYS'],A,287,[1.9],X-ray,2005-06-07T00:00:00Z,
1ZUK,C,RGPAPPPPPHR,11,,A,68,[1.9],X-ray,2006-08-15T00:00:00Z,
1ZUZ,B,RRRWKLDFSIVSLCNHLTR,19,,A,150,[1.91],X-ray,2006-11-14T00:00:00Z,
1ZVZ,B,GEMVRQARILAQATSDLVNAIKADA,25,,A,279,[1.8],X-ray,2005-09-20T00:00:00Z,
1ZW2,B,ILEAAKSIAAATSALVKAASAAQRE,25,,A,279,[2.1],X-ray,2005-09-20T00:00:00Z,
1ZYS,B,ASVSA,5,,A,273,[1.7],X-ray,2006-06-13T00:00:00Z,
2A0Q,A,ADCGLRPLFEKKSLEDKTERELLESYIDGR,30,,B,257,[1.9],X-ray,2005-07-12T00:00:00Z,
2A25,B,EKPAAVVAPITTG,13,,A,193,[2.2],X-ray,2005-08-09T00:00:00Z,
2A3I,B,QQKSLLQQLLTE,12,,A,253,[1.95],X-ray,2005-07-19T00:00:00Z,
2A4G,B,KKGSVVIVGRIVLSGKPAIIPKK,23,,A,200,[2.5],X-ray,2006-07-04T00:00:00Z,
2A4Q,B,KKGSVVIVGRIVLSGKPAIIPKK,23,,A,200,[2.45],X-ray,2006-07-04T00:00:00Z,
2A4R,B,KKGSVVIVGRIVLSGKPAIIPKK,23,,A,200,[2.4],X-ray,2006-07-04T00:00:00Z,
2AFQ,A,GEADCGLRPLFEKKSLEDKTERELLESYI,29,,B,259,[1.93],X-ray,2005-11-15T00:00:00Z,
2AIJ,P,CTPSR,5,,X,286,[1.55],X-ray,2005-12-13T00:00:00Z,
2AIK,P,LCTPSRA,7,,X,286,[1.73],X-ray,2005-12-13T00:00:00Z,
2AK5,D,RPPKPRPR,8,,A,64,[1.85],X-ray,2005-10-11T00:00:00Z,
2AMQ,C,XAVLXX,6,"['010', '02J', 'PJE']",A,311,[2.3],X-ray,2005-09-13T00:00:00Z,
2AO6,B,KENALLRYLLDKDDGNAALRYLLGA,25,,A,249,[1.89],X-ray,2005-08-30T00:00:00Z,
2AOF,C,RPGNXLQSRPX,11,"['FRD', 'NH2']",A,99,[1.32],X-ray,2006-01-17T00:00:00Z,
2AOH,C,VSFNXPQITA,10,['FRD'],A,99,[1.42],X-ray,2006-01-17T00:00:00Z,
2AOI,C,RPGNXLQSRPX,11,"['FRD', 'NH2']",A,99,[1.4],X-ray,2006-01-17T00:00:00Z,
2AOJ,C,VSFNXPQITAAX,12,"['FRD', 'NH2']",A,99,[1.6],X-ray,2006-01-17T00:00:00Z,
2AP2,P,VVQEALDKAREGRT,14,,A,271,[2.4],X-ray,1999-11-24T00:00:00Z,
2APH,C,AEKAAX,6,"['DAL', 'GMA', 'NH2']",A,165,[2.1],X-ray,2006-06-27T00:00:00Z,
2AQ9,X,SSGWMLDPIAGKWSR,15,,A,262,[1.8],X-ray,2006-06-27T00:00:00Z,
2ARQ,P,XTEAAAGDGGVMTGR,15,['ACE'],A,382,[1.85],X-ray,2006-07-11T00:00:00Z,
2ARR,P,XTEAAAGMGGVMTGR,15,['ACE'],A,382,[1.55],X-ray,2006-07-11T00:00:00Z,
2ASU,A,FEKCGKRVDRLDQRRSKLR,19,,B,234,[1.85],X-ray,2005-11-10T00:00:00Z,
2AWW,C,SIPCMSHSSGMPLGATGL,18,,A,105,[2.21],X-ray,2006-08-29T00:00:00Z,
2AX3,B,XXWXFHXX,8,['UNK'],A,502,[2.27],X-ray,2005-10-04T00:00:00Z,
2AXI,B,PFEWLDWEFP,10,"['6CW', 'DPR']",A,115,[1.4],X-ray,2006-03-21T00:00:00Z,
2AZM,C,KKATQASQEY,10,['SEP'],A,207,[2.41],X-ray,2006-01-31T00:00:00Z,
2B1J,C,MGDSILSQAEIDALLN,16,,A,128,[2.4],X-ray,2006-09-26T00:00:00Z,
2B1N,B,KASVG,5,,A,246,[2.4],X-ray,2006-10-03T00:00:00Z,
2B1V,C,KHKILHRLLQDSS,13,,A,257,[1.8],X-ray,2006-05-09T00:00:00Z,
2B1Z,C,KHKILHRLLQDSS,13,,A,257,[1.78],X-ray,2006-09-19T00:00:00Z,
2B23,C,KHKILHRLLQDSS,13,,A,257,[2.1],X-ray,2006-09-19T00:00:00Z,
2B3G,B,SPLPSQAMDDLMLSPDDIEQWFTEDPGP,28,,A,123,[1.6],X-ray,2005-10-11T00:00:00Z,
2B9H,C,RRNLKGLNLNLHPD,14,,A,353,[1.55],X-ray,2006-01-03T00:00:00Z,
2B9I,C,PRSLQNRNTKNLSLDIAALHP,21,,A,353,[2.5],X-ray,2006-01-03T00:00:00Z,
2B9J,C,SKRGNIPKPLNLS,13,,A,353,[2.3],X-ray,2006-01-03T00:00:00Z,
2B9S,D,AGAAAAATTTTT,12,,B,62,[2.27],X-ray,2006-01-17T00:00:00Z,
2BB4,P,YPFVEPIDF,9,,A,240,[1.6],X-ray,2006-05-30T00:00:00Z,
2BBA,P,TNYLFSPNGPIARAW,15,,A,185,[1.65],X-ray,2006-07-18T00:00:00Z,
2BCD,B,DVXEX,5,"['1ZN', 'ACB', 'FGA', 'MDH']",A,323,[2.1],X-ray,2006-01-17T00:00:00Z,
2BCX,B,KSKKAVWHKLLSKQRRRAVVACFRMTPLYN,30,,A,148,[2.0],X-ray,2006-10-31T00:00:00Z,
2BD2,P,YPFVEPIRF,9,,A,240,[1.7],X-ray,2006-05-30T00:00:00Z,
2BD3,P,YPFVEPIKA,9,,A,240,[1.6],X-ray,2006-05-30T00:00:00Z,
2BD4,P,YPFVEPIK,8,,A,240,[1.7],X-ray,2006-05-30T00:00:00Z,
2BD5,P,YPFVEPIK,8,,A,240,[1.8],X-ray,2006-05-30T00:00:00Z,
2BD7,P,YPFVEPIRF,9,,A,240,[1.6],X-ray,2006-05-30T00:00:00Z,
2BD8,P,YPFVEPIRF,9,,A,240,[1.7],X-ray,2006-05-30T00:00:00Z,
2BDA,P,NPIAA,5,,A,240,[1.8],X-ray,2006-05-30T00:00:00Z,
2BDX,B,ALDAXEA,7,"['1ZN', 'ACB', 'DAL', 'FGA', 'MAA']",A,323,[2.3],X-ray,2006-01-17T00:00:00Z,
2BDY,B,DFEEIPEEYL,10,['TYS'],A,289,[1.61],X-ray,2006-10-24T00:00:00Z,
2BGR,Y,MDPVDPNIE,9,,A,738,[2.0],X-ray,2005-01-27T00:00:00Z,
2BP3,S,LRGSLPTFRSSLFLWVRPNGRV,22,,A,97,[2.32],X-ray,2005-11-30T00:00:00Z,
2BQZ,B,RHRKVLRDNY,10,['MLZ'],A,161,[1.5],X-ray,2005-06-08T00:00:00Z,
2BR8,F,GCCSLPPCALNNPKYCX,17,['NH2'],A,217,[2.4],X-ray,2005-06-07T00:00:00Z,
2BR9,P,RRQRSAP,7,['SEP'],A,234,[1.75],X-ray,2005-05-12T00:00:00Z,
2BTC,I,RVCPKILMECKKDSDCLAECICLEHGYCG,29,,E,223,[1.5],X-ray,2000-01-19T00:00:00Z,
2BUO,T,ITFEDLLDYYGP,12,,A,86,[1.7],X-ray,2005-07-21T00:00:00Z,
2BYP,F,GCCSDPRCAWRC,12,['CY3'],A,214,[2.07],X-ray,2005-10-05T00:00:00Z,
2BZ8,C,PARPPKPRPRR,11,,A,58,[2.0],X-ray,2005-10-05T00:00:00Z,
2BZK,A,ARKRRRHPSGPPTAX,15,['NH2'],B,313,[2.45],X-ray,2005-11-03T00:00:00Z,
2BZW,B,APPNLWAAQRYGRELRRMSDEFEGSFK,27,,A,211,[2.3],X-ray,2007-02-13T00:00:00Z,
2C1A,I,TTYADFIASGRTGRRNAIHD,20,,A,351,[1.95],X-ray,2005-11-02T00:00:00Z,
2C1B,I,TTYADFIASGRTGRRNAIHD,20,,A,351,[2.0],X-ray,2005-11-02T00:00:00Z,
2C1N,C,ARKSTGGK,8,['SEP'],A,258,[2.0],X-ray,2005-11-02T00:00:00Z,
2C3I,A,KRRRHPSG,8,,B,313,[1.9],X-ray,2005-11-01T00:00:00Z,
2C5I,P,AEQISHKKSLRVSSLNKDRRLLLREFYNL,29,,T,101,[2.3],X-ray,2006-01-25T00:00:00Z,
2C5K,P,KSLRVSSLNKDRRLLLREFYNLEN,24,,T,95,[2.05],X-ray,2006-01-25T00:00:00Z,
2C63,P,RAISLP,6,['SEP'],A,247,[2.15],X-ray,2005-11-21T00:00:00Z,
2C77,B,SCNCVCGFCCSCSPX,15,"['BB6', 'BB7', 'BB8', 'BB9', 'MEN', 'MH6', 'NH2']",A,405,[1.6],X-ray,2006-03-16T00:00:00Z,
2C9T,K,GCCSDPRCAWRCX,13,['NH2'],A,217,[2.25],X-ray,2006-02-13T00:00:00Z,
2CBL,B,TLNSDGYTPEPA,12,['PTR'],A,305,[2.1],X-ray,1999-05-18T00:00:00Z,
2CE8,X,MFSIDNILA,9,,A,337,[2.03],X-ray,2006-06-14T00:00:00Z,
2CE9,X,MWRPW,5,,A,337,[2.12],X-ray,2006-06-14T00:00:00Z,
2CHN,C,XXXXXXXXXXXX,12,['UNK'],A,716,[1.95],X-ray,2006-05-08T00:00:00Z,
2CHO,C,XXXXXXXXXXXXX,13,['UNK'],A,716,[1.85],X-ray,2006-06-19T00:00:00Z,
2CI9,L,EEHIYDEVAADP,12,['PTR'],A,102,[1.5],X-ray,2006-04-24T00:00:00Z,
2CIA,L,XHIYDEVAADP,11,"['ACE', 'PTR']",A,102,[1.45],X-ray,2006-04-24T00:00:00Z,
2CNX,P,ARTKQ,5,['MLY'],A,315,[2.1],X-ray,2006-07-03T00:00:00Z,
2CNZ,B,GSFLPNSEQQKSADIVFSSP,20,,A,125,[1.8],X-ray,2006-06-27T00:00:00Z,
2CO1,B,GSFLPNSEQQKSVDIVASSP,20,,A,125,[2.4],X-ray,2006-06-27T00:00:00Z,
2CO2,B,GSALPNSEQQKSVDIVFSS,19,,A,125,[2.3],X-ray,2006-06-27T00:00:00Z,
2CO4,B,GSFLPNSEQQKSVDIVFSSP,20,,A,125,[1.85],X-ray,2006-06-28T00:00:00Z,
2CV3,B,TTLKFPSDWDD,11,,A,240,[1.9],X-ray,2006-05-16T00:00:00Z,
2CVY,B,GAFTFNEDF,9,,A,888,[2.4],X-ray,2006-03-07T00:00:00Z,
2CWG,D,DTYAATPR,8,,A,171,[2.0],X-ray,1994-01-31T00:00:00Z,
2D0N,B,PSIDRSTKP,9,,A,59,[1.57],X-ray,2005-08-23T00:00:00Z,
2D10,E,KERAHQKRSSKRAPQMDWSKKNELFSNL,28,,A,312,[2.5],X-ray,2006-07-18T00:00:00Z,
2D1X,P,SKKRPPPPPPGHKRT,15,,A,66,[1.9],X-ray,2006-04-25T00:00:00Z,
2D3G,P,LQEEEELQLALALSQSEAEEK,21,,A,76,[1.7],X-ray,2005-12-20T00:00:00Z,
2DEW,A,LQTARKSTGG,10,,X,671,[2.1],X-ray,2006-04-11T00:00:00Z,
2DEX,A,LAPRKQLATK,10,,X,671,[2.1],X-ray,2006-04-11T00:00:00Z,
2DEY,A,XSGRGKGGKGL,11,['ACE'],X,671,[2.25],X-ray,2006-04-11T00:00:00Z,
2DF6,C,PPVIAPRPEHTKSIYTRS,18,,A,59,[1.3],X-ray,2006-04-11T00:00:00Z,
2DOH,C,VEKLTADAELQRLKNERHEEAELERLLSEY,30,,X,234,[2.3],X-ray,2006-12-05T00:00:00Z,
2DRK,B,RPKPVPPPRG,10,,A,59,[1.42],X-ray,2007-05-29T00:00:00Z,
2DRM,E,AKPVPPPRGAKPAPPPRT,18,,A,58,[1.35],X-ray,2007-05-29T00:00:00Z,
2DS8,P,APALRVVK,8,,A,51,[1.6],X-ray,2007-02-13T00:00:00Z,
2DUJ,P,LLFND,5,,A,279,[1.67],X-ray,2006-08-08T00:00:00Z,
2DVQ,P,SGRGKGGKGLGKGGA,15,['ALY'],A,122,[2.04],X-ray,2007-08-07T00:00:00Z,
2DVR,P,SGRGKGGKGLGKGGA,15,['ALY'],A,122,[2.3],X-ray,2007-08-07T00:00:00Z,
2DVS,P,LGKGGAKRHRKV,12,['ALY'],A,122,[2.04],X-ray,2007-08-07T00:00:00Z,
2DYH,B,ILWRQDIDLGVSREV,15,,A,318,[1.9],X-ray,2007-09-04T00:00:00Z,
2DZE,X,KDMQLARRLR,10,,A,161,[1.8],X-ray,2007-10-16T00:00:00Z,
2E3K,Q,SGRGKGGKGLGKGGA,15,['ALY'],A,112,[2.3],X-ray,2007-12-11T00:00:00Z,
2EAX,L,AEKAA,5,"['DAL', 'FGA']",A,164,[2.1],X-ray,2007-10-02T00:00:00Z,
2EEO,A,MKRVMFHAKIHRATVTQADLHYVG,24,,B,95,[1.6],X-ray,2008-02-19T00:00:00Z,
2EGN,B,SSSSL,5,,A,96,[2.4],X-ray,2007-05-15T00:00:00Z,
2ER6,I,PTEXRE,6,['PUK'],E,330,[2.0],X-ray,1991-01-15T00:00:00Z,
2ER7,I,XHPFHXIH,8,"['BOC', 'LOV']",E,330,[1.6],X-ray,1991-01-15T00:00:00Z,
2ER9,I,XHPFHXLF,8,"['BOC', 'STA']",E,330,[2.2],X-ray,1991-01-15T00:00:00Z,
2ERZ,I,TTYADFIASGRTGRRNAIHD,20,,E,351,[2.2],X-ray,2005-11-08T00:00:00Z,
2ESL,I,ALLVTAGLVLA,11,"['ABA', 'BMT', 'DAL', 'MLE', 'MVA', 'SAR']",A,190,[1.9],X-ray,2005-12-13T00:00:00Z,
2F31,B,DETGVMDSLLEALQSGAAFR,20,,A,233,[2.1],X-ray,2006-05-30T00:00:00Z,
2F3Y,B,KFYATFLIQEYFRKFKKRKEQ,21,,A,148,[1.45],X-ray,2005-12-27T00:00:00Z,
2F3Z,B,KFYATFLAAEYFRKFKKRKEQ,21,,A,148,[1.6],X-ray,2005-12-27T00:00:00Z,
2F49,C,TPVERQTIYSQAPSLNPNLILAAPPKERNQ,30,,A,353,[1.9],X-ray,2006-03-28T00:00:00Z,
2F69,B,XSKSKDRKYTL,11,"['ACE', 'MLZ']",A,261,[1.3],X-ray,2006-01-17T00:00:00Z,
2F6J,P,ARTKQTARKSTGGKA,15,['M3L'],A,174,[2.0],X-ray,2006-07-11T00:00:00Z,
2F7E,I,TTYADFIASGRTGRRNAIHD,20,,E,351,[2.0],X-ray,2006-06-27T00:00:00Z,
2F7X,I,TTYADFIASGRTGRRNAIHD,20,,E,351,[1.9],X-ray,2006-06-27T00:00:00Z,
2FAI,C,KHKILHRLLQDSS,13,,A,257,[2.1],X-ray,2006-05-09T00:00:00Z,
2FF4,E,SLEVTEADT,9,['TPO'],A,388,[1.9],X-ray,2006-01-24T00:00:00Z,
2FFF,A,ISEITYSDGTVIASI,15,,B,453,[2.23],X-ray,2006-06-20T00:00:00Z,
2FFU,P,PTTDSTTPAPTTK,13,,A,501,[1.64],X-ray,2006-01-31T00:00:00Z,
2FGE,D,AALTRA,6,,A,995,[2.1],X-ray,2006-05-16T00:00:00Z,
2FGR,B,DNWQNGTS,8,,A,332,[1.5],X-ray,2006-01-31T00:00:00Z,
2FIV,I,XAVXEAX,7,"['ACE', 'ALN', 'NH2', 'STA']",A,116,[2.0],X-ray,1997-11-12T00:00:00Z,
2FKA,B,ASQDQVDDLLDSLGF,15,,A,129,[2.0],X-ray,2006-05-23T00:00:00Z,
2FLK,B,ASQDQVDDLLDSLGF,15,,A,129,[2.1],X-ray,2006-05-23T00:00:00Z,
2FLW,B,ASQDQVDDLLDSLGF,15,,A,129,[2.0],X-ray,2006-05-23T00:00:00Z,
2FMF,B,ASQDQVDDLLDSLGF,15,,A,129,[1.998],X-ray,2006-05-23T00:00:00Z,
2FMH,B,ASQDQVDDLLDSLGF,15,,A,129,[2.001],X-ray,2006-05-23T00:00:00Z,
2FMI,B,ASQDQVDDLLDSLGF,15,,A,129,[2.302],X-ray,2006-05-23T00:00:00Z,
2FMK,B,XASQDQVDDLLDSLGF,16,['ACE'],A,129,[1.999],X-ray,2006-05-23T00:00:00Z,
2FNS,P,RQANFLGKIN,10,,A,99,[1.85],X-ray,2006-09-05T00:00:00Z,
2FNT,P,RQVNFLGKIN,10,,A,99,[1.44],X-ray,2006-09-05T00:00:00Z,
2FOJ,B,GARAHSS,7,,A,155,[1.6],X-ray,2006-02-14T00:00:00Z,
2FOO,B,EPGGSR,6,,A,155,[2.2],X-ray,2006-02-14T00:00:00Z,
2FOP,B,EKPSSS,6,,A,155,[2.1],X-ray,2006-02-14T00:00:00Z,
2FR4,M,CTGCCTTCAG,10,,A,214,[1.95],X-ray,2007-01-09T00:00:00Z,
2FSA,P,ARTKQTARKSTGGKA,15,['MLY'],A,174,[1.9],X-ray,2006-07-11T00:00:00Z,
2FTS,P,FSIVGSLPRDFEL,13,,A,419,[2.41],X-ray,2006-03-14T00:00:00Z,
2FVJ,B,QTSHKLVQLLTTT,13,,A,271,[1.99],X-ray,2006-05-16T00:00:00Z,
2FYM,B,ASPELASGKVWIRYPIVR,18,,A,431,[1.6],X-ray,2006-02-28T00:00:00Z,
2FYS,C,GIMLRRLQKGNLPVRAL,17,,A,364,[2.5],X-ray,2006-04-11T00:00:00Z,
2G1T,E,AEEEIFGEFEAKK,13,,A,287,[1.8],X-ray,2006-05-23T00:00:00Z,
2G2L,C,SIPCMSHSSGMPLGATGL,18,,A,105,[2.35],X-ray,2006-08-29T00:00:00Z,
2G3V,E,XXXXXMX,7,"['MSE', 'UNK']",A,208,[2.3],X-ray,2007-03-06T00:00:00Z,
2G49,C,HSQGTFTSDYSKYLDSRRAQDFVQWLMNT,29,,A,990,[2.5],X-ray,2006-10-24T00:00:00Z,
2G54,C,FVNQHLCGSHLVEALYLVCGERGFFYTPKT,30,,A,990,[2.25],X-ray,2006-10-24T00:00:00Z,
2G56,C,FVNQHLCGSHLVEALYLVCGERGFFYTPKT,30,,A,990,[2.2],X-ray,2006-10-24T00:00:00Z,
2G58,B,XIARS,5,['PHQ'],A,121,[0.98],X-ray,2006-03-28T00:00:00Z,
2G5L,X,MDVEAWL,7,['FME'],A,127,[1.15],X-ray,2007-02-06T00:00:00Z,
2G5O,C,KHKILHRLLQDSS,13,,A,257,[2.3],X-ray,2007-03-06T00:00:00Z,
2G6Q,B,ARTKQTARKSTG,12,['M3L'],A,62,[2.0],X-ray,2006-07-11T00:00:00Z,
2G99,C,ARTKQTARKS,10,['MLY'],A,308,[1.9],X-ray,2006-09-06T00:00:00Z,
2GFA,C,ARTKQTARKS,10,['M3L'],A,119,[2.1],X-ray,2006-05-02T00:00:00Z,
2GFC,I,TTYADFIASGRTGRRNAIHD,20,,A,350,[1.87],X-ray,2006-05-23T00:00:00Z,
2GGM,C,NWKLLAKGLLIRERLKR,17,,A,172,[2.35],X-ray,2006-04-25T00:00:00Z,
2GHQ,C,PSYSPTSPS,9,['SEP'],A,181,[2.05],X-ray,2006-12-05T00:00:00Z,
2GHT,C,SYSPTSPS,8,['SEP'],A,181,[1.8],X-ray,2006-12-05T00:00:00Z,
2GNF,I,TTYADFIASGRTGRRNAIHD,20,,A,350,[2.28],X-ray,2006-05-23T00:00:00Z,
2GNG,I,TTYADFIASGRTGRRNAIHD,20,,A,350,[1.87],X-ray,2006-05-23T00:00:00Z,
2GNH,I,TTYADFIASGRTGRRNAIHD,20,,A,350,[2.05],X-ray,2006-05-23T00:00:00Z,
2GNI,I,TTYADFIASGRTGRRNAIHD,20,,A,350,[2.27],X-ray,2006-05-23T00:00:00Z,
2GNJ,I,TTYADFIASGRTGRRNAIHD,20,,A,350,[2.28],X-ray,2006-05-23T00:00:00Z,
2GNS,P,ALVYK,5,,A,121,[2.3],X-ray,2006-04-25T00:00:00Z,
2GPH,B,RLQERRGSNVALMLDC,16,,A,364,[1.9],X-ray,2006-07-04T00:00:00Z,
2GPO,C,LERNNIKQAANNSLLLHLLKSQTIP,25,,A,230,[1.95],X-ray,2006-09-26T00:00:00Z,
2GTK,B,HKLVQLLTTT,10,,A,271,[2.1],X-ray,2006-09-26T00:00:00Z,
2GU8,C,TTYADFIASGRTGRRNAIHD,20,,A,337,[2.2],X-ray,2007-05-01T00:00:00Z,
2GV2,B,XFMAFWEXL,9,"['1AC', '6CW', 'ACE', 'AIB', 'PM3']",A,110,[1.8],X-ray,2006-09-05T00:00:00Z,
2GVF,B,KKGSVVIVGRIVLSGKPAIIPKK,23,,A,199,[2.5],X-ray,2007-01-23T00:00:00Z,
2H13,B,ARTKQTARKS,10,['MLY'],A,317,[1.58],X-ray,2006-07-11T00:00:00Z,
2H1C,B,VRLGSMLASIGQEIGGVEL,19,,A,139,[1.8],X-ray,2006-09-26T00:00:00Z,
2H2D,B,KKGQSTSRHKKLMFKTEG,18,['ALY'],A,246,[1.7],X-ray,2006-09-19T00:00:00Z,
2H2F,B,KKGQSTSRHKKLMFKTEG,18,,A,246,[2.2],X-ray,2006-12-05T00:00:00Z,
2H2G,B,HAKRVTIQKKD,11,['ALY'],A,246,[1.63],X-ray,2006-11-28T00:00:00Z,
2H2H,B,HAKRKTVTSLD,11,['ALY'],A,246,[2.2],X-ray,2006-12-05T00:00:00Z,
2H4F,D,KKGQSTSRHKKLMFKTEG,18,['ALY'],A,246,[2.0],X-ray,2006-09-05T00:00:00Z,
2H4H,B,KKGQSTSRHKKLMFKTEG,18,['ALY'],A,246,[1.99],X-ray,2006-09-05T00:00:00Z,
2H4J,D,KKGQSTSRHKKLMFKTEG,18,,A,246,[2.1],X-ray,2006-09-05T00:00:00Z,
2H59,D,KKGQSTSRHKKLMFKTEG,18,,A,246,[1.9],X-ray,2006-09-05T00:00:00Z,
2H5D,B,XAAPV,5,"['B2V', 'MSU']",A,198,[0.9],X-ray,2006-09-26T00:00:00Z,
2H6K,C,ARTKQTARK,9,['MLZ'],A,312,[1.89],X-ray,2006-07-04T00:00:00Z,
2H6M,I,XLAAQX,6,"['ACE', 'CF0', 'QMM']",A,212,[1.4],X-ray,2006-08-08T00:00:00Z,
2H6N,C,ARTKQTARK,9,['MLY'],A,312,[1.5],X-ray,2006-07-04T00:00:00Z,
2H6Q,C,ARTKQTARK,9,['M3L'],A,312,[1.87],X-ray,2006-07-04T00:00:00Z,
2H6T,B,XVVXAX,6,"['IVA', 'STA']",A,340,[1.9],X-ray,2007-06-12T00:00:00Z,
2H9H,I,XLAAQX,6,"['ACE', 'CF0', 'QMM']",A,212,[1.39],X-ray,2006-08-08T00:00:00Z,
2H9M,B,ARTKQTARKST,11,,A,313,[1.9],X-ray,2006-08-01T00:00:00Z,
2H9N,B,ARTKQTARKST,11,['MLZ'],A,313,[2.0],X-ray,2006-08-01T00:00:00Z,
2H9P,B,ARTKQTARKST,11,['M3L'],A,329,[1.91],X-ray,2006-08-01T00:00:00Z,
2HAL,I,XLFFEX,6,"['ACE', 'CF0', 'GLK']",A,212,[1.35],X-ray,2006-08-08T00:00:00Z,
2HAN,C,CAAGGGTTCAATGCACTTGT,20,,A,93,[1.95],X-ray,2007-05-22T00:00:00Z,
2HC4,B,RHKILHRLLQEGSPS,15,,A,302,[2.2],X-ray,2007-05-01T00:00:00Z,
2HD4,B,GDEQGENK,8,,A,279,[2.15],X-ray,2006-07-04T00:00:00Z,
2HDX,G,TPDYELLTEND,11,['PTR'],A,111,[2.35],X-ray,2006-08-08T00:00:00Z,
2HFP,B,HSSLTERHKILHRLLQEGSPS,21,,A,282,[2.0],X-ray,2006-09-19T00:00:00Z,
2HI8,P,CTPSR,5,,X,286,[1.64],X-ray,2007-05-01T00:00:00Z,
2HL3,C,EEQEEY,6,,A,97,[2.03],X-ray,2006-09-12T00:00:00Z,
2HMH,B,STVEYSTVVHS,11,['PTR'],A,152,[2.0],X-ray,2006-08-15T00:00:00Z,
2HOB,B,XAVLXX,6,"['010', '02J', 'PJE']",A,306,[1.95],X-ray,2007-04-03T00:00:00Z,
2HPE,S,XXXXXXXXX,9,['UNK'],A,99,[2.0],X-ray,1994-10-15T00:00:00Z,
2HPL,B,DDLYG,5,,A,100,[1.8],X-ray,2007-05-29T00:00:00Z,
2HPZ,B,KLKLLVVIRLK,11,,A,279,[1.69],X-ray,2006-08-01T00:00:00Z,
2HQH,E,GSRPYCEICEMFGHWATNCNDDETF,25,,A,93,[1.8],X-ray,2007-08-21T00:00:00Z,
2HQW,B,KKKATFRAITSTLASSFKRRRSSK,24,,A,148,[1.9],X-ray,2007-11-13T00:00:00Z,
2HT0,C,CGGTGCAACAAAT,13,,A,99,[2.0],X-ray,2006-11-28T00:00:00Z,
2HT9,X,LGTENLYFQSME,12,,A,146,[1.9],X-ray,2006-08-29T00:00:00Z,
2I04,C,RRRETQV,7,,A,85,[2.15],X-ray,2007-02-20T00:00:00Z,
2I0L,C,RRRETQV,7,,A,84,[2.31],X-ray,2007-02-20T00:00:00Z,
2I0Q,D,GGGTTTTGGGG,11,,A,495,[1.91],X-ray,2006-08-22T00:00:00Z,
2I6O,B,NKYGN,5,['PTR'],A,161,[1.9],X-ray,2007-03-13T00:00:00Z,
2ID4,C,XRERKX,6,"['0QE', 'ACE', 'LYK']",A,503,[1.9],X-ray,2007-05-01T00:00:00Z,
2IFR,B,XFKFXALRX,9,"['ACE', 'NH2', 'TA2']",A,206,[1.95],X-ray,2006-10-03T00:00:00Z,
2IFW,C,XFKFFLR,7,"['AAR', 'ACE', 'PSA']",A,206,[2.3],X-ray,2006-10-03T00:00:00Z,
2IG0,B,KRHRKVLRDN,10,['MLY'],A,123,[1.7],X-ray,2007-01-02T00:00:00Z,
2IHS,C,DINNNNNIVEDVERKREFYI,20,,A,214,[2.2],X-ray,2007-01-16T00:00:00Z,
2ITK,B,XFTXAQX,7,"['ACE', 'D11', 'NAL', 'NH2', 'YCP']",A,167,[1.45],X-ray,2007-05-22T00:00:00Z,
2IUH,B,TNEYMDMKPGV,11,['PTR'],A,120,[2.0],X-ray,2006-06-06T00:00:00Z,
2IUI,C,SIDYVPMLDMK,11,['PTR'],A,120,[2.4],X-ray,2006-06-06T00:00:00Z,
2IV9,P,SFGDGFADFSTL,12,,A,238,[1.9],X-ray,2007-03-13T00:00:00Z,
2IVZ,E,GASDGSGWSSENNPWG,16,,A,439,[2.0],X-ray,2006-08-16T00:00:00Z,
2J30,B,XDEVDX,6,"['0QE', 'ACE']",A,250,[1.4],X-ray,2006-11-08T00:00:00Z,
2J31,B,XDEVDX,6,"['0QE', 'ACE']",A,250,[1.5],X-ray,2006-11-08T00:00:00Z,
2J32,B,XDEVDX,6,"['0QE', 'ACE']",A,250,[1.3],X-ray,2006-11-08T00:00:00Z,
2J33,B,XDEVDX,6,"['0QE', 'ACE']",A,250,[2.0],X-ray,2006-11-08T00:00:00Z,
2J6F,C,PARPPKPRPRR,11,,A,62,[1.7],X-ray,2006-10-11T00:00:00Z,
2J6O,C,KGPPLPRPRV,10,,A,62,[2.23],X-ray,2006-10-11T00:00:00Z,
2J7X,B,HPPAIQSLINLLADNRY,17,,A,255,[2.1],X-ray,2006-11-07T00:00:00Z,
2J7Y,B,HPPAIQSLINLLADNRY,17,,A,255,[1.8],X-ray,2006-11-07T00:00:00Z,
2JBY,B,PSSTMGQVGRQLAIIGDDINRRYDSE,26,,A,145,[2.41],X-ray,2007-03-27T00:00:00Z,
2JD5,C,RERSPTR,7,,A,373,[2.5],X-ray,2007-02-06T00:00:00Z,
2JDL,C,SDDDMGFGLFD,11,,A,247,[2.2],X-ray,2008-02-05T00:00:00Z,
2JDO,C,GRPRTTSFAE,10,,A,342,[1.8],X-ray,2007-02-13T00:00:00Z,
2JDR,C,GRPRTTSFAE,10,,A,342,[2.3],X-ray,2007-02-13T00:00:00Z,
2JDS,I,TTYADFIASGRTGRRNAIHD,20,,A,351,[2.0],X-ray,2007-02-13T00:00:00Z,
2JDT,I,TTYADFIASGRTGRRNAIHD,20,,A,351,[2.15],X-ray,2007-02-13T00:00:00Z,
2JDV,I,TTYADFIASGRTGRRNAIHD,20,,A,351,[2.08],X-ray,2007-02-13T00:00:00Z,
2JE4,C,XSLNXIX,7,"['ACE', 'JG3', 'VME']",A,99,[1.07],X-ray,2007-08-28T00:00:00Z,
2JF9,P,SPGSREWFKDMLS,13,,A,252,[2.1],X-ray,2007-02-20T00:00:00Z,
2JGB,B,RIIYDRKFLMECRNSPV,17,,A,195,[1.7],X-ray,2007-02-27T00:00:00Z,
2JGC,B,RIIYDRKFLMECRNSPV,17,,A,195,[2.4],X-ray,2007-02-27T00:00:00Z,
2JK9,B,NELNNNLPGGAPAAP,15,,A,212,[1.79],X-ray,2008-09-16T00:00:00Z,
2JKG,P,PPPPPPPP,8,,A,179,[1.89],X-ray,2008-09-23T00:00:00Z,
2JLD,E,AGGAAAAA,8,,A,420,[2.35],X-ray,2008-12-09T00:00:00Z,
2LPR,P,XAAPV,5,"['B2V', 'MSU']",A,198,[2.25],X-ray,1993-01-15T00:00:00Z,
2MIP,E,FVFLEIX,7,['NH2'],A,99,[2.2],X-ray,1993-10-31T00:00:00Z,
2NL9,B,DMRPEIWIAQELRRIGDEFNAYYARR,26,,A,157,[1.55],X-ray,2007-03-27T00:00:00Z,
2NLL,C,CAGGTCATTUCAGGTCAG,18,['5IU'],A,66,[1.9],X-ray,1997-03-12T00:00:00Z,
2NM1,B,EDMFAKLKDKFFNEINK,17,,A,436,[2.15],X-ray,2006-12-19T00:00:00Z,
2NNU,B,GSATIDMNFQSDLLSIFEENLF,22,,A,205,[1.59],X-ray,2007-01-09T00:00:00Z,
2NPA,B,LTERHKILHRLLQEG,15,,A,270,[2.3],X-ray,2007-10-30T00:00:00Z,
2NV7,C,HKLVQLLTTT,10,,A,238,[2.1],X-ray,2007-08-21T00:00:00Z,
2NWN,B,CSWRGLENHRMC,12,,A,253,[2.15],X-ray,2007-10-16T00:00:00Z,
2NXD,P,GADIFYLDGA,10,,A,99,[2.0],X-ray,2007-09-18T00:00:00Z,
2NXL,P,GAEVFYVDGA,10,,A,99,[2.0],X-ray,2007-09-18T00:00:00Z,
2NXM,P,GAQTFYVDGA,10,,A,99,[2.25],X-ray,2007-09-18T00:00:00Z,
2O02,P,GHGQGLLDALDLAS,14,,A,230,[1.5],X-ray,2007-11-27T00:00:00Z,
2O4J,C,KNHPMLMNLLKDN,13,,A,292,[1.74],X-ray,2007-01-30T00:00:00Z,
2O4R,C,KNHPMLMNLLKDN,13,,A,292,[1.98],X-ray,2007-01-30T00:00:00Z,
2O5G,B,XARRKWQKTGHAVRAIGRLSX,21,"['ACE', 'NH2']",A,148,[1.08],X-ray,2007-12-25T00:00:00Z,
2O60,B,KRRAIGFKKLAEAVKFSAKLMGQX,24,['NH2'],A,148,[1.55],X-ray,2007-12-25T00:00:00Z,
2O88,C,XAPSYSPPPPP,11,['ACE'],A,58,[1.75],X-ray,2007-05-01T00:00:00Z,
2O8M,C,KKGCVVIVGRIVLSGKPAIIPKK,23,,A,200,[2.0],X-ray,2007-10-09T00:00:00Z,
2O9K,B,ARTKQTARKST,11,['MLY'],A,313,[1.9],X-ray,2006-12-19T00:00:00Z,
2O9Q,C,LKGCWTKSIPPKPCFGK,17,,A,223,[1.7],X-ray,2007-12-25T00:00:00Z,
2O9V,B,VPPPVPPPPS,10,,A,67,[1.63],X-ray,2007-10-30T00:00:00Z,
2OBH,C,XNWKLLAKGLLIRERLKR,18,['ACE'],A,143,[1.8],X-ray,2007-10-09T00:00:00Z,
2OBQ,B,KKGCVVIVGRIVLSGKPAIIPKK,23,,A,200,[2.5],X-ray,2007-07-31T00:00:00Z,
2OC0,B,KKGSVVIVGRIVLSGKPAIIPKK,23,,A,200,[2.3],X-ray,2007-07-31T00:00:00Z,
2OD2,B,KGGAKRHRKILTAQ,14,['ALY'],A,308,[2.0],X-ray,2007-02-20T00:00:00Z,
2OD7,B,KGGAKRHRKILTAQ,14,['ALY'],A,308,[2.0],X-ray,2007-02-27T00:00:00Z,
2OD9,B,KGGAKRHRKILTAQ,14,['ALY'],A,308,[2.05],X-ray,2007-02-27T00:00:00Z,
2OH0,I,TTYADFIASGRTGRRNAIHD,20,,E,351,[2.2],X-ray,2007-03-20T00:00:00Z,
2OIN,C,KGSVVIVGRIVLSGKPAIIPA,21,,A,200,[2.5],X-ray,2007-06-05T00:00:00Z,
2OJF,I,TTYADFIASGRTGRRNAIHD,20,,E,351,[2.1],X-ray,2007-03-20T00:00:00Z,
2OJU,C,ALLVTAGLVLA,11,"['ABA', 'BMT', 'DAL', 'MLE', 'MVA', 'SAR']",A,167,[2.4],X-ray,2008-01-22T00:00:00Z,
2OKR,C,IKIKKIEDASNPLLLKRRKKARAL,24,,A,366,[2.0],X-ray,2007-02-06T00:00:00Z,
2OQ1,B,NQLYNELNLGRREEYDVLD,19,['PTR'],A,254,[1.9],X-ray,2007-03-06T00:00:00Z,
2OQ6,C,ARKSTGGK,8,"['ALY', 'M3L']",A,381,[2.0],X-ray,2007-03-13T00:00:00Z,
2OS2,C,STGGVKKPHRY,11,['M3L'],A,381,[2.3],X-ray,2007-03-13T00:00:00Z,
2OT0,E,EDQAGDEDEDDEWDD,15,,A,363,[2.05],X-ray,2007-02-27T00:00:00Z,
2OT7,C,ARKSTGGK,8,"['ALY', 'MLZ']",A,381,[2.135],X-ray,2007-03-13T00:00:00Z,
2OVH,B,TNMGLEAIIRKALMGKY,17,,A,256,[2.0],X-ray,2007-03-20T00:00:00Z,
2OX0,C,ARKSTGGK,8,"['ALY', 'MLY']",A,381,[1.95],X-ray,2007-03-13T00:00:00Z,
2P0W,P,KGGKGLGKGGAKRHR,15,,A,324,[1.9],X-ray,2007-03-13T00:00:00Z,
2P15,C,KHKILHRLLQDSS,13,,A,258,[1.94],X-ray,2007-05-01T00:00:00Z,
2P1T,B,KHKILHRLLQDSS,13,,A,240,[1.8],X-ray,2007-10-09T00:00:00Z,
2P1U,B,KHKILHRLLQDSS,13,,A,240,[2.2],X-ray,2007-10-09T00:00:00Z,
2P1V,B,KHKILHRLLQDSS,13,,A,240,[2.2],X-ray,2007-10-09T00:00:00Z,
2P4R,T,GGFKPSRPPRPSRPPPPTPRRPASV,25,,A,59,[2.001],X-ray,2007-07-24T00:00:00Z,
2P54,B,ARHKILHRLLQE,12,,A,267,[1.79],X-ray,2007-04-24T00:00:00Z,
2P5B,I,RKSAPATGGVKKPHRYRPGTVL,22,['M3L'],A,352,[1.99],X-ray,2007-06-12T00:00:00Z,
2PBK,C,XPVYVQX,7,"['ACE', 'GG7', 'TBG']",A,228,[1.73],X-ray,2007-12-25T00:00:00Z,
2PC4,H,EDNDWN,6,,A,369,[2.4],X-ray,2007-04-17T00:00:00Z,
2PCU,B,FNRPV,5,,A,305,[1.6],X-ray,2007-04-17T00:00:00Z,
2PEH,C,KRKSRWDETP,10,,A,105,[2.11],X-ray,2007-06-26T00:00:00Z,
2PIE,F,ELKTERY,7,['TPO'],A,138,[1.35],X-ray,2007-12-11T00:00:00Z,
2PLX,B,QCKVMCYAQRHSSPELLRRCLDNCEK,26,,A,223,[1.56],X-ray,2007-08-07T00:00:00Z,
2PNX,B,ARTKQTARKSTG,12,['M3L'],A,55,[1.8],X-ray,2008-04-15T00:00:00Z,
2PO1,C,AAAAAAAAAA,10,,A,249,[1.94],X-ray,2008-03-18T00:00:00Z,
2POY,T,ALLVTAGLVLA,11,"['ABA', 'BMT', 'DAL', 'MLE', 'MVA', 'SAR']",A,186,[1.8],X-ray,2007-05-08T00:00:00Z,
2PQ2,B,GALAG,5,,A,279,[1.82],X-ray,2007-05-29T00:00:00Z,
2PQK,B,GGSGRPEIWIAQELRRIGDEFNAYYARRV,29,,A,158,[2.0],X-ray,2007-06-19T00:00:00Z,
2PQW,B,RHRKVLRDN,9,['MLY'],A,323,[2.0],X-ray,2007-07-31T00:00:00Z,
2PUY,E,ARTKQTARKS,10,,A,60,[1.43],X-ray,2007-08-14T00:00:00Z,
2PV1,B,WEYIPNV,7,,A,103,[1.3],X-ray,2007-10-02T00:00:00Z,
2PV2,E,NFTLKFWDIFRK,12,,A,103,[1.3],X-ray,2007-10-02T00:00:00Z,
2PVF,B,TTNEEYLDLSQPLEQ,15,,A,334,[1.8],X-ray,2007-09-25T00:00:00Z,
2PXJ,I,RKSAPATGGVKKPHRYRPGTVL,22,['MLZ'],A,347,[2.0],X-ray,2007-06-12T00:00:00Z,
2Q0N,B,RRRRRSWYFDG,11,,A,301,[1.75],X-ray,2007-06-26T00:00:00Z,
2Q3Y,B,PAILYALLSS,10,,A,249,[2.4],X-ray,2007-09-04T00:00:00Z,
2Q3Z,X,XPXLPFX,7,"['ACE', 'NH2', 'ONL']",A,687,[2.0],X-ray,2007-10-23T00:00:00Z,
2Q5A,B,XFTXAQX,7,"['ACE', 'NAL', 'NH2', 'TPO', 'YCP']",A,167,[1.5],X-ray,2007-06-26T00:00:00Z,
2Q5Y,B,SKYGLQD,7,,A,152,[2.3],X-ray,2008-10-14T00:00:00Z,
2Q6F,C,XAVLXX,6,"['010', '02J', 'PJE']",A,309,[2.0],X-ray,2008-02-12T00:00:00Z,
2Q6G,C,TSAVLQSGFRK,11,,A,306,[2.5],X-ray,2008-02-12T00:00:00Z,
2Q7I,B,RGAFQNLFQSV,11,,A,257,[1.87],X-ray,2007-07-24T00:00:00Z,
2Q7J,B,KENALLRYLLDKDD,14,,A,257,[1.9],X-ray,2007-07-24T00:00:00Z,
2Q7K,B,RGAFQNLFQSV,11,,A,257,[1.8],X-ray,2007-07-24T00:00:00Z,
2Q7L,B,KENALLRYLLDKDD,14,,A,257,[1.92],X-ray,2007-07-24T00:00:00Z,
2Q8C,F,ARTKQTARKSTGGKA,15,['M3L'],A,352,[2.047],X-ray,2007-07-03T00:00:00Z,
2Q8D,F,RKSAPATGGVKKPHRY,16,['MLY'],A,352,[2.29],X-ray,2007-07-03T00:00:00Z,
2Q8E,F,RKSAPATGGVKKPHRY,16,['M3L'],A,352,[2.05],X-ray,2007-07-03T00:00:00Z,
2Q8Y,B,QYFMTEYVA,9,"['PTR', 'TPO']",A,241,[2.0],X-ray,2007-12-11T00:00:00Z,
2QAB,C,KHKILHRLLQDSS,13,,A,258,[1.89],X-ray,2008-03-18T00:00:00Z,
2QAC,T,SLMRVQAHIRKRMVA,15,['SAC'],A,146,[1.7],X-ray,2007-06-26T00:00:00Z,
2QBW,B,PQPVDSWV,8,,A,195,[1.8],X-ray,2008-04-22T00:00:00Z,
2QBX,D,SNEWIQPRLPQH,12,,A,208,[2.3],X-ray,2007-11-06T00:00:00Z,
2QGT,C,KHKILHRLLQDSS,13,,A,258,[2.15],X-ray,2008-03-18T00:00:00Z,
2QGW,C,KHKILHRLLQDSS,13,,A,258,[2.39],X-ray,2008-03-18T00:00:00Z,
2QIC,B,ARTKQTARKSTG,12,['M3L'],A,62,[2.1],X-ray,2008-05-13T00:00:00Z,
2QL2,F,AGGACCAGATGGCCTA,16,,B,60,[2.5],X-ray,2008-11-04T00:00:00Z,
2QOS,A,LRYDSTAERLY,11,,C,173,[1.81],X-ray,2007-10-16T00:00:00Z,
2QPY,B,LLRYLLDKDD,10,,A,251,[2.5],X-ray,2007-09-25T00:00:00Z,
2QQF,B,KGGAKRHRKIL,11,['ALY'],A,308,[2.0],X-ray,2007-10-09T00:00:00Z,
2QQG,B,KGGAKRHRKIL,11,['ALY'],A,308,[2.05],X-ray,2007-10-09T00:00:00Z,
2QR9,C,KHKILHRLLQDSS,13,,A,258,[2.0],X-ray,2008-03-18T00:00:00Z,
2QSE,C,KHKILHRLLQDSS,13,,A,258,[1.85],X-ray,2008-03-18T00:00:00Z,
2QT5,X,NNLQDGTEV,9,,A,200,[2.3],X-ray,2008-06-03T00:00:00Z,
2QUR,B,TTYADFIASGRTGRRNAIHD,20,,A,350,[2.5],X-ray,2008-07-29T00:00:00Z,
2QV1,C,KGSVVIVGRIVLSGKPAIIPA,21,,A,181,[2.4],X-ray,2008-08-19T00:00:00Z,
2QXM,C,KHKILHRLLQDSS,13,,A,258,[2.3],X-ray,2008-03-18T00:00:00Z,
2QXV,B,KTMFSSNRQKILERTETLNQEWKQRRIQPV,30,,A,361,[1.82],X-ray,2007-08-28T00:00:00Z,
2QZX,C,XVVXAX,6,"['IVA', 'STA']",A,342,[2.5],X-ray,2008-07-08T00:00:00Z,
2R0Y,B,TARKSTGGKAPRK,13,['ALY'],A,311,[1.75],X-ray,2007-10-30T00:00:00Z,
2R28,C,AAARKEVIRNKIRAIGKMARVFSVL,25,,A,149,[1.86],X-ray,2008-07-01T00:00:00Z,
2R3Y,D,DNRLGLVYWF,10,,A,314,[2.5],X-ray,2007-11-27T00:00:00Z,
2R7G,B,PPTLHELYDL,10,,A,347,[1.671],X-ray,2007-10-02T00:00:00Z,
2RDL,I,XAAPAX,6,"['0QE', 'ALV', 'MSU']",A,226,[2.5],X-ray,2007-10-30T00:00:00Z,
2REM,T,XXXXXXXX,8,['UNK'],A,193,[1.9],X-ray,2008-10-07T00:00:00Z,
2RFI,P,TKQTARKSTGG,11,['MLY'],A,285,[1.59],X-ray,2007-10-23T00:00:00Z,
2RHI,B,KATKK,5,['MLY'],A,345,[1.66],X-ray,2007-12-11T00:00:00Z,
2RI7,P,ARTKQTARK,9,['MLY'],A,174,[1.45],X-ray,2007-12-11T00:00:00Z,
2RJE,P,AKRHRKVLRDN,11,['MLY'],A,331,[1.86],X-ray,2007-10-30T00:00:00Z,
2RJF,B,YKGGAKRHRKVLRDNIQGIT,20,['MLY'],A,331,[2.05],X-ray,2007-10-30T00:00:00Z,
2RKY,B,NEKNGPIIQNNKFEYKEDTIKET,23,,A,93,[1.8],X-ray,2008-08-05T00:00:00Z,
2RKZ,M,XETLTGQYDKNLVTTVEEEYDSX,23,"['ACE', 'NH2']",A,90,[2.0],X-ray,2008-08-05T00:00:00Z,
2RL0,C,GQVTTESNLVEFDEESTK,18,,A,89,[2.0],X-ray,2008-08-05T00:00:00Z,
2RLN,S,KETAAAKFERQHLDSX,16,"['NH2', 'NLE']",E,109,[1.85],X-ray,1994-11-01T00:00:00Z,
2RMA,B,ALLVTAGLVLA,11,"['ABA', 'BMT', 'DAL', 'MLE', 'MVA', 'SAR']",A,165,[2.1],X-ray,1995-02-07T00:00:00Z,
2RMB,B,ALLVXAGLVLA,11,"['ABA', 'DAL', 'DMT', 'MLE', 'MVA', 'SAR']",A,165,[2.1],X-ray,1995-02-07T00:00:00Z,
2RMC,B,ALLVTAGLVLA,11,"['ABA', 'BMT', 'DAL', 'MLE', 'MVA', 'SAR']",A,182,[1.64],X-ray,1995-02-14T00:00:00Z,
2SEM,C,XPPPVGPRR,9,"['ACE', 'IPG']",A,60,[2.2],X-ray,1999-01-06T00:00:00Z,
2STA,I,RVCPRILMECKKDSDCLAECVCLEHGYCG,29,,E,222,[1.8],X-ray,2000-01-19T00:00:00Z,
2STB,I,RVCPKILMECKKDSDCLAECICLEHGYCG,29,,E,222,[1.8],X-ray,2000-01-19T00:00:00Z,
2UVX,I,TTYADFIASGRTGRRNAIHD,20,,A,351,[2.0],X-ray,2007-05-08T00:00:00Z,
2UVY,I,TTYADFIASGRTGRRNAIHD,20,,A,351,[1.95],X-ray,2007-05-08T00:00:00Z,
2UVZ,I,TTYADFIASGRTGRRNAIHD,20,,A,351,[1.94],X-ray,2007-05-08T00:00:00Z,
2UW0,I,TTYADFIASGRTGRRNAIHD,20,,A,351,[2.0],X-ray,2007-05-08T00:00:00Z,
2UW3,I,TTYADFIASGRTGRRNAIHD,20,,A,351,[2.19],X-ray,2007-05-08T00:00:00Z,
2UW4,I,TTYADFIASGRTGRRNAIHD,20,,A,351,[2.0],X-ray,2007-05-08T00:00:00Z,
2UW5,I,TTYADFIASGRTGRRNAIHD,20,,A,351,[2.14],X-ray,2007-05-08T00:00:00Z,
2UW6,I,TTYADFIASGRTGRRNAIHD,20,,A,351,[2.23],X-ray,2007-05-08T00:00:00Z,
2UW7,I,TTYADFIASGRTGRRNAIHD,20,,A,351,[2.1],X-ray,2007-05-08T00:00:00Z,
2UW8,I,TTYADFIASGRTGRRNAIHD,20,,A,351,[2.0],X-ray,2007-05-08T00:00:00Z,
2UW9,C,GRPRTTSFAE,10,,A,342,[2.1],X-ray,2007-05-08T00:00:00Z,
2UZ6,K,GCCSRPPCILNNPDLCX,17,['NH2'],A,217,[2.4],X-ray,2007-08-07T00:00:00Z,
2UZT,B,TTYADFIASGRTGRRNAIHD,20,,A,336,[2.1],X-ray,2007-06-05T00:00:00Z,
2UZU,I,TTYADFIASGRTGRRNAIHD,20,,E,336,[2.4],X-ray,2007-06-05T00:00:00Z,
2UZV,2,TTYADFIASGRTGRRNAIHD,20,,A,336,[2.5],X-ray,2007-06-05T00:00:00Z,
2UZW,I,TTYADFIASGRTGRRNAIHD,20,,E,336,[2.2],X-ray,2007-06-05T00:00:00Z,
2V1R,P,XEAMPPTLPHRDWKD,15,['ACE'],A,80,[2.1],X-ray,2008-06-03T00:00:00Z,
2V1S,H,GPRLSRLLSYAGC,13,['CY3'],A,73,[2.05],X-ray,2007-06-12T00:00:00Z,
2V1T,C,GPRLSRLLSAAGC,13,['CY3'],A,73,[1.92],X-ray,2007-06-12T00:00:00Z,
2V2F,A,LVATTSSKIYDNKNQLIADLGSER,24,,F,390,[1.9],X-ray,2007-12-25T00:00:00Z,
2V3S,C,GRFQVT,6,,A,96,[1.7],X-ray,2007-07-03T00:00:00Z,
2V5F,X,HHHHHH,6,,A,104,[2.03],X-ray,2009-11-17T00:00:00Z,
2V7D,P,KSATTTVMNP,10,['TPO'],A,247,[2.5],X-ray,2008-06-24T00:00:00Z,
2V83,D,ARTKQTARK,9,['M3L'],A,82,[2.4],X-ray,2007-12-11T00:00:00Z,
2V85,D,ARTKQTARKAAG,12,"['M3L', 'NMM']",A,82,[2.0],X-ray,2007-12-11T00:00:00Z,
2V86,D,ARTKQTARA,9,"['DA2', 'M3L']",A,82,[2.05],X-ray,2007-12-11T00:00:00Z,
2V87,D,ARTKQTARKSTGG,13,"['2MR', 'M3L']",A,82,[1.8],X-ray,2007-12-11T00:00:00Z,
2V88,D,ARTKQTAA,8,"['2MR', 'MLY']",A,82,[2.0],X-ray,2007-12-11T00:00:00Z,
2V89,D,ARTKQTAAKA,10,['M3L'],A,82,[1.1],X-ray,2007-12-11T00:00:00Z,
2V8C,C,GPPPPPGPPPPPGPPPPPGL,20,,A,140,[1.98],X-ray,2007-12-18T00:00:00Z,
2V8F,C,IPPPPPLPGVASIPPPPPLPG,21,,A,140,[1.1],X-ray,2007-12-18T00:00:00Z,
2V8W,B,RIIYDRKFLMECRN,14,,A,217,[2.3],X-ray,2007-08-28T00:00:00Z,
2V8X,B,RIIYDRKFLMECRN,14,,A,217,[2.3],X-ray,2007-08-28T00:00:00Z,
2V8Y,B,RIIYDRKFLMECRN,14,,A,217,[2.1],X-ray,2007-08-28T00:00:00Z,
2VAY,B,KFYATFLIQEHFRKFMKRQEE,21,,A,146,[1.94],X-ray,2008-09-16T00:00:00Z,
2VBJ,C,TCTGCCTTTTTTGAAGGATCCTAA,24,,A,152,[1.95],X-ray,2008-10-28T00:00:00Z,
2VBL,C,TCTGCCTTTTTTGA,14,,A,153,[1.8],X-ray,2008-10-28T00:00:00Z,
2VBN,C,TTAGGATCCTTCAA,14,,A,153,[1.9],X-ray,2008-10-28T00:00:00Z,
2VBO,E,TCTGCCTTTTTTGAAGGATCCTAA,24,,B,153,[1.8],X-ray,2008-10-28T00:00:00Z,
2VIF,P,NGNNYVYIDPT,11,['PTR'],A,141,[1.45],X-ray,2007-12-25T00:00:00Z,
2VKN,C,NKPLPPLPLAGS,12,,A,70,[2.05],X-ray,2008-02-05T00:00:00Z,
2VM6,B,DMRPEIWIAQELRRIGDEFNAYYAR,25,,A,150,[2.2],X-ray,2008-02-05T00:00:00Z,
2VNF,B,ARTKQTARKS,10,['M3L'],A,60,[1.76],X-ray,2008-04-01T00:00:00Z,
2VNW,I,TTYADFIASGRTGRRNAIHD,20,,A,351,[2.09],X-ray,2008-04-08T00:00:00Z,
2VNY,I,TTYADFIASGRTGRRNAIHD,20,,A,351,[1.96],X-ray,2008-04-08T00:00:00Z,
2VO0,I,TTYADFIASGRTGRRNAIHD,20,,A,351,[1.94],X-ray,2008-04-08T00:00:00Z,
2VO3,I,TTYADFIASGRTGRRNAIHD,20,,A,351,[1.98],X-ray,2008-04-08T00:00:00Z,
2VO6,I,TTYADFIASGRTGRRNAIHD,20,,A,351,[1.97],X-ray,2008-04-08T00:00:00Z,
2VO7,I,TTYADFIASGRTGRRNAIHD,20,,A,351,[1.98],X-ray,2008-04-08T00:00:00Z,
2VOF,B,EEEWAREIGAQLRRIADDLNAQYERR,26,,A,157,[1.8],X-ray,2008-03-04T00:00:00Z,
2VOG,B,LQHRAEVQIARKLQCIADQFHRLHTQQ,27,,A,157,[1.9],X-ray,2008-03-04T00:00:00Z,
2VOH,B,PNSILGQVGRQLALIGDDINRRYDTE,26,,A,157,[1.9],X-ray,2008-03-04T00:00:00Z,
2VR3,C,QHHLGGAKQAGAV,13,,A,329,[1.95],X-ray,2009-05-19T00:00:00Z,
2VTB,G,TTTTT,5,['TCP'],A,526,[2.01],X-ray,2009-06-02T00:00:00Z,
2VZD,C,MDDLDALLADLESTTSHISK,20,,A,131,[2.1],X-ray,2008-10-28T00:00:00Z,
2VZI,A,ATRELDELMASLSDFKFMAQ,20,,B,131,[2.2],X-ray,2008-10-28T00:00:00Z,
2W0P,C,PEKRVASSVFITLAP,15,,A,94,[1.9],X-ray,2008-09-30T00:00:00Z,
2W0Z,B,APPPRPPKP,9,,A,58,[1.7],X-ray,2009-05-26T00:00:00Z,
2W10,C,PPPRPTAPKPLL,12,,A,62,[1.9],X-ray,2009-05-19T00:00:00Z,
2W2U,C,VRELLPELPHPPSE,14,,A,83,[2.2],X-ray,2009-07-14T00:00:00Z,
2W3O,C,YAGSTDEN,8,"['SEP', 'TPO']",A,113,[1.85],X-ray,2009-02-03T00:00:00Z,
2W5Z,C,ARTKQTARY,9,['MLY'],A,192,[2.2],X-ray,2009-02-10T00:00:00Z,
2W73,K,VIRNKIRAIGKMARVFS,17,,A,149,[1.45],X-ray,2009-05-12T00:00:00Z,
2W9B,C,GGGGGAAGGATTCC,14,['DOC'],A,358,[2.28],X-ray,2009-05-12T00:00:00Z,
2W9R,B,LVKSKATNLLY,11,,A,108,[1.7],X-ray,2009-04-28T00:00:00Z,
2WA8,B,FRSKGEELFT,10,,A,107,[2.15],X-ray,2009-04-28T00:00:00Z,
2WFJ,B,ALLVTAGLVLA,11,"['ABA', 'BMT', 'DAL', 'MLE', 'MVA', 'SAR']",A,179,[0.75],X-ray,2009-06-16T00:00:00Z,
2WHY,B,XGTXGTXGT,9,['DBH'],A,311,[1.7],X-ray,2009-09-29T00:00:00Z,
2WJG,C,AAAAAAA,7,,A,188,[2.2],X-ray,2009-07-28T00:00:00Z,
2WO6,C,ARPGTPAL,8,,A,382,[2.5],X-ray,2009-08-18T00:00:00Z,
2WOK,B,RPPGFSPFR,9,,A,562,[1.7],X-ray,2009-12-08T00:00:00Z,
2WP1,P,KAPRKQLATK,10,['ALY'],A,126,[2.1],X-ray,2009-09-22T00:00:00Z,
2WP2,P,SGRGKGGKGLGKGGAKRHRK,20,['ALY'],A,120,[2.37],X-ray,2009-09-22T00:00:00Z,
2WUH,B,XGPPGPPGPPGPRGQPGVLGFPGPPGPPG,29,"['ACE', 'HYP', 'NLE']",A,178,[1.6],X-ray,2009-12-29T00:00:00Z,
2WV4,C,XAPAKQLLNFD,11,['ACE'],A,214,[2.5],X-ray,2009-10-27T00:00:00Z,
3BU3,B,AYNPYPEDYGDIEIG,15,,A,306,[1.65],X-ray,2008-02-19T00:00:00Z,
3BZI,E,LLCSTPNGL,9,['TPO'],A,239,[2.1],X-ray,2008-02-05T00:00:00Z,
3C1K,B,DFEEIPEEYLQ,11,['TYS'],A,287,[1.84],X-ray,2008-03-18T00:00:00Z,
3D42,B,LTEYVATR,8,['PTR'],A,308,[2.46],X-ray,2009-03-17T00:00:00Z,
3D3X,C,RIMEX,5,['NH2'],A,427,[2.25],X-ray,2008-07-08T00:00:00Z,
3D32,C,DATYTWEHLAWPX,13,['NH2'],A,119,[1.3],X-ray,2008-08-05T00:00:00Z,
3D24,B,QQQKPQRRPCSELLKYLTTNDD,22,,A,253,[2.11],X-ray,2008-06-10T00:00:00Z,
3D23,E,XAVLXX,6,"['010', '02J', 'PJE']",A,302,[2.5],X-ray,2008-09-16T00:00:00Z,
3D1F,P,SEQVELEFD,9,,A,366,[2.0],X-ray,2008-07-29T00:00:00Z,
3D1E,P,TLMTGQLGLF,10,,A,366,[1.9],X-ray,2008-07-29T00:00:00Z,
3CYY,C,RPRPDDLEI,9,,A,92,[2.4],X-ray,2008-09-23T00:00:00Z,
3CY3,B,ARKRRRHPSGPPTA,14,,A,314,[2.15],X-ray,2008-07-15T00:00:00Z,
3CY2,B,ARKRRRHPSGPPTA,14,,A,314,[2.01],X-ray,2008-07-15T00:00:00Z,
3CXW,B,ARKRRRHPSGPPTA,14,,A,314,[2.1],X-ray,2008-07-15T00:00:00Z,
3CWD,C,ERHKILHRLLQEGSPS,16,,A,270,[2.4],X-ray,2008-07-08T00:00:00Z,
3CVP,B,GTLSNRASKL,10,,A,327,[2.0],X-ray,2008-06-24T00:00:00Z,
3CVN,B,RDRAAKL,7,,A,327,[2.0],X-ray,2008-06-24T00:00:00Z,
3CVL,B,HEELAKL,7,,A,327,[2.15],X-ray,2008-06-24T00:00:00Z,
3CV0,B,FNELSHL,7,,A,327,[2.0],X-ray,2008-06-24T00:00:00Z,
3CU8,P,RSTSTPNVH,9,['SEP'],A,245,[2.4],X-ray,2009-05-05T00:00:00Z,
3CS8,B,PSLLKKLLLAPA,12,,A,275,[2.3],X-ray,2008-06-03T00:00:00Z,
3CQW,C,GRPRTTSFAE,10,,A,342,[2.0],X-ray,2008-05-27T00:00:00Z,
3CQU,C,GRPRTTSFAE,10,,A,342,[2.2],X-ray,2008-05-27T00:00:00Z,
3CHF,C,XAXFD,5,"['ACE', 'DAL', 'MEA', 'VR0']",A,433,[1.95],X-ray,2008-03-25T00:00:00Z,
3CH8,P,PQPVDSWV,8,,A,195,[1.9],X-ray,2009-03-31T00:00:00Z,
3CFS,E,QGITKPAIRRLARRG,15,,B,414,[2.4],X-ray,2008-06-10T00:00:00Z,
3CDW,H,GAYTGVPNQKPRVPTLRQAKVQ,22,,A,468,[2.5],X-ray,2008-07-22T00:00:00Z,
3CD3,B,XIYESL,6,['ACE'],A,377,[1.98],X-ray,2008-03-25T00:00:00Z,
3CBP,B,IKRSKKNSLA,10,,A,256,[1.42],X-ray,2008-05-13T00:00:00Z,
3CBO,B,IKRSKKNSLA,10,['MLZ'],A,256,[1.65],X-ray,2008-05-13T00:00:00Z,
3CBM,B,IKRSKKNSLA,10,['MLZ'],A,256,[1.69],X-ray,2008-05-13T00:00:00Z,
3CBL,B,XIYESL,6,['ACE'],A,377,[1.75],X-ray,2008-03-04T00:00:00Z,
3CAL,B,XKGIVTGAVSDHTTVEDTKX,20,"['ACE', 'NH2']",A,90,[1.7],X-ray,2008-08-05T00:00:00Z,
3C8B,B,RRGIX,5,['NH2'],A,432,[1.47],X-ray,2008-04-22T00:00:00Z,
3C8A,B,RRGLX,5,['NH2'],A,432,[1.52],X-ray,2008-04-22T00:00:00Z,
3C89,B,RRGMX,5,['NH2'],A,432,[1.58],X-ray,2008-04-22T00:00:00Z,
3C88,B,RRGCX,5,['NH2'],A,432,[1.6],X-ray,2008-04-22T00:00:00Z,
3C6W,B,ARTKQTARKSTG,12,['M3L'],A,59,[1.75],X-ray,2008-06-03T00:00:00Z,
3C5L,B,PPHST,5,['TPO'],A,221,[2.33],X-ray,2009-02-17T00:00:00Z,
3C5I,E,ENLYFQ,6,,A,369,[2.2],X-ray,2008-02-19T00:00:00Z,
3C4M,C,LNSMERVEWLRKKLQDVHNFX,21,['NH2'],A,539,[1.95],X-ray,2008-04-08T00:00:00Z,
3C3R,B,EDDDIKQLAAWAT,13,,A,380,[2.02],X-ray,2008-06-10T00:00:00Z,
3C3Q,B,KEEEDDDMKELENWAGSM,18,,A,380,[2.1],X-ray,2008-06-10T00:00:00Z,
3C3O,B,DEEALKQLAEWVS,13,,A,380,[2.15],X-ray,2008-06-10T00:00:00Z,
3C2G,C,GDEVKVFR,8,,A,619,[2.5],X-ray,2008-05-20T00:00:00Z,
3BYA,B,KKKATFRAITSTLASSFKRRRSSK,24,,A,148,[1.85],X-ray,2009-01-20T00:00:00Z,
3BXL,B,KIYAAMMIMDYYKQSKVKKQR,21,,A,148,[2.3],X-ray,2008-03-25T00:00:00Z,
3BUX,A,SNESVDYRATFPE,13,['PTR'],B,329,[1.35],X-ray,2008-02-26T00:00:00Z,
3BUW,A,TVSFNPYEPELAP,13,['PTR'],B,329,[1.45],X-ray,2008-02-26T00:00:00Z,
3BUN,A,SHVENDYIDNPSL,13,['PTR'],B,329,[2.0],X-ray,2008-02-26T00:00:00Z,
3BUM,A,IRNTNEYTEGPTV,13,['PTR'],B,329,[2.0],X-ray,2008-02-26T00:00:00Z,
3BU8,C,SFNLAPLGRRRVQSQWAST,19,,A,235,[2.15],X-ray,2008-02-19T00:00:00Z,
3BU6,B,AYNPYPEDYGDIEIG,15,['PTR'],A,306,[1.95],X-ray,2008-02-19T00:00:00Z,
3BU5,B,AYNPYPEDYGDIEIG,15,,A,306,[2.1],X-ray,2008-02-19T00:00:00Z,
3BRL,C,ATSAKATQTD,10,,A,89,[1.9],X-ray,2008-12-30T00:00:00Z,
3BRH,C,DNEYTAR,7,,A,310,[2.2],X-ray,2009-02-17T00:00:00Z,
3BRF,B,TTACTGTGGGAAAGA,15,,A,478,[2.47],X-ray,2008-04-01T00:00:00Z,
3BRD,B,TTACTGTGGGAAAGA,15,,A,477,[2.21],X-ray,2008-04-01T00:00:00Z,
3BQO,B,SHFNLAPLGRRRVQSQWASTR,21,,A,211,[2.0],X-ray,2008-02-19T00:00:00Z,
3BQD,B,AQQKSLLQQLLTE,13,,A,255,[2.5],X-ray,2008-01-15T00:00:00Z,
3BOO,B,XCRATKML,8,"['ACE', 'CSO']",A,425,[1.4],X-ray,2008-05-20T00:00:00Z,
3BO7,E,ALLVTAGLVLA,11,"['ABA', 'BMT', 'DAL', 'MLE', 'MVA', 'SAR']",A,201,[2.35],X-ray,2008-02-19T00:00:00Z,
3BL2,C,TMENLSRRLKVTGDLFDIM,19,,A,131,[2.3],X-ray,2008-02-12T00:00:00Z,
3BIN,B,ARHKGTYFTHEA,12,,A,283,[2.3],X-ray,2008-01-15T00:00:00Z,
3BFW,B,ADSTITIRGYVRDNR,15,,A,132,[1.8],X-ray,2008-03-04T00:00:00Z,
3BFQ,F,ADSTITIRGYVRDNR,15,,G,132,[1.34],X-ray,2008-03-04T00:00:00Z,
3B80,C,NLXQI,5,['LNT'],A,99,[1.5],X-ray,2007-12-18T00:00:00Z,
3B7V,C,NLXQI,5,['LNT'],A,99,[1.46],X-ray,2007-12-18T00:00:00Z,
3APR,I,HPFHXVY,7,"['DHI', 'PUK']",E,325,[1.8],X-ray,1988-01-16T00:00:00Z,
2ZXN,C,KNHPMLMNLLKDN,13,,A,271,[2.1],X-ray,2009-02-17T00:00:00Z,
2ZVW,I,GRKRRQTSMTDFYHSKRRLIFS,22,,A,275,[2.5],X-ray,2009-06-02T00:00:00Z,
2ZVV,X,GRKRRQTSMTDFYHSKRRLIFS,22,,A,276,[2.0],X-ray,2009-06-02T00:00:00Z,
2ZVM,U,ALNTAKKGLIDYYLMPSLSTTSR,23,,A,261,[2.3],X-ray,2009-02-10T00:00:00Z,
2ZVL,U,PKHTLDIFFKPLTH,14,,A,261,[2.5],X-ray,2009-02-10T00:00:00Z,
2ZPY,B,SRRRCGQKKKLVINGGNGTV,20,,A,312,[2.1],X-ray,2008-08-26T00:00:00Z,
2ZNE,C,QGPPYPTYPGYPGYSQ,16,,A,169,[2.2],X-ray,2008-09-09T00:00:00Z,
2ZMJ,C,KNHPMLMNLLKDN,13,,A,271,[2.35],X-ray,2008-09-02T00:00:00Z,
2ZMI,C,KNHPMLMNLLKDN,13,,A,271,[1.7],X-ray,2008-09-02T00:00:00Z,
2ZMH,C,KNHPMLMNLLKDN,13,,A,271,[2.1],X-ray,2008-09-02T00:00:00Z,
2ZLC,C,KNHPMLMNLLKDN,13,,A,271,[2.0],X-ray,2008-06-24T00:00:00Z,
2ZLA,C,KNHPMLMNLLKDN,13,,A,271,[2.0],X-ray,2008-06-24T00:00:00Z,
2ZL9,C,KNHPMLMNLLKDN,13,,A,271,[1.9],X-ray,2008-06-24T00:00:00Z,
2ZJD,B,SGGDDDWTHLS,11,,A,130,[1.56],X-ray,2008-06-03T00:00:00Z,
2ZHR,C,EVNXAEF,7,['1OL'],A,411,[2.5],X-ray,2008-04-22T00:00:00Z,
2ZGJ,B,SSGKVPLS,8,,A,240,[2.3],X-ray,2009-01-27T00:00:00Z,
2ZGH,B,SSGKVPL,7,,A,240,[2.17],X-ray,2009-01-27T00:00:00Z,
2ZFX,C,KNHPMLMNLLKDN,13,,A,265,[1.99],X-ray,2009-01-20T00:00:00Z,
2ZD7,C,EVDLPLSDEEPSS,13,,A,264,[1.85],X-ray,2008-08-12T00:00:00Z,
2Z8P,B,GEATVYA,7,"['PTR', 'TPO']",A,241,[1.8],X-ray,2007-12-18T00:00:00Z,
2Z6W,M,ALLVTAGLVLA,11,"['ABA', 'BMT', 'DAL', 'MLE', 'MVA', 'SAR']",A,165,[0.96],X-ray,2008-04-29T00:00:00Z,
2Z5T,P,SQETFSDLWKLLPEN,15,,M,140,[2.3],X-ray,2007-11-06T00:00:00Z,
2Z5S,P,SQETFSDLWKLLPEN,15,,M,140,[2.3],X-ray,2007-11-06T00:00:00Z,
2Z3N,C,FRYLG,5,,A,233,[2.5],X-ray,2007-10-23T00:00:00Z,
2Z3E,I,XVXLX,5,"['ACE', 'KCQ', 'Z3E']",A,306,[2.32],X-ray,2007-07-03T00:00:00Z,
2Z3D,I,XLAAX,5,"['ACE', 'ECQ', 'OCQ']",A,306,[2.1],X-ray,2007-07-03T00:00:00Z,
2Z3C,B,XVXLX,5,"['ACE', 'ECQ', 'KCQ', 'Z3E']",A,306,[1.79],X-ray,2007-07-03T00:00:00Z,
2Z34,C,IPTKFVQKVTITKEGKKRVAPQLLTTLSA,29,,A,161,[2.4],X-ray,2008-03-11T00:00:00Z,
2Z32,B,AQNEENGEQEADNEVD,16,,A,318,[2.0],X-ray,2008-03-11T00:00:00Z,
2YYR,P,ARTKQTAR,8,['M3L'],A,67,[2.5],X-ray,2008-05-06T00:00:00Z,
3D4B,D,TSRHKKLMA,9,['ALY'],A,246,[1.9],X-ray,2008-09-30T00:00:00Z,
3DD2,B,GGGAACAAAGCUGAAGUACUUACCCT,26,"['CFL', 'UFT']",H,258,[1.9],X-ray,2008-11-11T00:00:00Z,
3DPC,C,HATPPKKEAD,10,['TPO'],A,455,[2.3],X-ray,2009-06-16T00:00:00Z,
3DPO,C,VDKLYALPRPT,11,['ALC'],A,219,[2.1],X-ray,2009-03-10T00:00:00Z,
3DVP,C,TPTRDVATSP,10,,A,91,[2.5],X-ray,2009-01-20T00:00:00Z,
3DY0,B,RSQRLVFNRPFLMFIVDNNILFLGKVNRP,29,,A,336,[1.55],X-ray,2008-10-28T00:00:00Z,
3E7C,D,ENALLRYLLDK,11,,A,257,[2.15],X-ray,2008-11-25T00:00:00Z,
3E8C,G,TTYADFIASGRTGRRNAIHD,20,,A,350,[2.2],X-ray,2008-11-18T00:00:00Z,
3E8E,C,TTYADFIASGRTGRRNAIHD,20,,A,350,[2.0],X-ray,2008-11-18T00:00:00Z,
3ET3,P,HSSLTERHKILHRLLQ,16,,A,292,[1.95],X-ray,2009-02-17T00:00:00Z,
3F6K,N,QLYENKPRRPYIL,13,['PCA'],A,685,[2.0],X-ray,2008-12-30T00:00:00Z,
3FE7,L,XFMAFWEXLX,10,"['1AC', 'ACE', 'AIB', 'NH2', 'PM3']",A,100,[1.35],X-ray,2009-01-27T00:00:00Z,
3FEA,L,XFMAFWEXLX,10,"['1AC', '6CW', 'ACE', 'AIB', 'NH2', 'PM3']",A,100,[1.33],X-ray,2009-01-27T00:00:00Z,
3FJQ,I,TTYADFIASGRTGRRNAIHD,20,,E,350,[1.6],X-ray,2009-08-04T00:00:00Z,
3FUG,B,KHKILHRLLQASS,13,,A,240,[2.0],X-ray,2009-05-12T00:00:00Z,
3FS1,B,AALAALLAA,9,,A,230,[2.2],X-ray,2009-10-27T00:00:00Z,
3FP4,Q,GADNGPTVEEVD,12,,A,537,[2.14],X-ray,2009-07-28T00:00:00Z,
3FP2,Q,EVPADTEMEEVD,12,,A,537,[1.98],X-ray,2009-07-28T00:00:00Z,
3FMA,L,SSIAPPPGLSG,11,,A,100,[2.5],X-ray,2009-12-22T00:00:00Z,
3FIV,I,XAVLAEAX,8,"['ACE', 'ALN', 'NH2']",A,116,[1.85],X-ray,1997-11-12T00:00:00Z,
3FHV,C,SYDPDNKEER,10,"['DAR', 'DGL', 'DPR', 'DTY']",A,156,[1.9],X-ray,2009-10-27T00:00:00Z,
3FG5,C,FLSYK,5,,A,121,[2.5],X-ray,2008-12-23T00:00:00Z,
3FEJ,B,QTSHKLVQLLTTT,13,,A,271,[2.01],X-ray,2009-10-20T00:00:00Z,
3FEI,Z,KDHQLLRYLLDKD,13,,A,267,[2.4],X-ray,2009-10-20T00:00:00Z,
3FDT,T,ARTKQTARKSTGGKA,15,['M3L'],A,59,[2.0],X-ray,2009-01-13T00:00:00Z,
3FDO,B,LTFEHYWAQLTS,12,,A,90,[1.4],X-ray,2008-12-16T00:00:00Z,
3FDM,D,XXAXRXLXKXGDAFNRX,17,"['ACE', 'B3L', 'NH2', 'XCP', 'XPC']",A,158,[2.26],X-ray,2009-03-10T00:00:00Z,
3FDL,B,DMRPEIWIAQELRRIGDEFNAYYARR,26,,A,158,[1.78],X-ray,2009-03-10T00:00:00Z,
3F9Z,E,AKRHRKVLRD,10,,A,166,[1.6],X-ray,2008-11-25T00:00:00Z,
3F9Y,E,AKRHRKVLRD,10,['MLZ'],A,166,[1.5],X-ray,2008-11-25T00:00:00Z,
3F9X,E,AKRHRKVLRD,10,['MLY'],A,166,[1.25],X-ray,2008-11-25T00:00:00Z,
3F9W,E,AKRHRKVLRD,10,,A,166,[1.6],X-ray,2008-11-25T00:00:00Z,
3F7O,X,XAAPV,5,['MSU'],A,284,[2.2],X-ray,2009-11-17T00:00:00Z,
3F7D,B,EEPSLLKKLLLAPA,14,,A,244,[2.2],X-ray,2008-12-09T00:00:00Z,
3F2O,C,DINNNNNIVEDVERKREFYI,20,,A,233,[2.05],X-ray,2008-12-09T00:00:00Z,
3EYD,B,KKGSVVIVGRIVLSGKPAIIPKK,23,,A,200,[2.3],X-ray,2009-02-10T00:00:00Z,
3EXB,B,XGAAX,5,"['EXB', 'NH2']",A,295,[1.6],X-ray,2009-01-13T00:00:00Z,
3EWT,E,SKYITTIAGVMTLSQVKGFVRKNGV,25,,A,154,[2.4],X-ray,2009-10-20T00:00:00Z,
3EWF,I,XRHKK,5,"['ACE', 'ALY']",A,388,[2.5],X-ray,2008-12-30T00:00:00Z,
3EU7,X,KADLGPISLNWFEELSSEA,19,,A,356,[2.2],X-ray,2009-07-28T00:00:00Z,
3ET1,P,SSLTERHKILHRLLQE,16,,A,291,[2.5],X-ray,2009-02-17T00:00:00Z,
3ESK,B,GASSGPTIEEVD,12,,A,129,[2.05],X-ray,2009-07-07T00:00:00Z,
3ERY,P,QLSPFPFDL,9,,A,174,[1.95],X-ray,2008-11-25T00:00:00Z,
3ERD,C,KHKILHRLLQDSS,13,,A,261,[2.03],X-ray,1999-04-08T00:00:00Z,
3ER5,I,PHPFHXVIHK,10,['STA'],E,330,[1.8],X-ray,1991-04-15T00:00:00Z,
3EMY,B,XVVXAX,6,"['IVA', 'STA']",A,329,[1.85],X-ray,2008-10-07T00:00:00Z,
3EMW,B,DINNNNNIVEDVERKREFYI,20,,A,217,[1.8],X-ray,2008-10-28T00:00:00Z,
3EMH,B,ARAEVHLRKSAFD,13,,A,318,[1.37],X-ray,2008-10-07T00:00:00Z,
3EJH,E,GQRGVVGLPGQRGERGFPGLPGY,23,['HYP'],A,93,[2.1],X-ray,2009-02-03T00:00:00Z,
3EHU,C,ARAEQLAQQAHSNRKLMEIIX,21,['NH2'],A,476,[1.96],X-ray,2008-09-30T00:00:00Z,
3EG1,C,XAPSYSPPPPP,11,['ACE'],A,63,[1.85],X-ray,2009-09-15T00:00:00Z,
3ECH,C,RRDYTEQLRRAARRNAWDLYGEHFY,25,,A,142,[1.802],X-ray,2008-10-21T00:00:00Z,
3EBB,E,TEDNDDDLYG,10,,A,304,[1.9],X-ray,2009-02-24T00:00:00Z,
3E94,B,KHKILHRLLQDSS,13,,A,244,[1.9],X-ray,2009-03-10T00:00:00Z,
3E88,C,GRPRTTSFAE,10,,A,335,[2.5],X-ray,2008-10-14T00:00:00Z,
3E87,C,GRPRTTSFAE,10,,A,335,[2.3],X-ray,2008-10-14T00:00:00Z,
3E7A,C,DRXEX,5,"['1ZN', 'ACB', 'FGA', 'MDH']",A,299,[1.63],X-ray,2008-11-04T00:00:00Z,
3E6Y,C,QSYTV,5,['TPO'],A,260,[2.5],X-ray,2009-03-10T00:00:00Z,
3E2B,C,MYHIRSATSAKATQTD,16,,A,89,[2.0],X-ray,2008-08-12T00:00:00Z,
3E1R,C,QAQGPPYPTYPGY,13,,A,58,[2.0],X-ray,2008-11-04T00:00:00Z,
3E0M,E,SHMAEI,6,,A,313,[2.4],X-ray,2009-06-16T00:00:00Z,
3DVU,C,DGGTMENLSRRLKVTGDLFDIMSGQT,26,,A,143,[2.5],X-ray,2008-10-07T00:00:00Z,
3DVK,B,GHMGKIYAAMMIMDYYKQSKVKK,23,,A,148,[2.3],X-ray,2008-11-04T00:00:00Z,
3DVE,B,HMGKVYAALMIFDFYKQNKTSRD,23,,A,148,[2.35],X-ray,2008-11-04T00:00:00Z,
3DS9,B,XRWTAMLG,8,"['01W', 'DAB']",A,417,[1.758],X-ray,2008-09-30T00:00:00Z,
3DS4,T,ITFEDLLDYYGP,12,,A,86,[1.12],X-ray,2008-09-02T00:00:00Z,
3DS1,T,ITFEDLLDYYGP,12,,A,86,[1.6],X-ray,2008-09-02T00:00:00Z,
3DS0,T,ITFEDLLDYYGP,12,,A,86,[1.6],X-ray,2008-09-02T00:00:00Z,
3DRK,B,SFANG,5,,A,590,[1.8],X-ray,2009-03-31T00:00:00Z,
3DRJ,B,AHAKA,5,,A,590,[1.5],X-ray,2009-03-31T00:00:00Z,
3DRI,B,AASASA,6,,A,590,[1.8],X-ray,2009-03-31T00:00:00Z,
3DRH,B,AAAAAA,6,,A,590,[1.7],X-ray,2009-03-31T00:00:00Z,
3DRG,B,RPPGFSPFA,9,,A,590,[2.5],X-ray,2009-03-31T00:00:00Z,
3DRF,B,ASNSIASG,8,,A,590,[1.3],X-ray,2009-03-31T00:00:00Z,
3DPP,C,VDKLYALPRPTPPRPIYNRN,20,['ALC'],A,219,[2.5],X-ray,2009-03-10T00:00:00Z,
3DOW,B,SLEDDWDFLPPX,12,['NH2'],A,119,[2.3],X-ray,2009-02-24T00:00:00Z,
3DNJ,C,YLFVQRDSKE,10,,A,85,[1.15],X-ray,2008-11-18T00:00:00Z,
3DNE,I,TTYADFIASGRTGRRNAIHD,20,,A,350,[2.0],X-ray,2009-06-23T00:00:00Z,
3DND,I,TTYADFIASGRTGRRNAIHD,20,,A,350,[2.26],X-ray,2009-06-23T00:00:00Z,
3DM1,B,KVHRARKTMSKP,12,['M3L'],A,58,[2.4],X-ray,2008-08-19T00:00:00Z,
3DKS,E,XPIPFLSQKD,10,"['ACE', 'HSE']",A,189,[1.9],X-ray,2009-05-12T00:00:00Z,
3DIW,C,NQLAWFDTDL,10,,A,124,[2.1],X-ray,2008-10-21T00:00:00Z,
3DDB,B,RRATKMX,7,['NH2'],A,430,[1.6],X-ray,2008-09-16T00:00:00Z,
3DDA,B,QRATKMX,7,['NH2'],A,430,[1.5],X-ray,2008-09-16T00:00:00Z,
3DD7,B,ALDAEFASLFDTLDSTNKEMVNR,23,['MSE'],A,135,[1.7],X-ray,2008-09-16T00:00:00Z,
3DCT,B,KESKDHQLLRYLLDKDEKDLR,21,,A,235,[2.5],X-ray,2008-08-12T00:00:00Z,
3DB3,B,TARKST,6,['M3L'],A,161,[2.4],X-ray,2008-09-16T00:00:00Z,
3DAC,B,ETFSDLWKLLPENNVLSPLPS,21,,A,130,[1.8],X-ray,2008-09-02T00:00:00Z,
3D9U,B,AVPIAQ,6,,A,97,[2.3],X-ray,2008-06-10T00:00:00Z,
3D9T,C,ATPFQE,6,,A,97,[1.5],X-ray,2008-06-10T00:00:00Z,
3D9P,Y,YSPTSPSYSPTSPS,14,['SEP'],A,145,[2.1],X-ray,2008-06-10T00:00:00Z,
3D9O,Z,YSPTSPSYSPTSPS,14,,A,145,[2.0],X-ray,2008-06-10T00:00:00Z,
3D9N,Y,YSPTSPSYSPTSPS,14,['SEP'],A,145,[1.6],X-ray,2008-06-10T00:00:00Z,
3D9M,Y,YSPTSPSYSPTSPS,14,['SEP'],A,145,[1.75],X-ray,2008-06-10T00:00:00Z,
3D9L,Y,XYSPTSPSYSPTSPS,15,"['BTN', 'SEP']",A,145,[2.2],X-ray,2008-06-10T00:00:00Z,
3D9K,Y,YSPTSPSYSPTSPS,14,['SEP'],A,145,[2.2],X-ray,2008-06-10T00:00:00Z,
3D8C,B,DESGLPQLTSYDCEVNAPI,19,,A,349,[2.1],X-ray,2008-08-12T00:00:00Z,
3D81,C,SRHKKLMF,8,['FZN'],A,246,[2.5],X-ray,2008-09-30T00:00:00Z,
3D7V,B,DMRPEIWIAQEARRIGDEANAYYARR,26,,A,162,[2.03],X-ray,2008-06-24T00:00:00Z,
3D44,B,LDEYVATR,8,['PTR'],A,308,[1.9],X-ray,2009-03-17T00:00:00Z,
3FUR,H,TSHKLVQLLTTT,12,,A,272,[2.3],X-ray,2009-06-09T00:00:00Z,
3FV3,I,XVVXAX,6,"['IVA', 'STA']",A,339,[1.85],X-ray,2009-05-19T00:00:00Z,
3FVH,B,XLHSTAX,7,"['ACE', 'NH2', 'TPO']",A,237,[1.58],X-ray,2009-08-04T00:00:00Z,
3FWV,C,XMEEVF,6,['ACE'],A,128,[2.2],X-ray,2009-04-21T00:00:00Z,
3FXV,B,KDHQLLRYLLDKD,13,,A,233,[2.26],X-ray,2009-04-14T00:00:00Z,
3FXX,B,KQWDNYEYIW,10,['PTR'],A,371,[1.7],X-ray,2009-02-03T00:00:00Z,
3FY2,B,KQWDNYEFIW,10,,A,371,[1.8],X-ray,2009-02-03T00:00:00Z,
3G03,B,LTFEHYWAQLTS,12,,A,109,[1.8],X-ray,2009-04-14T00:00:00Z,
3G1B,C,WLFVQRDSKE,10,,A,85,[1.448],X-ray,2009-04-28T00:00:00Z,
3G2S,C,ITGFSDDVPMVIA,13,,A,149,[1.7],X-ray,2009-12-15T00:00:00Z,
3G2T,C,ITGFSDDVPMVIA,13,['SEP'],A,149,[2.0],X-ray,2009-12-15T00:00:00Z,
3G2U,C,SGYHDDSDEDLLE,13,,A,149,[2.301],X-ray,2009-12-15T00:00:00Z,
3G2V,C,SGYHDDSDEDLLE,13,['SEP'],A,149,[2.1],X-ray,2009-12-15T00:00:00Z,
3G2W,C,SASVSLLDDELMSL,14,['SEP'],A,149,[2.4],X-ray,2009-12-15T00:00:00Z,
3G7L,P,ARTKQTARKSTGGKAY,16,['M3L'],A,61,[2.2],X-ray,2009-04-21T00:00:00Z,
3G8F,B,XVARS,5,['PHQ'],A,121,[1.25],X-ray,2009-03-10T00:00:00Z,
3G8I,Z,KDHQLLRYLLDKD,13,,A,270,[2.2],X-ray,2009-06-02T00:00:00Z,
3G9E,B,QTSHKLVQLLTTT,13,,A,271,[2.3],X-ray,2009-06-02T00:00:00Z,
3GCI,P,VGGVVIA,7,,A,119,[2.04],X-ray,2009-03-10T00:00:00Z,
3GJO,E,GSRPSTAKPSKIPTPQRKSPASKLDKSSKR,30,,A,72,[2.5],X-ray,2009-08-04T00:00:00Z,
3GL6,B,ARTKQTARK,9,['M3L'],A,52,[1.9],X-ray,2009-05-05T00:00:00Z,
3GLR,B,TRSGKVMRRLLR,12,['ALY'],A,285,[1.8],X-ray,2009-06-16T00:00:00Z,
3GLT,B,TRSGKVMRRLLR,12,['FZN'],A,285,[2.1],X-ray,2009-06-16T00:00:00Z,
3GLU,B,TRSGKVMRRLLR,12,,A,285,[2.5],X-ray,2009-06-16T00:00:00Z,
3GN8,C,PVSPKKKENALLRYLLDKDDT,21,,A,249,[2.5],X-ray,2009-09-22T00:00:00Z,
3GQ1,C,WLFVQRDSKE,10,,A,85,[1.496],X-ray,2009-05-05T00:00:00Z,
3GV4,H,RLRGG,5,,A,107,[1.72],X-ray,2009-04-28T00:00:00Z,
3GV6,B,ARTKQTARKSTGGKA,15,['M3L'],A,58,[1.76],X-ray,2009-04-21T00:00:00Z,
3GYT,B,AQQKSLLQQLLTE,13,,A,244,[2.4],X-ray,2009-07-07T00:00:00Z,
3GYU,B,AQQKSLLQQLLTE,13,,A,244,[2.4],X-ray,2009-07-07T00:00:00Z,
3GZ1,P,INTTNAHSTSNILIPELKAPKS,22,,A,151,[2.15],X-ray,2009-06-16T00:00:00Z,
3GZE,X,SPSPSPSPSP,10,,A,225,[1.98],X-ray,2009-06-23T00:00:00Z,
3H1Z,P,YFPTDERSWVYSPLH,15,,A,260,[1.83],X-ray,2009-11-24T00:00:00Z,
3H3G,B,GKSIQDLRRRFFLHHLIAEIHTAX,24,['NH2'],A,539,[1.94],X-ray,2009-08-11T00:00:00Z,
3H5R,E,MRTGNAN,7,['SNN'],A,353,[2.1],X-ray,2009-06-16T00:00:00Z,
3H8K,B,WSADERQRMLVQRKDELLQQARKRFLNK,28,,A,164,[1.8],X-ray,2009-07-14T00:00:00Z,
3H91,C,QLATKAARKSAPATG,15,['M3L'],A,54,[1.5],X-ray,2009-08-18T00:00:00Z,
3H9G,E,MRTGNAN,7,['XSN'],A,353,[2.2],X-ray,2009-06-16T00:00:00Z,
3H9J,E,MRTGNAN,7,['MSE'],A,353,[2.3],X-ray,2009-06-16T00:00:00Z,
3HBV,Z,AKASQAA,7,,P,462,[1.95],X-ray,2009-06-30T00:00:00Z,
3HDA,Z,AEAAQA,6,,P,462,[2.131],X-ray,2009-06-30T00:00:00Z,
3HDS,E,ASWSA,5,,A,116,[1.45],X-ray,2009-09-29T00:00:00Z,
3HIK,B,XPLHST,6,"['ACE', 'TPO']",A,237,[1.77],X-ray,2009-06-09T00:00:00Z,
3HM6,C,XXXXXXXXXXXXXXXXXXXXXXXXXXX,27,['UNK'],X,644,[2.402],X-ray,2009-06-09T00:00:00Z,
3HNA,P,ARTKQTARKST,11,['MLZ'],A,287,[1.5],X-ray,2009-06-09T00:00:00Z,
3HQH,M,KAASADSTTEGTPAD,15,,A,145,[2.3],X-ray,2009-10-20T00:00:00Z,
3HQL,C,ENLACDEVTSTTSSST,16,,A,145,[1.66],X-ray,2009-10-20T00:00:00Z,
3HQM,C,NTLFPDVSSSTH,12,,A,145,[1.74],X-ray,2009-10-20T00:00:00Z,
3HQR,S,DLEMLAPYIPMDDDFQL,17,,A,246,[2.0],X-ray,2009-07-28T00:00:00Z,
3HQU,S,DLEMLAPYIPMDDDFQL,17,,A,246,[2.3],X-ray,2009-07-28T00:00:00Z,
3HSV,M,XDSTTEGTPADGFTVL,16,['ACE'],A,145,[1.43],X-ray,2009-10-20T00:00:00Z,
3HUF,E,IQELDSTTDEDEI,13,"['SEP', 'TPO']",A,325,[2.15],X-ray,2009-10-13T00:00:00Z,
3HXG,C,SGSGRIIYDRKFLMECRNSPV,21,,A,189,[2.1],X-ray,2009-08-25T00:00:00Z,
3HXI,C,SGSGRIIYDRKFLMECRNSPV,21,,A,189,[1.8],X-ray,2009-08-25T00:00:00Z,
3I1H,B,GQVGRQLAIIGDDINR,16,,A,161,[2.2],X-ray,2009-07-14T00:00:00Z,
3I90,C,QLATKAARKSA,11,['M3L'],A,51,[2.0],X-ray,2009-09-08T00:00:00Z,
3I91,C,QTARKSTG,8,['M3L'],A,54,[1.55],X-ray,2009-09-08T00:00:00Z,
3IG6,A,KPSSPPEELKFQCGQKTLRPRFK,23,,B,253,[1.83],X-ray,2009-10-13T00:00:00Z,
3IIQ,C,SAGGAY,6,"['5PG', 'DAL', 'DSE']",A,249,[2.0],X-ray,2009-09-01T00:00:00Z,
3IIW,B,TKAARKSAPAT,11,['M3L'],A,365,[1.8],X-ray,2009-09-15T00:00:00Z,
3IJ0,B,KQTARKSTGGK,11,['M3L'],A,365,[2.45],X-ray,2009-09-15T00:00:00Z,
3IJ1,B,AKRHRKVLRDN,11,['M3L'],A,365,[2.1],X-ray,2009-09-15T00:00:00Z,
3IO8,B,DMRPEIWIAQEFRRIGDEFNAYYARR,26,,A,158,[2.3],X-ray,2009-09-01T00:00:00Z,
3IO9,B,DMRPEIWIAQEYRRIGDEFNAYYARR,26,,A,162,[2.4],X-ray,2009-09-01T00:00:00Z,
3IQG,P,MNWNI,5,,X,316,[1.9],X-ray,2009-11-17T00:00:00Z,
3IQH,P,MNYDI,5,,X,316,[1.9],X-ray,2009-11-17T00:00:00Z,
3IQI,P,MNENI,5,,X,316,[1.7],X-ray,2009-11-17T00:00:00Z,
3ITB,L,AEKAA,5,"['DAL', 'FGA']",A,352,[1.8],X-ray,2009-10-20T00:00:00Z,
3IUX,B,CNCKAPETFLCYWRCLQH,18,['HIA'],A,85,[1.65],X-ray,2009-10-27T00:00:00Z,
3IVB,M,KAASADSTTEGTPAD,15,,A,145,[1.75],X-ray,2009-10-20T00:00:00Z,
3IVQ,C,NTLFPDVSSSTH,12,,A,145,[2.1],X-ray,2009-10-20T00:00:00Z,
3IVV,D,DEVTSTTSSS,10,,A,145,[1.25],X-ray,2009-10-20T00:00:00Z,
3JPV,B,ARKRRRHPSGPPTA,14,,A,313,[2.35],X-ray,2009-10-27T00:00:00Z,
3JPX,B,GGAKRHRKVLRDNIQ,15,['M3L'],A,402,[2.05],X-ray,2009-10-20T00:00:00Z,
3JQ5,B,DAEFRHDS,8,,A,119,[2.03],X-ray,2009-09-29T00:00:00Z,
3JQL,B,KLVFFA,6,,A,119,[1.2],X-ray,2009-09-29T00:00:00Z,
3JR3,D,KKGQSTSRHKKLRFKTEG,18,['ALY'],A,246,[1.5],X-ray,2009-09-29T00:00:00Z,
3JRV,C,SFGSRSDSRGKSSFFSDRGS,20,,A,149,[1.6],X-ray,2009-11-10T00:00:00Z,
3JVK,C,GGKAPRKQ,8,['ALY'],A,131,[1.8],X-ray,2009-10-13T00:00:00Z,
3JZH,B,DFKTD,5,['M3L'],A,402,[2.05],X-ray,2009-12-15T00:00:00Z,
3JZO,P,LTFEHYWAQLTS,12,,A,89,[1.8],X-ray,2009-11-10T00:00:00Z,
3JZP,P,LTFEHWWAQLTS,12,,A,89,[1.74],X-ray,2009-11-10T00:00:00Z,
3JZQ,P,ETFEHWWSQLLS,12,,A,89,[1.8],X-ray,2009-11-10T00:00:00Z,
3JZR,P,LTFEHWWAQLTS,12,,A,110,[2.1],X-ray,2009-11-10T00:00:00Z,
3JZS,P,ETFEHWWSQLLS,12,,A,86,[1.78],X-ray,2009-11-10T00:00:00Z,
3K26,B,ARTKKQTARKST,12,['M3L'],A,366,[1.58],X-ray,2009-12-15T00:00:00Z,
3K27,B,KQTARKSTG,9,['M3L'],A,366,[1.76],X-ray,2009-12-15T00:00:00Z,
3KIK,E,GSTIDSISNGILNNLLTTLIQDIVARETT,29,,A,96,[2.1],X-ray,2009-12-08T00:00:00Z,
3KV4,B,ARTKQTARKSTGGKAPRKQLATKA,24,"['M3L', 'MLY']",A,447,[2.19],X-ray,2009-12-22T00:00:00Z,
3LPR,P,XAAPL,5,"['BNO', 'MSU']",A,198,[2.15],X-ray,1993-01-15T00:00:00Z,
3MAT,I,XALVX,5,"['0A9', 'AHH']",A,265,[2.0],X-ray,1999-06-18T00:00:00Z,
3PRK,I,XAAPAX,6,"['0QE', 'ALV', 'MSU']",E,279,[2.2],X-ray,1994-01-31T00:00:00Z,
3SEM,C,PPPVGPRRR,9,['NMC'],A,60,[2.2],X-ray,1999-01-06T00:00:00Z,
3SGA,P,XPAPF,5,"['ACE', 'PHL']",E,181,[1.8],X-ray,1991-10-15T00:00:00Z,
3SRN,B,PYVPVHFNASV,11,,A,113,[2.0],X-ray,1994-12-20T00:00:00Z,
4APR,I,XHPFHXLF,8,"['IVA', 'STA']",E,325,[2.5],X-ray,1991-04-15T00:00:00Z,
4ER2,I,XVVXAX,6,"['IVA', 'STA']",E,330,[2.0],X-ray,1991-01-15T00:00:00Z,
4ER4,I,PHPFHXIHK,9,['LAV'],E,330,[2.1],X-ray,1991-04-15T00:00:00Z,
4EST,I,XAPVXX,6,"['ACE', 'FPA', 'PEA', 'VAI']",E,240,[1.78],X-ray,1992-04-15T00:00:00Z,
4SGA,P,XPAPF,5,['ACE'],E,181,[1.8],X-ray,1991-10-15T00:00:00Z,
5APR,I,HPFCXLFX,8,"['DHL', 'STA']",E,325,[2.1],X-ray,1991-04-15T00:00:00Z,
5SGA,P,XPAPY,5,['ACE'],E,181,[1.8],X-ray,1991-10-15T00:00:00Z,
6APR,I,XVVXAX,6,"['IVA', 'STA']",E,325,[2.5],X-ray,1991-04-15T00:00:00Z,
9LPR,P,XAAPL,5,"['BLE', 'MSU']",A,198,[2.2],X-ray,1993-01-15T00:00:00Z,
8PCH,P,EPQNCSAT,8,,A,220,[2.1],X-ray,1998-12-09T00:00:00Z,
8LPR,P,XAAPF,5,"['B2F', 'MSU']",A,198,[2.25],X-ray,1993-01-15T00:00:00Z,
8HVP,I,VSQNXIV,7,['LOV'],A,99,[2.5],X-ray,1993-10-31T00:00:00Z,
7LPR,P,XAAPL,5,"['BLE', 'MSU']",A,198,[2.05],X-ray,1993-01-15T00:00:00Z,
7HVP,C,XSLNXIX,7,"['ACE', 'JG3', 'VME']",A,99,[2.4],X-ray,1993-07-15T00:00:00Z,
6LPR,P,XAAPL,5,"['BNO', 'MSU']",A,198,[2.1],X-ray,1993-01-15T00:00:00Z,
5LPR,P,XAAPA,5,"['B2A', 'MSU']",A,198,[2.13],X-ray,1993-01-15T00:00:00Z,
5HVP,C,XVVXAX,6,"['ACE', 'STA']",A,99,[2.0],X-ray,1991-10-15T00:00:00Z,
4SRN,B,PYVPVHFAASV,11,,A,113,[2.0],X-ray,1994-12-20T00:00:00Z,
