pdb_id,peptide_chain,peptide_seq,peptide_len,peptide_nonstd,receptor_chain,receptor_len,receptor_seq_md5,resolution_A,method,deposition_date,family_hint,excluded_reason,ppii_residues,ppii_fraction,consecutive_pro,passes_ppii_filter
1BBZ,,,0,,,0,,[1.65],X-ray,1998-11-25T00:00:00Z,,chain_count,0,0.0,0,False
1D6W,I,DFEEIPEEL,9,,A,241,7496357374b5702efb9adf6ba4f90a99,[2.0],X-ray,2000-10-25T00:00:00Z,unclassified,,4,0.5,1,True
1DXP,,,0,,,0,,[2.4],X-ray,2001-01-12T00:00:00Z,,chain_count,0,0.0,0,False
1DY8,,,0,,,0,,[2.4],X-ray,2001-01-28T00:00:00Z,,chain_count,0,0.0,0,False
1DY9,,,0,,,0,,[2.1],X-ray,2001-01-28T00:00:00Z,,chain_count,0,0.0,0,False
1EMU,B,SEDDLLQECISSAMPK,16,,A,132,c2779816d8235470c99358381f01b757,[1.9],X-ray,2000-07-05T00:00:00Z,unclassified,fails_ppii_filter,2,0.143,1,False
1G37,B,FEAIPAEYL,9,,A,241,1046236e654c766fe5f0f9df33327920,[2.0],X-ray,2001-04-21T00:00:00Z,unclassified,,3,0.429,1,True
1IR3,B,GDYMNM,6,,A,303,09b67a0e8bf8e5d37b5e678094aebced,[1.9],X-ray,1998-01-07T00:00:00Z,unclassified,fails_ppii_filter,1,0.25,0,False
1J19,B,RRRTGTYGVLAAWRRL,16,,A,316,56dc6c937e72391f7a1adbe571b48d46,[2.4],X-ray,2003-03-11T00:00:00Z,unclassified,fails_ppii_filter,0,0.0,0,False
1JG3,,,0,,,0,,[2.1],X-ray,2001-11-16T00:00:00Z,,chain_count,0,0.0,0,False
1JXP,,,0,,,0,,[2.2],X-ray,1998-01-14T00:00:00Z,,chain_count,0,0.0,0,False
1K3A,B,GEYVNIEF,8,,A,291,b4554488f95a461ea851952cc47dc1db,[2.1],X-ray,2001-11-28T00:00:00Z,unclassified,fails_ppii_filter,1,0.167,0,False
1K4W,B,HKILHRLLQE,10,,A,244,15c8d8a00910fa83385e5d57be201627,[1.9],X-ray,2002-04-09T00:00:00Z,unclassified,fails_ppii_filter,0,0.0,0,False
1LEW,B,KPDLRVVIPP,10,,A,341,ee65ddfcf46307c363967ce89460df82,[2.3],X-ray,2002-07-10T00:00:00Z,unclassified,,3,0.375,2,True
1LEZ,B,KKDLRISC,8,,A,343,6963fbbb1d998ee16e0672e2a951439a,[2.3],X-ray,2002-07-10T00:00:00Z,unclassified,fails_ppii_filter,1,0.167,0,False
1OJ5,B,LPPTEQDLTKLLLE,14,,A,105,9da6f614735f9876cb3e9d3b83c564da,[2.21],X-ray,2004-02-12T00:00:00Z,unclassified,,3,0.25,2,True
1OXN,,,0,,,0,,[2.2],X-ray,2003-08-26T00:00:00Z,,chain_count,0,0.0,0,False
1OXQ,,,0,,,0,,[2.3],X-ray,2003-08-26T00:00:00Z,,chain_count,0,0.0,0,False
1PCX,B,LASLESQS,8,,A,745,d267fcb2cac4df6daf2106d30b49214f,[2.5],X-ray,2003-08-19T00:00:00Z,unclassified,fails_ppii_filter,0,0.0,0,False
1RTF,A,CGLRQYS,7,,B,228,2f9e8cc71b6cb8c868a7cb20154516be,[2.3],X-ray,1997-01-11T00:00:00Z,unclassified,fails_ppii_filter,1,0.167,0,False
1TW6,,,0,,,0,,[1.713],X-ray,2004-11-02T00:00:00Z,,chain_count,0,0.0,0,False
1U00,P,ELPPVKIHC,9,,A,227,bd947f4661a7773b420f88f981c94b8f,[1.95],X-ray,2004-10-05T00:00:00Z,unclassified,,4,0.571,2,True
1UKH,B,PKRPTTLNLF,10,,A,321,42ac6e4be0e0f35b1174e94fe9d9fe7e,[2.35],X-ray,2004-08-30T00:00:00Z,unclassified,,3,0.375,1,True
1UTI,D,GQPPLVPPRKEKMRGK,16,,A,57,917cff18fb527d17674961ec17f1ea1b,[1.5],X-ray,2004-05-06T00:00:00Z,unclassified,,9,0.643,2,True
1V9T,,,0,,,0,,[1.7],X-ray,2004-09-21T00:00:00Z,,chain_count,0,0.0,0,False
1VAI,,,0,,,0,,[1.8],X-ray,2004-09-21T00:00:00Z,,chain_count,0,0.0,0,False
1W3C,,,0,,,0,,[2.3],X-ray,2004-12-09T00:00:00Z,,chain_count,0,0.0,0,False
1XH9,B,TTYADFIASGRTGRRNAIHD,20,,A,338,a28039cbb0ee3fb2d86dbd9c55675ea6,[1.64],X-ray,2005-09-17T00:00:00Z,unclassified,fails_ppii_filter,5,0.278,0,False
1Z9O,,,0,,,0,,[1.9],X-ray,2005-07-19T00:00:00Z,,chain_count,0,0.0,0,False
1ZUK,,,0,,,0,,[1.9],X-ray,2006-08-15T00:00:00Z,,chain_count,0,0.0,0,False
2BCD,,,0,,,0,,[2.1],X-ray,2006-01-17T00:00:00Z,,peptide_length,0,0.0,0,False
2BDX,,,0,,,0,,[2.3],X-ray,2006-01-17T00:00:00Z,,peptide_length,0,0.0,0,False
2C77,B,SVGSP,5,,A,404,575144c77b520fa0a2bf4ca3e5337ce1,[1.6],X-ray,2006-03-16T00:00:00Z,unclassified,,3,0.25,1,True
2CHN,,,0,,,0,,[1.95],X-ray,2006-05-08T00:00:00Z,,peptide_length,0,0.0,0,False
2CHO,,,0,,,0,,[1.85],X-ray,2006-06-19T00:00:00Z,,peptide_length,0,0.0,0,False
2DF6,,,0,,,0,,[1.3],X-ray,2006-04-11T00:00:00Z,,chain_count,0,0.0,0,False
2DRK,B,RPKPVPPPRG,10,,A,59,cd46a92e78efb61f110d45f89030655f,[1.42],X-ray,2007-05-29T00:00:00Z,unclassified,,6,0.75,3,True
2DRM,,,0,,,0,,[1.35],X-ray,2007-05-29T00:00:00Z,,chain_count,0,0.0,0,False
2DZE,,,0,,,0,,[1.8],X-ray,2007-10-16T00:00:00Z,,chain_count,0,0.0,0,False
2FFU,P,STTPAPTTK,9,,A,494,b5ae85a98e21d3e3b57e42bae138a3b3,[1.64],X-ray,2006-01-31T00:00:00Z,unclassified,,6,0.857,1,True
2HC4,B,RHKILHRLLQ,10,,A,239,59ff30e3d80dfea8f4ea8d15fccdd0d4,[2.2],X-ray,2007-05-01T00:00:00Z,unclassified,fails_ppii_filter,0,0.0,0,False
2J7X,B,IQSLINLLADN,11,,A,228,6d94f09c0300a98280c9acdbb860a52d,[2.1],X-ray,2006-11-07T00:00:00Z,unclassified,fails_ppii_filter,0,0.0,0,False
2J7Y,B,QSLINLLAD,9,,A,226,a7660ea100fcf8c4c0e50bbe0220ecd8,[1.8],X-ray,2006-11-07T00:00:00Z,unclassified,fails_ppii_filter,1,0.143,0,False
2JDO,C,GRPRTTSFAE,10,,A,315,c9afc4e83367443fb6cee114c7dd143a,[1.8],X-ray,2007-02-13T00:00:00Z,unclassified,,3,0.375,1,True
2JDR,C,GRPRTTSFAE,10,,A,317,8ffceaaa5c4ba7f405db72a044602af2,[2.3],X-ray,2007-02-13T00:00:00Z,unclassified,,3,0.375,1,True
2JKG,P,PPPPPPPP,8,,A,165,f06ef0164f78cd1a9a7d22bedbe52e56,[1.89],X-ray,2008-09-23T00:00:00Z,unclassified,,6,1.0,8,True
2O88,,,0,,,0,,[1.75],X-ray,2007-05-01T00:00:00Z,,chain_count,0,0.0,0,False
2P5B,,,0,,,0,,[1.99],X-ray,2007-06-12T00:00:00Z,,chain_count,0,0.0,0,False
2PQW,B,RHRMVLRDN,9,MLY,A,315,ff994eb519bfaf47b8feb003e76ce5fa,[2.0],X-ray,2007-07-31T00:00:00Z,unclassified,fails_ppii_filter,4,0.571,0,False
2Q5Y,,,0,,,0,,[2.3],X-ray,2008-10-14T00:00:00Z,,chain_count,0,0.0,0,False
2Q8C,,,0,,,0,,[2.047],X-ray,2007-07-03T00:00:00Z,,chain_count,0,0.0,0,False
2Q8D,,,0,,,0,,[2.29],X-ray,2007-07-03T00:00:00Z,,chain_count,0,0.0,0,False
2Q8E,,,0,,,0,,[2.05],X-ray,2007-07-03T00:00:00Z,,chain_count,0,0.0,0,False
2RHI,,,0,,,0,,[1.66],X-ray,2007-12-11T00:00:00Z,,peptide_length,0,0.0,0,False
2UW9,C,GRPRTTSFAE,10,,A,317,8ffceaaa5c4ba7f405db72a044602af2,[2.1],X-ray,2007-05-08T00:00:00Z,unclassified,,3,0.375,1,True
2V8C,C,GPPPPPGPPPPPG,13,,A,139,4d1624a60a162484f3edda7bde16a117,[1.98],X-ray,2007-12-18T00:00:00Z,unclassified,,9,0.818,5,True
2VKN,C,KPLPPLPLA,9,,A,66,b774df7318a60ad7b279273b42148452,[2.05],X-ray,2008-02-05T00:00:00Z,unclassified,,7,1.0,2,True
2VR3,,,0,,,0,,[1.95],X-ray,2009-05-19T00:00:00Z,,chain_count,0,0.0,0,False
2W3O,,,0,,,0,,[1.85],X-ray,2009-02-03T00:00:00Z,,chain_count,0,0.0,0,False
2WP1,,,0,,,0,,[2.1],X-ray,2009-09-22T00:00:00Z,,chain_count,0,0.0,0,False
2X04,,,0,,,0,,[1.49],X-ray,2010-01-19T00:00:00Z,,chain_count,0,0.0,0,False
2X39,C,GRPRTTSFAE,10,,A,317,8ffceaaa5c4ba7f405db72a044602af2,[1.93],X-ray,2010-02-23T00:00:00Z,unclassified,,4,0.5,1,True
2Y0I,S,SVVEYLLQHGADVH,14,,A,339,3f7903f7de5af220074d3b91ca51d19d,[2.28],X-ray,2011-02-02T00:00:00Z,unclassified,fails_ppii_filter,2,0.167,0,False
2Y9Q,B,MKLSPPSKSRLARRRAL,17,,A,350,a045a84f133447715b86287b2d2369c2,[1.55],X-ray,2012-02-29T00:00:00Z,unclassified,,4,0.267,2,True
2YCH,B,MIRLNLLP,8,,A,336,9424cdb817c65586b1941cbbeb11be06,[2.2],X-ray,2011-05-11T00:00:00Z,unclassified,fails_ppii_filter,1,0.167,1,False
2ZNE,,,0,,,0,,[2.2],X-ray,2008-09-09T00:00:00Z,,chain_count,0,0.0,0,False
2ZPY,B,QKKKLVING,9,,A,295,ac3247df94f115e0c9bfa32e2a418cc0,[2.1],X-ray,2008-08-26T00:00:00Z,unclassified,fails_ppii_filter,1,0.143,0,False
3AP1,,,0,,,0,,[1.9],X-ray,2011-10-26T00:00:00Z,,chain_count,0,0.0,0,False
3AP2,,,0,,,0,,[2.4],X-ray,2011-10-26T00:00:00Z,,chain_count,0,0.0,0,False
3BRD,D,RRMINASVWMPPMEN,15,,A,427,e50a4e0d966c2c64ae52f6190487ddf6,[2.21],X-ray,2008-04-01T00:00:00Z,unclassified,,4,0.308,2,True
3CFS,E,QGITKPAIRRLARRG,15,,B,383,3b19da64cb3bbf0434928f36a000e385,[2.4],X-ray,2008-06-10T00:00:00Z,unclassified,fails_ppii_filter,1,0.077,1,False
3DRF,B,ASNSIASG,8,,A,539,b890b06388ad1a05b7cab8249773607f,[1.3],X-ray,2009-03-31T00:00:00Z,unclassified,fails_ppii_filter,2,0.333,0,False
3DRG,B,RPPGFSPFA,9,,A,562,b0d9d1cb48d671953ff786c81ea08180,[2.5],X-ray,2009-03-31T00:00:00Z,unclassified,,3,0.429,2,True
3DRH,B,AAAAAA,6,,A,559,c41331519b652922ce9e3793a022eaf1,[1.7],X-ray,2009-03-31T00:00:00Z,unclassified,fails_ppii_filter,1,0.25,0,False
3DRI,B,AASASA,6,,A,559,c41331519b652922ce9e3793a022eaf1,[1.8],X-ray,2009-03-31T00:00:00Z,unclassified,fails_ppii_filter,1,0.25,0,False
3DRJ,B,AHAKA,5,,A,560,ce358840938349bb51ba368dd59913ee,[1.5],X-ray,2009-03-31T00:00:00Z,unclassified,fails_ppii_filter,1,0.333,0,False
3DRK,B,SFANG,5,,A,559,c41331519b652922ce9e3793a022eaf1,[1.8],X-ray,2009-03-31T00:00:00Z,unclassified,fails_ppii_filter,1,0.333,0,False
3DS9,B,RWTMLG,6,,A,398,705d9d6fb8c325765bc2d655d2e6f278,[1.758],X-ray,2008-09-30T00:00:00Z,unclassified,fails_ppii_filter,0,0.0,0,False
3EG1,,,0,,,0,,[1.85],X-ray,2009-09-15T00:00:00Z,,chain_count,0,0.0,0,False
3ET1,,,0,,,0,,[2.5],X-ray,2009-02-17T00:00:00Z,,chain_count,0,0.0,0,False
3KEE,,,0,,,0,,[2.4],X-ray,2010-03-09T00:00:00Z,,chain_count,0,0.0,0,False
3KYT,C,KHKILHRLLQDS,12,,A,243,b8fdd6a7c511cb98a67537088da0d761,[2.35],X-ray,2010-03-16T00:00:00Z,unclassified,fails_ppii_filter,0,0.0,0,False
3L0J,C,KILHRLLQDS,10,,A,243,b8fdd6a7c511cb98a67537088da0d761,[2.4],X-ray,2010-03-16T00:00:00Z,unclassified,fails_ppii_filter,1,0.125,0,False
3MO8,B,PATGGVKPHRY,11,,A,127,258661ad286762518e27cf45a3bb918d,[1.69],X-ray,2010-06-02T00:00:00Z,unclassified,,3,0.3,1,True
3NF3,C,RRFAMLA,7,,A,392,dc4f9ef207ec33065423bc3fe7ee3b37,[2.4],X-ray,2010-07-21T00:00:00Z,unclassified,fails_ppii_filter,1,0.167,0,False
3O1D,B,KHKILHRLLQ,10,,A,240,1a91b4be727a8a5fad27ca0ad392d094,[2.4007],X-ray,2011-07-06T00:00:00Z,unclassified,fails_ppii_filter,0,0.0,0,False
3P1P,P,KRRKSV,6,SEP,A,236,bfb004b5e0b8fcb70603da7831109596,[1.95],X-ray,2011-10-12T00:00:00Z,unclassified,fails_ppii_filter,2,0.5,0,False
3P1Q,P,KRRKSV,6,SEP,A,236,bfb004b5e0b8fcb70603da7831109596,[1.7],X-ray,2011-10-12T00:00:00Z,unclassified,fails_ppii_filter,1,0.25,0,False
3P72,B,CTERMALHNLC,11,,A,269,2fe77d759526b972cd2bbde2ef6670b4,[1.9],X-ray,2010-11-24T00:00:00Z,unclassified,fails_ppii_filter,1,0.111,0,False
3P8N,,,0,,,0,,[1.9],X-ray,2011-01-26T00:00:00Z,,chain_count,0,0.0,0,False
3P8O,,,0,,,0,,[2.3],X-ray,2011-01-26T00:00:00Z,,chain_count,0,0.0,0,False
3Q1I,E,PPPMSSM,7,SEP,A,216,769a66a595f7c83f67730c4747d89e19,[1.4],X-ray,2011-04-27T00:00:00Z,unclassified,,3,0.6,3,True
3QAM,I,TTYADFIASGRTGRRNAIH,19,,E,350,a777ce145b7f41bebda494a74e66d988,[1.92],X-ray,2011-12-07T00:00:00Z,unclassified,fails_ppii_filter,4,0.235,0,False
3QLP,L,CGLRPLFEKKSLED,14,,H,231,e7af387314e547dce9dcaec83ad4da6b,[2.14],X-ray,2011-10-19T00:00:00Z,unclassified,fails_ppii_filter,6,0.188,1,False
3QNJ,,,0,,,0,,[2.28],X-ray,2011-03-23T00:00:00Z,,chain_count,0,0.0,0,False
3R7G,B,YKIKPRHDSGIKAKISMKT,19,,A,154,b07c29867ec6d1ff8a773fa6d80bfe97,[2.2],X-ray,2011-07-06T00:00:00Z,unclassified,,6,0.353,1,True
3RC4,B,PSSTPC,6,,A,199,555ee4c2b8dfd5c311a0b6da1cee1069,[1.5],X-ray,2011-05-04T00:00:00Z,unclassified,,1,0.25,1,True
3ROF,B,HHHHHGS,7,,A,158,c5548e64df01f20b112771af7dde10af,[1.03],X-ray,2011-09-07T00:00:00Z,unclassified,fails_ppii_filter,1,0.2,0,False
3RYB,B,SLSQSLSQS,9,,A,563,643ab5f3cca50e2b007cb16410a651f8,[1.5],X-ray,2011-06-29T00:00:00Z,unclassified,fails_ppii_filter,2,0.286,0,False
3SML,P,RRKSV,5,SEP,A,236,bfb004b5e0b8fcb70603da7831109596,[1.9],X-ray,2012-07-11T00:00:00Z,unclassified,fails_ppii_filter,1,0.333,0,False
3SMM,P,KRRKSV,6,SEP,A,236,bfb004b5e0b8fcb70603da7831109596,[2.0],X-ray,2012-07-11T00:00:00Z,unclassified,fails_ppii_filter,1,0.25,0,False
3SMN,P,KRRKSV,6,SEP,A,236,bfb004b5e0b8fcb70603da7831109596,[2.0],X-ray,2012-07-11T00:00:00Z,unclassified,fails_ppii_filter,2,0.5,0,False
3SP6,B,LSLLQKLLLAT,11,,A,270,96ac8660284df96d58d4edc9a903b770,[2.21],X-ray,2011-07-20T00:00:00Z,unclassified,fails_ppii_filter,1,0.111,0,False
3TG5,B,HLKSKKGQ,8,,A,425,393c2b3d5bb6d6582c7642c281ea2325,[2.3],X-ray,2011-08-31T00:00:00Z,unclassified,fails_ppii_filter,2,0.333,0,False
3THK,,,0,,,0,,[1.7],X-ray,2011-11-23T00:00:00Z,,chain_count,0,0.0,0,False
3UOT,,,0,,,0,,[1.8],X-ray,2011-12-28T00:00:00Z,,chain_count,0,0.0,0,False
3VIV,,,0,,,0,,[2.25],X-ray,2012-05-23T00:00:00Z,,chain_count,0,0.0,0,False
3VRO,B,NEYTA,5,PTR,A,284,3b75168f56fea3f5740f63b8e0b3383d,[1.8],X-ray,2013-03-06T00:00:00Z,unclassified,fails_ppii_filter,0,0.0,0,False
3VRP,B,QRYSSDPT,8,PTR,A,291,c6eede6fe20e7e5c6584520a585e4dce,[1.52],X-ray,2013-03-06T00:00:00Z,unclassified,,2,0.333,1,True
3VT7,C,KNHPMLMNLLK,11,,A,230,c695c5c14aae30f1d9e30929e6927852,[1.65],X-ray,2013-05-22T00:00:00Z,unclassified,fails_ppii_filter,0,0.0,1,False
3VT8,C,KNHPMLMNLLK,11,,A,233,b7f59c9a3a1760a5ec0830757bf52332,[2.1],X-ray,2013-05-22T00:00:00Z,unclassified,fails_ppii_filter,0,0.0,1,False
3VT9,C,KNHPMLMNLLK,11,,A,233,b7f59c9a3a1760a5ec0830757bf52332,[2.35],X-ray,2013-05-22T00:00:00Z,unclassified,fails_ppii_filter,0,0.0,1,False
3VW3,,,0,,,0,,[2.5],X-ray,2013-03-27T00:00:00Z,,peptide_length,0,0.0,0,False
3WG5,,,0,,,0,,[2.4],X-ray,2013-10-23T00:00:00Z,,chain_count,0,0.0,0,False
3X23,B,GTPRRLLYCQR,11,,A,299,229a6cfe6b7d68da3be1419237138833,[2.396],X-ray,2015-10-21T00:00:00Z,unclassified,,3,0.333,1,True
3ZMN,,,0,,,0,,[2.26],X-ray,2013-05-15T00:00:00Z,,peptide_length,0,0.0,0,False
4B9W,,,0,,,0,,[2.1],X-ray,2012-10-17T00:00:00Z,,chain_count,0,0.0,0,False
4BA3,B,LGKRKY,6,,A,428,3d8c117e5504660fdf6b499e184c8c6e,[2.1],X-ray,2013-01-09T00:00:00Z,unclassified,fails_ppii_filter,0,0.0,0,False
4BXO,,,0,,,0,,[2.15],X-ray,2013-08-28T00:00:00Z,,peptide_length,0,0.0,0,False
4DIH,L,CGLRPLFEKKSLEI,14,,H,226,088aa1599e8a14be5ee1fbdc0d6a5615,[1.8],X-ray,2012-07-18T00:00:00Z,unclassified,fails_ppii_filter,1,0.04,1,False
4DII,L,CGLRPLFEKKSLEI,14,,H,227,dfb63ec49303136ddea747e0975a8f7f,[2.05],X-ray,2012-07-18T00:00:00Z,unclassified,fails_ppii_filter,2,0.08,1,False
4DK7,,,0,,,0,,[2.45],X-ray,2012-03-21T00:00:00Z,,chain_count,0,0.0,0,False
4DM6,,,0,,,0,,[1.9],X-ray,2012-03-07T00:00:00Z,,chain_count,0,0.0,0,False
4DM8,,,0,,,0,,[2.3],X-ray,2012-03-07T00:00:00Z,,chain_count,0,0.0,0,False
4E73,B,PKRPTTLNL,9,,A,318,f3eea5d937c7f9c5ebad49d811160610,[2.27],X-ray,2013-05-29T00:00:00Z,unclassified,,2,0.286,1,True
4EJE,,,0,,,0,,[2.2],X-ray,2013-04-10T00:00:00Z,,chain_count,0,0.0,0,False
4EZN,,,0,,,0,,[1.8],X-ray,2013-04-17T00:00:00Z,,chain_count,0,0.0,0,False
4EZQ,B,PPRPIYN,7,,A,216,24eaf6adee0dcdfab908e78db4054c36,[2.0],X-ray,2013-04-17T00:00:00Z,unclassified,,3,0.6,2,True
4F14,B,PPPTLPKPKLP,11,,A,56,4228b7754a95123d919498f04d8a4aeb,[1.2],X-ray,2012-06-20T00:00:00Z,unclassified,,5,0.556,3,True
4FVL,,,0,,,0,,[2.436],X-ray,2013-08-21T00:00:00Z,,chain_count,0,0.0,0,False
4G1W,B,PKRPTTLNL,9,,A,322,a17e306eefd8aa0c454afef732d56fb1,[2.45],X-ray,2013-07-17T00:00:00Z,unclassified,,4,0.571,1,True
4GBA,,,0,,,0,,[2.4],X-ray,2012-11-28T00:00:00Z,,chain_count,0,0.0,0,False
4GHU,B,PSCPKPVQDTQPPE,14,,A,190,f453bf97cecc150962ff678fb4ab7cb8,[2.199],X-ray,2012-11-28T00:00:00Z,bromodomain,,3,0.25,2,True
4GQ6,B,SARWRFPARPGT,12,,A,467,e9f0804d6945623534a1e507dd0394a6,[1.55],X-ray,2012-09-19T00:00:00Z,unclassified,,6,0.6,1,True
4HYS,B,PKRPTTLNL,9,,A,321,a78c6e185de9c88a5ff26a5c6cf27a90,[2.415],X-ray,2013-10-30T00:00:00Z,unclassified,,3,0.429,1,True
4HYU,B,PKRPTTLNL,9,,A,322,a17e306eefd8aa0c454afef732d56fb1,[2.152],X-ray,2013-10-30T00:00:00Z,unclassified,,3,0.429,1,True
4I31,,,0,,,0,,[1.9301],X-ray,2013-01-02T00:00:00Z,,chain_count,0,0.0,0,False
4I79,,,0,,,0,,[1.75],X-ray,2013-02-27T00:00:00Z,,peptide_length,0,0.0,0,False
4IZY,B,PKRPTTLNL,9,,A,322,a17e306eefd8aa0c454afef732d56fb1,[2.3],X-ray,2013-12-18T00:00:00Z,unclassified,,3,0.429,1,True
4JL0,,,0,,,0,,[2.22],X-ray,2013-12-11T00:00:00Z,,chain_count,0,0.0,0,False
4JMH,B,HQYYNDFP,8,PTR,A,200,44a2410d83e555ccc37a8065fbd5132d,[2.408],X-ray,2014-04-23T00:00:00Z,unclassified,fails_ppii_filter,1,0.167,1,False
4L18,,,0,,,0,,[2.3],X-ray,2014-03-26T00:00:00Z,,chain_count,0,0.0,0,False
4LZ1,L,CGLRPLFEKKSLED,14,,H,226,088aa1599e8a14be5ee1fbdc0d6a5615,[1.65],X-ray,2014-01-08T00:00:00Z,unclassified,fails_ppii_filter,3,0.115,1,False
4M91,B,KFHCAN,6,,A,153,c1c8ee4576b2c3bb1773932d23686dfc,[1.1],X-ray,2014-03-26T00:00:00Z,unclassified,fails_ppii_filter,1,0.25,0,False
4M92,B,NYTCELKYG,9,,A,153,2adf77cd33363c4a1e8434a5d4f9fefa,[1.6],X-ray,2014-03-26T00:00:00Z,unclassified,fails_ppii_filter,1,0.143,0,False
4MVK,B,VFFAED,6,,A,171,9b796f2bafa914aa49a64c80572612e8,[1.5],X-ray,2015-08-12T00:00:00Z,unclassified,fails_ppii_filter,0,0.0,0,False
4OH4,,,0,,,0,,[2.25],X-ray,2014-10-29T00:00:00Z,,chain_count,0,0.0,0,False
4PK2,,,0,,,0,,[1.35],X-ray,2014-08-13T00:00:00Z,,peptide_length,0,0.0,0,False
4PK3,,,0,,,0,,[1.347],X-ray,2014-08-13T00:00:00Z,,peptide_length,0,0.0,0,False
4Q0A,D,GHKILHRLLQ,10,,C,239,0ec2f9f7da63702c189c561fbdfa8b7f,[1.9],X-ray,2014-07-02T00:00:00Z,unclassified,fails_ppii_filter,0,0.0,0,False
4RTV,B,APPLPPRNRP,10,,A,57,c1905a467741e2f4f72352a910663750,[1.37],X-ray,2015-10-28T00:00:00Z,unclassified,,7,0.875,2,True
4RTW,,,0,,,0,,[1.24],X-ray,2015-10-28T00:00:00Z,,chain_count,0,0.0,0,False
4RTY,B,APPLPPRNRPRL,12,,A,58,02c92ceb4494afe6cfcb45c9dca28dd2,[1.279],X-ray,2015-10-28T00:00:00Z,unclassified,,9,0.9,2,True
4RXH,,,0,,,0,,[1.7553],X-ray,2015-07-01T00:00:00Z,,chain_count,0,0.0,0,False
4S15,,,0,,,0,,[1.897],X-ray,2015-02-11T00:00:00Z,,chain_count,0,0.0,0,False
4UU5,B,MWNLMPPPAERLI,13,,A,90,18bd5280c2dde4ad2d7dd1453620df7d,[1.23],X-ray,2015-01-14T00:00:00Z,unclassified,,7,0.583,3,True
4UX9,,,0,,,0,,[2.34],X-ray,2015-03-25T00:00:00Z,,chain_count,0,0.0,0,False
4X3G,,,0,,,0,,[2.34],X-ray,2014-12-31T00:00:00Z,,chain_count,0,0.0,0,False
4X8N,B,ERESEFDIED,10,SEP,A,176,2fb2990fc33147ceed21b39b1e0f81f2,[2.1],X-ray,2015-01-28T00:00:00Z,unclassified,fails_ppii_filter,3,0.375,0,False
4XT9,B,KILHRLLQ,8,,A,243,b8fdd6a7c511cb98a67537088da0d761,[2.25],X-ray,2015-08-12T00:00:00Z,unclassified,fails_ppii_filter,0,0.0,0,False
4Y9W,,,0,,,0,,[0.83],X-ray,2016-11-30T00:00:00Z,,peptide_length,0,0.0,0,False
4YOZ,B,DLYCYEQLN,9,,A,342,3e06297cf6c3c3def4f69cbd5a4fe218,[2.245],X-ray,2015-06-24T00:00:00Z,unclassified,fails_ppii_filter,2,0.286,0,False
4Z09,C,CFTARMSPPQQIC,13,,A,270,f83357b2c2e311335eb33272256a79b6,[2.0],X-ray,2016-08-03T00:00:00Z,unclassified,,4,0.364,2,True
4Z0D,C,CWTTRMSPPQQIC,13,,A,273,09761cbb350df64317425c4b6e0ae07f,[2.1],X-ray,2016-08-03T00:00:00Z,unclassified,,3,0.273,2,True
4Z0E,C,CTTRMSPPQQIC,12,,A,270,b119d3afccebdaece9004d24d71bf73b,[1.9],X-ray,2016-08-03T00:00:00Z,unclassified,,5,0.455,2,True
4Z0F,C,CTTRMSPPQQIC,12,,A,278,0712716b3fd3878730e2e3ea9dafcb2a,[2.3],X-ray,2016-08-03T00:00:00Z,unclassified,,5,0.455,2,True
4ZDU,B,SQGTKRSYEQME,12,,A,416,9ece3ecc7a6dcb44d3f6d25ca82d3a74,[2.3],X-ray,2015-10-21T00:00:00Z,unclassified,fails_ppii_filter,3,0.3,0,False
4ZW2,B,QQLEEDLRGYMSWITQGE,18,,A,319,f87ab3fbdb30e8fdbe992d33c2cbe73a,[1.86],X-ray,2016-06-01T00:00:00Z,unclassified,fails_ppii_filter,0,0.0,0,False
5B78,B,ARTKQTARKSTGGAPRKQLAT,21,,A,119,24b1521326106127d70bfa0fa71de99e,[1.4],X-ray,2016-10-26T00:00:00Z,unclassified,,5,0.25,1,True
5C13,,,0,,,0,,[2.101],X-ray,2015-11-25T00:00:00Z,,chain_count,0,0.0,0,False
5CDP,,,0,,,0,,[2.45],X-ray,2015-12-16T00:00:00Z,,chain_count,0,0.0,0,False
5CO8,,,0,,,0,,[2.4],X-ray,2016-01-13T00:00:00Z,,peptide_length,0,0.0,0,False
5CQ2,,,0,,,0,,[1.4],X-ray,2015-09-16T00:00:00Z,,chain_count,0,0.0,0,False
5DPW,,,0,,,0,,[2.185],X-ray,2016-09-28T00:00:00Z,,chain_count,0,0.0,0,False
5EG6,R,DAAKLRALLWTPPPTP,16,,C,413,490d7678639f303b64cabf7b17f01746,[2.094],X-ray,2017-04-26T00:00:00Z,unclassified,,7,0.5,3,True
5F56,B,ADLPF,5,,A,703,908b5b467ee14346910a80e43b867407,[2.3],X-ray,2016-06-15T00:00:00Z,unclassified,fails_ppii_filter,0,0.0,1,False
5GIE,,,0,,,0,,[2.387],X-ray,2016-12-07T00:00:00Z,,chain_count,0,0.0,0,False
5HYR,,,0,,,0,,[2.271],X-ray,2016-05-25T00:00:00Z,,chain_count,0,0.0,0,False
5IOK,C,QTARST,6,,A,142,142bb0bfcacbaa2758cd078a23295f35,[2.22],X-ray,2016-04-20T00:00:00Z,unclassified,fails_ppii_filter,1,0.2,0,False
5JIU,,,0,,,0,,[2.054],X-ray,2016-11-09T00:00:00Z,,chain_count,0,0.0,0,False
5JPF,,,0,,,0,,[2.39929733252],X-ray,2016-08-31T00:00:00Z,,peptide_length,0,0.0,0,False
5JWP,B,QLTSYDAEVNAPI,13,,A,342,f35e0e261ef5c2e752c644a070214fd8,[2.1],X-ray,2016-11-23T00:00:00Z,unclassified,,3,0.273,1,True
5L23,B,DNSPPPALPKKRQSY,15,,A,58,f712192c49888780a9b3b6f5a71f0905,[1.77],X-ray,2016-09-07T00:00:00Z,unclassified,,9,0.692,3,True
5LGS,,,0,,,0,,[2.1],X-ray,2017-03-22T00:00:00Z,,chain_count,0,0.0,0,False
5LSW,,,0,,,0,,[2.15],X-ray,2017-02-15T00:00:00Z,,chain_count,0,0.0,0,False
5M0I,,,0,,,0,,[2.41],X-ray,2017-01-18T00:00:00Z,,chain_count,0,0.0,0,False
5N74,,,0,,,0,,[2.3],X-ray,2017-06-14T00:00:00Z,,chain_count,0,0.0,0,False
5N7Q,,,0,,,0,,[1.45],X-ray,2017-12-27T00:00:00Z,,chain_count,0,0.0,0,False
5N9C,,,0,,,0,,[1.16],X-ray,2017-06-14T00:00:00Z,,chain_count,0,0.0,0,False
5NBX,,,0,,,0,,[1.65],X-ray,2018-03-21T00:00:00Z,,chain_count,0,0.0,0,False
5ND0,,,0,,,0,,[1.45],X-ray,2018-03-21T00:00:00Z,,chain_count,0,0.0,0,False
5NI5,C,KHKILHRLLQDS,12,,A,250,202f76f1aa0d6bfa98f25c332ef26743,[2.3],X-ray,2018-08-22T00:00:00Z,unclassified,fails_ppii_filter,0,0.0,0,False
5NI7,C,KHKILHRLLQDS,12,,A,252,a7b20989b9532e4c47eeba8aac92e235,[2.45],X-ray,2018-08-22T00:00:00Z,unclassified,fails_ppii_filter,0,0.0,0,False
5NI8,C,KILHRLLQDS,10,,A,252,a7b20989b9532e4c47eeba8aac92e235,[1.94],X-ray,2018-08-22T00:00:00Z,unclassified,fails_ppii_filter,0,0.0,0,False
5NIB,C,KILHRLLQDS,10,,A,252,a7b20989b9532e4c47eeba8aac92e235,[1.82],X-ray,2018-08-22T00:00:00Z,unclassified,fails_ppii_filter,0,0.0,0,False
5NKY,B,RHKILHRLLQ,10,,A,238,ad6c12150d18122356cb687b3ea2ae24,[2.096],X-ray,2017-05-24T00:00:00Z,unclassified,fails_ppii_filter,0,0.0,0,False
5NMB,,,0,,,0,,[2.5],X-ray,2017-05-24T00:00:00Z,,download_failed,0,0.0,0,False
5NPS,D,VTPVSTA,7,,A,693,0e49caad0bbc1c252261c56d8838f715,[1.68],X-ray,2018-05-16T00:00:00Z,unclassified,,2,0.4,1,True
5OAV,,,0,,,0,,[0.95],X-ray,2017-07-12T00:00:00Z,,chain_count,0,0.0,0,False
5OB0,B,APPLPPRNRPRL,12,,A,57,7549b9d45dfdb3d5f068058c7e9fc848,[1.172],X-ray,2017-07-12T00:00:00Z,unclassified,,9,0.9,2,True
5OB1,B,APPLPPRNRPRL,12,,A,57,8b5d8d5c6da7e1d36fc09c0e3b135924,[1.172],X-ray,2017-07-12T00:00:00Z,unclassified,,9,0.9,2,True
5OB2,,,0,,,0,,[1.8],X-ray,2017-07-12T00:00:00Z,,chain_count,0,0.0,0,False
5OW7,B,RHKILHRLLQE,11,,A,240,1a91b4be727a8a5fad27ca0ad392d094,[2.1],X-ray,2018-02-07T00:00:00Z,unclassified,fails_ppii_filter,1,0.111,0,False
5OW9,B,RHKILHRLLQ,10,,A,239,59ff30e3d80dfea8f4ea8d15fccdd0d4,[2.403],X-ray,2018-02-07T00:00:00Z,unclassified,fails_ppii_filter,0,0.0,0,False
5OWD,B,RHKILHRLLQE,11,,A,238,dcd1d9a162e1a437db4a5a9e8c475dc1,[2.151],X-ray,2018-02-07T00:00:00Z,unclassified,fails_ppii_filter,0,0.0,0,False
5T5J,,,0,,,0,,[1.35],X-ray,2016-12-28T00:00:00Z,,chain_count,0,0.0,0,False
5T5L,,,0,,,0,,[1.17],X-ray,2016-12-28T00:00:00Z,,chain_count,0,0.0,0,False
5T5P,,,0,,,0,,[1.66],X-ray,2016-12-28T00:00:00Z,,chain_count,0,0.0,0,False
5TP1,,,0,,,0,,[2.31],X-ray,2017-08-30T00:00:00Z,,chain_count,0,0.0,0,False
5TVP,,,0,,,0,,[2.399],X-ray,2017-10-11T00:00:00Z,,chain_count,0,0.0,0,False
5U66,B,FNMQQRRFYALH,12,,A,207,a57a943a6faf196990916e9544126af6,[1.7],X-ray,2017-05-24T00:00:00Z,unclassified,fails_ppii_filter,0,0.0,0,False
5UN8,,,0,,,0,,[2.13],X-ray,2017-03-15T00:00:00Z,,chain_count,0,0.0,0,False
5VAC,C,AARKSAPATGGV,12,,A,215,0b2e7661fb6b161bfa7026d188108b8d,[1.949],X-ray,2017-04-19T00:00:00Z,unclassified,,2,0.2,1,True
5VNB,,,0,,,0,,[2.4],X-ray,2018-09-05T00:00:00Z,,chain_count,0,0.0,0,False
5XTZ,,,0,,,0,,[2.105],X-ray,2018-06-27T00:00:00Z,,chain_count,0,0.0,0,False
5YCA,C,GSAEEDDELFQNYVLQQ,17,,A,206,e1816f41845385e0865a1d85e655e976,[1.57],X-ray,2018-11-14T00:00:00Z,unclassified,fails_ppii_filter,0,0.0,0,False
5ZWX,,,0,,,0,,[1.9],X-ray,2018-11-14T00:00:00Z,,chain_count,0,0.0,0,False
6BHH,B,MSTGGAPRK,9,MLY,A,211,39310d478a85bcfe9c86132ee5553b3c,[1.85],X-ray,2017-11-22T00:00:00Z,unclassified,,3,0.375,1,True
6BHI,B,STGGAPRK,8,,A,216,8a0bb2f2bca8f06c859688eea5e2271e,[1.4],X-ray,2017-12-06T00:00:00Z,unclassified,,3,0.375,1,True
6BVH,I,GTCTRSIPPICNPN,14,,A,220,2d8557bacfe6cafb60888c8316b40a1a,[1.927],X-ray,2018-12-19T00:00:00Z,unclassified,,4,0.333,2,True
6D3Y,C,GRCTKSRPPICFPD,14,,A,245,0fa7abeb7f85e47215908b2edbf362b2,[1.32],X-ray,2019-01-23T00:00:00Z,unclassified,,4,0.333,2,True
6DO3,,,0,,,0,,[2.165],X-ray,2018-12-19T00:00:00Z,,chain_count,0,0.0,0,False
6EO6,L,EADCGLRPLFEKKSLEDKTERELLESYID,29,,H,259,02e3ffb338c86a2c9bcc283d59017596,[1.69],X-ray,2017-10-25T00:00:00Z,unclassified,fails_ppii_filter,3,0.111,1,False
6EO7,L,GEADCGLRPLFEKKSLEDKTERELLESYID,30,,H,259,02e3ffb338c86a2c9bcc283d59017596,[2.24],X-ray,2017-10-18T00:00:00Z,unclassified,fails_ppii_filter,3,0.107,1,False
6ESN,C,KHKILHRLLQDS,12,,A,252,a7b20989b9532e4c47eeba8aac92e235,[1.84],X-ray,2018-08-22T00:00:00Z,unclassified,fails_ppii_filter,2,0.2,0,False
6IDX,C,RKSRYAELDFEKIMHTRKRHQDMFQ,25,,A,501,916261cdb2e986d85c6e261387b1f75d,[1.699],X-ray,2019-01-23T00:00:00Z,unclassified,fails_ppii_filter,2,0.087,0,False
6IIW,B,VRTKAD,6,,A,66,6e529cb5d4718235ac5f90d0b14f2be9,[1.699],X-ray,2019-10-09T00:00:00Z,unclassified,fails_ppii_filter,1,0.25,0,False
6J3N,B,KILHRLLQ,8,,A,246,d44a6cd30490de0672240a5dc6e525db,[1.99],X-ray,2020-01-15T00:00:00Z,unclassified,fails_ppii_filter,0,0.0,0,False
6JHZ,,,0,,,0,,[1.999],X-ray,2020-03-25T00:00:00Z,,chain_count,0,0.0,0,False
6KKG,,,0,,,0,,[2.15],X-ray,2020-07-29T00:00:00Z,,chain_count,0,0.0,0,False
6KO2,B,GAGDS,5,,A,107,07c6703d6b3dcdd4ed9e8c3b1159ec40,[1.5],X-ray,2020-08-12T00:00:00Z,bromodomain,fails_ppii_filter,3,0.6,0,False
6KPB,B,MSATALLQKAAQMG,14,,C,378,d796c82220bc65f2e51abf6827cc6f3b,[2.4],X-ray,2020-09-02T00:00:00Z,unclassified,fails_ppii_filter,1,0.083,0,False
6KZ1,B,RLTLPPSEITLL,12,,A,97,0cd4d542801d722098b30b83b633fb36,[1.694],X-ray,2020-09-23T00:00:00Z,unclassified,,4,0.4,2,True
6MIO,B,QTARS,5,,A,142,142bb0bfcacbaa2758cd078a23295f35,[1.85],X-ray,2018-11-14T00:00:00Z,unclassified,fails_ppii_filter,2,0.5,0,False
6MIQ,,,0,,,0,,[1.75],X-ray,2018-11-14T00:00:00Z,,peptide_length,0,0.0,0,False
6MJL,A,NYWKRRIEV,9,,B,426,0c1d2cd289e4efcff02afb9cd9d4ce6f,[2.5],X-ray,2019-09-25T00:00:00Z,unclassified,fails_ppii_filter,1,0.143,0,False
6MM5,C,LYNRTRRISQTS,12,,E,338,7cc5e9b1719ad75416ca5410cd725003,[1.95],X-ray,2019-05-08T00:00:00Z,unclassified,fails_ppii_filter,4,0.4,0,False
6OPJ,B,ARWPPRR,7,,A,467,e9f0804d6945623534a1e507dd0394a6,[1.50065718427],X-ray,2020-09-02T00:00:00Z,unclassified,,7,0.7,1,True
6PV9,B,FNPHLWSWRG,10,,A,205,d7e31a659f8bd5fba25320266945ea0d,[2.0],X-ray,2020-01-01T00:00:00Z,unclassified,,3,0.231,1,True
6PW8,B,NLELDRLLELN,11,,A,126,c90b1c9f266f5061aa95d5a3a760d7bc,[1.95],X-ray,2020-07-22T00:00:00Z,unclassified,fails_ppii_filter,0,0.0,0,False
6QSZ,,,0,,,0,,[2.5],X-ray,2019-09-18T00:00:00Z,,chain_count,0,0.0,0,False
6R8I,B,SLPFTFKVPAPPPSLPP,17,,A,112,5d827243048bce79e208015d7f097cce,[1.517],X-ray,2019-10-16T00:00:00Z,unclassified,,8,0.533,3,True
6S1V,,,0,,,0,,[1.64],X-ray,2019-10-16T00:00:00Z,,chain_count,0,0.0,0,False
6TE4,,,0,,,0,,[2.29],X-ray,2020-11-04T00:00:00Z,,chain_count,0,0.0,0,False
6TTK,,,0,,,0,,[2.383],X-ray,2020-02-12T00:00:00Z,,chain_count,0,0.0,0,False
6UJ0,,,0,,,0,,[2.15],X-ray,2020-10-07T00:00:00Z,,peptide_length,0,0.0,0,False
6V2E,B,DKDNVAPRRLIGPWGY,16,,A,555,c069d803a101bbfac81e3db182ec2600,[1.83],X-ray,2020-08-05T00:00:00Z,unclassified,,5,0.357,1,True
6V62,Y,TLKYPIEKGIVTNWDDME,18,,A,484,797999ed46dc98c2f6d789b64dbb03ab,[2.36],X-ray,2020-01-15T00:00:00Z,unclassified,,4,0.25,1,True
6VDB,H,APRFGGVMRPNR,12,,A,244,da4688e6f1a39d58b7d251f7a820731d,[2.3],X-ray,2020-01-29T00:00:00Z,unclassified,,3,0.3,1,True
6WX4,,,0,,,0,,[1.655],X-ray,2020-05-20T00:00:00Z,,peptide_length,0,0.0,0,False
6X23,B,PESESKV,7,,A,89,a031be1a86f4bfb8a0fa4a0c4fab3d68,[2.154],X-ray,2020-11-25T00:00:00Z,unclassified,fails_ppii_filter,0,0.0,1,False
6XS8,B,GYDPLGLKYFA,11,,A,184,4293cc8f24f7280635f7864d261e349e,[1.95009854987],X-ray,2021-07-14T00:00:00Z,unclassified,,3,0.3,1,True
6XZH,B,RHKILQ,6,,A,239,59ff30e3d80dfea8f4ea8d15fccdd0d4,[2.372],X-ray,2021-02-17T00:00:00Z,unclassified,fails_ppii_filter,1,0.143,0,False
6XZI,B,RHKIL,5,,A,239,59ff30e3d80dfea8f4ea8d15fccdd0d4,[2.1],X-ray,2021-02-17T00:00:00Z,unclassified,fails_ppii_filter,0,0.0,0,False
6XZJ,B,RHKILQ,6,,A,239,59ff30e3d80dfea8f4ea8d15fccdd0d4,[2.1],X-ray,2021-02-17T00:00:00Z,unclassified,fails_ppii_filter,0,0.0,0,False
6XZK,,,0,,,0,,[2.0],X-ray,2021-02-17T00:00:00Z,,peptide_length,0,0.0,0,False
6XZV,,,0,,,0,,[2.3],X-ray,2021-02-17T00:00:00Z,,peptide_length,0,0.0,0,False
6Z8V,L,CGLRPLFEKKSLEI,14,,H,229,ff3ea58746a5a2649d0d51a9bf349b34,[1.58],X-ray,2021-01-27T00:00:00Z,unclassified,fails_ppii_filter,3,0.12,1,False
6Z8W,L,CGLRPLFEKKSLEI,14,,H,228,1f4404ac40d56c90aaef5ef6b19672c9,[1.73],X-ray,2021-01-27T00:00:00Z,unclassified,fails_ppii_filter,3,0.12,1,False
7AAM,,,0,,,0,,[2.15],X-ray,2022-02-23T00:00:00Z,,chain_count,0,0.0,0,False
7B39,B,RHKILHRLLQE,11,,A,240,1a91b4be727a8a5fad27ca0ad392d094,[2.13],X-ray,2021-09-01T00:00:00Z,unclassified,fails_ppii_filter,0,0.0,0,False
7DNO,,,0,,,0,,[2.03],X-ray,2021-02-10T00:00:00Z,,chain_count,0,0.0,0,False
7FAX,B,GSTLEDLFGPLFYV,14,,A,103,f2c68e32122620fca16b6de22db30eb2,[1.8],X-ray,2022-07-27T00:00:00Z,unclassified,fails_ppii_filter,2,0.167,1,False
7JHX,,,0,,,0,,[1.91],X-ray,2021-03-17T00:00:00Z,,chain_count,0,0.0,0,False
7KCO,,,0,,,0,,[1.86],X-ray,2021-04-21T00:00:00Z,,chain_count,0,0.0,0,False
7LFC,B,EEVQRKRQKLMP,12,,A,414,9526a74af01243b18428265e9bc1927b,[2.1],X-ray,2022-01-19T00:00:00Z,unclassified,,3,0.3,1,True
7LWH,B,PKFGTHHKALQEIRNSLLPFANE,23,,A,315,0dbd2126897dbe34bbe4d7e767b6f37a,[1.606],X-ray,2021-08-11T00:00:00Z,unclassified,fails_ppii_filter,2,0.095,1,False
7OHI,B,EEQVSKNLFGPPLE,14,,A,250,0b9b8cd169666233553e71411e0f8e33,[1.41],X-ray,2022-06-01T00:00:00Z,unclassified,fails_ppii_filter,2,0.167,2,False
7OXZ,B,RHKILHRLLQ,10,,A,237,c8bde044e0505ef49c0299e3fc456872,[2.2],X-ray,2021-09-01T00:00:00Z,unclassified,fails_ppii_filter,0,0.0,0,False
7OY4,B,RHKILHRLLQ,10,,A,238,ad6c12150d18122356cb687b3ea2ae24,[2.0],X-ray,2021-09-01T00:00:00Z,unclassified,fails_ppii_filter,0,0.0,0,False
7P72,B,PPDEWV,6,,A,403,a3ab7428979a33e7e74464a31c1386d5,[2.15],X-ray,2022-07-27T00:00:00Z,PDZ,,1,0.25,2,True
7QP4,,,0,,,0,,[2.3],X-ray,2022-12-14T00:00:00Z,,chain_count,0,0.0,0,False
7QPI,U,RHKILHRLLQ,10,,A,238,abc11699df015ae2a90f9e1cef4ae146,[2.5],X-ray,2022-12-14T00:00:00Z,unclassified,fails_ppii_filter,0,0.0,0,False
7RUP,B,SRPPPGLTG,9,,A,63,07df6445a38a76ba7b8a564376795e77,[1.23],X-ray,2022-08-24T00:00:00Z,unclassified,,4,0.571,3,True
7SIY,Z,YTPEP,5,PTR,A,304,3f5bd0d3ed26c139698943c4f36da0fd,[1.48],X-ray,2022-11-09T00:00:00Z,unclassified,,2,0.667,1,True
7SMD,B,LTEELGCDEIIDRE,14,,A,342,7de8eaea4e18e59d70e83f51e2956025,[2.15],X-ray,2022-06-29T00:00:00Z,unclassified,fails_ppii_filter,3,0.25,0,False
7TSX,,,0,,,0,,[1.77],X-ray,2023-01-11T00:00:00Z,,chain_count,0,0.0,0,False
7TZK,,,0,,,0,,[1.43],X-ray,2022-07-06T00:00:00Z,,chain_count,0,0.0,0,False
7WQQ,C,HKILHRLLQ,9,,A,228,aa2b0f9aaacea37647a46f971414e852,[1.9],X-ray,2023-01-25T00:00:00Z,unclassified,fails_ppii_filter,0,0.0,0,False
7XV4,B,GDFTADDLEELDT,13,,A,117,95ce6655418f237d0393cf1f88e82280,[1.6],X-ray,2023-06-14T00:00:00Z,unclassified,fails_ppii_filter,3,0.273,0,False
7XVY,,,0,,,0,,[1.544],X-ray,2022-07-20T00:00:00Z,,chain_count,0,0.0,0,False
7XVZ,,,0,,,0,,[2.08],X-ray,2022-07-20T00:00:00Z,,chain_count,0,0.0,0,False
7XWP,,,0,,,0,,[1.919],X-ray,2022-07-20T00:00:00Z,,chain_count,0,0.0,0,False
7XWQ,,,0,,,0,,[1.89],X-ray,2022-07-20T00:00:00Z,,chain_count,0,0.0,0,False
7XWR,,,0,,,0,,[2.164],X-ray,2022-07-20T00:00:00Z,,chain_count,0,0.0,0,False
7YKF,,,0,,,0,,[2.28],X-ray,2023-08-02T00:00:00Z,,chain_count,0,0.0,0,False
7YKG,,,0,,,0,,[2.16],X-ray,2023-08-02T00:00:00Z,,chain_count,0,0.0,0,False
7YKH,,,0,,,0,,[2.5],X-ray,2023-08-16T00:00:00Z,,chain_count,0,0.0,0,False
7YKI,,,0,,,0,,[2.0],X-ray,2023-08-02T00:00:00Z,,chain_count,0,0.0,0,False
7ZB0,,,0,,,0,,[2.47],X-ray,2022-07-06T00:00:00Z,,chain_count,0,0.0,0,False
7ZB1,,,0,,,0,,[2.0],X-ray,2022-07-06T00:00:00Z,,chain_count,0,0.0,0,False
7ZKM,L,CGLRPLFEKKSLEI,14,,H,227,3f2e0e91e3566a84346f1bbf6b0847a9,[2.0],X-ray,2022-11-30T00:00:00Z,unclassified,fails_ppii_filter,4,0.16,1,False
7ZKO,L,CGLRPLFEKKSLEI,14,,H,226,80b18abf346ac2c0d97b8a04c5081552,[2.5],X-ray,2022-11-30T00:00:00Z,unclassified,fails_ppii_filter,3,0.12,1,False
7ZRR,B,CSRYEVDCRGRGGPCG,16,,A,247,70773a49df129b43662bd20b6ce03015,[1.64],X-ray,2023-11-15T00:00:00Z,unclassified,,5,0.357,1,True
8AGY,,,0,,,0,,[1.5],X-ray,2023-08-16T00:00:00Z,,peptide_length,0,0.0,0,False
8AV7,B,FPATV,5,TPO,A,236,51da54df749efe8ad3c0ec857a04201d,[1.4],X-ray,2023-09-20T00:00:00Z,unclassified,,2,0.667,1,True
8CK5,B,RHKILHRLLQ,10,,A,239,59ff30e3d80dfea8f4ea8d15fccdd0d4,[2.1],X-ray,2023-04-26T00:00:00Z,unclassified,fails_ppii_filter,0,0.0,0,False
8CKC,B,RHKILHRLLQ,10,,A,237,49f78862fba5c1b16f72dddeb9ad6756,[2.1],X-ray,2023-04-26T00:00:00Z,unclassified,fails_ppii_filter,1,0.125,0,False
8FSQ,B,RTGNA,5,,A,576,44dd7f41a09fd35d8a463b7c57c54241,[1.76],X-ray,2024-04-17T00:00:00Z,unclassified,fails_ppii_filter,2,0.4,0,False
8HE3,B,MEWKRVKG,8,,A,422,b06e4814841991606abe2bbc929f0b82,[1.9],X-ray,2023-02-22T00:00:00Z,unclassified,fails_ppii_filter,2,0.333,0,False
8JOW,,,0,,,0,,[1.4],X-ray,2024-06-12T00:00:00Z,,chain_count,0,0.0,0,False
8P9X,B,KHKILHRLLQ,10,,A,239,0ec2f9f7da63702c189c561fbdfa8b7f,[2.15],X-ray,2024-06-26T00:00:00Z,unclassified,fails_ppii_filter,0,0.0,0,False
8PWE,B,KHKILHRLLQ,10,,A,239,59ff30e3d80dfea8f4ea8d15fccdd0d4,[2.0],X-ray,2024-08-07T00:00:00Z,unclassified,fails_ppii_filter,0,0.0,0,False
8PWF,B,HKILHRLLQ,9,,A,238,8c7b79df9321982d3e7ff6dffc8496d3,[2.3],X-ray,2024-08-14T00:00:00Z,unclassified,fails_ppii_filter,0,0.0,0,False
8PWM,B,KHKILHRLLQ,10,,A,238,ad6c12150d18122356cb687b3ea2ae24,[2.3],X-ray,2024-08-21T00:00:00Z,unclassified,fails_ppii_filter,0,0.0,0,False
8Q1N,,,0,,,0,,[1.843],X-ray,2023-09-06T00:00:00Z,,chain_count,0,0.0,0,False
8Q5P,B,QHLGGVMKPTYD,12,,A,245,5541301d202f0a2af45a28032be76806,[1.814],X-ray,2024-04-24T00:00:00Z,unclassified,,4,0.4,1,True
8QLG,,,0,,,0,,[2.1],X-ray,2024-05-22T00:00:00Z,,chain_count,0,0.0,0,False
8SUD,B,TPPKKKKKV,9,,A,424,47f976b842471b711594072e51d8506e,[2.1],X-ray,2024-02-07T00:00:00Z,unclassified,,3,0.429,2,True
8TI6,,,0,,,0,,[1.42],X-ray,2024-05-08T00:00:00Z,,peptide_length,0,0.0,0,False
8TLW,,,0,,,0,,[2.106],X-ray,2024-05-29T00:00:00Z,,peptide_length,0,0.0,0,False
8TLX,B,LPVPL,5,,A,439,f8b82d67330f98455d552f5736b51273,[2.097],X-ray,2024-05-29T00:00:00Z,unclassified,,2,0.4,1,True
8UJG,,,0,,,0,,[2.27],X-ray,2024-05-15T00:00:00Z,,chain_count,0,0.0,0,False
8V5Y,,,0,,,0,,[2.059],X-ray,2024-05-08T00:00:00Z,,chain_count,0,0.0,0,False
8W6Z,,,0,,,0,,[2.2],X-ray,2024-06-12T00:00:00Z,,download_failed,0,0.0,0,False
8XZ0,B,DSEPVLKGVKLHYT,14,,A,289,918431ea703fc14ee8d5c5dba319eed9,[2.035],X-ray,2025-10-08T00:00:00Z,unclassified,,3,0.25,1,True
9C4U,B,RWRFPARPGT,10,,A,467,64b78c7cfecbba682fb1bac020651e39,[1.569],X-ray,2025-05-14T00:00:00Z,unclassified,,4,0.5,1,True
9CC6,B,PGFGVGRGLAP,11,,A,139,12da96ce7f35f0fe5384345061001a67,[2.4],X-ray,2025-05-14T00:00:00Z,unclassified,fails_ppii_filter,1,0.111,1,False
9E0V,B,GCIKKAVFKC,10,,A,204,6898fec84176f458e8e84e56ad739ce7,[1.635],X-ray,2025-10-22T00:00:00Z,unclassified,fails_ppii_filter,3,0.333,0,False
9EAF,,,0,,,0,,[1.41],X-ray,2025-02-12T00:00:00Z,,chain_count,0,0.0,0,False
9EBL,,,0,,,0,,[2.2],X-ray,2025-11-19T00:00:00Z,,chain_count,0,0.0,0,False
9EZ1,,,0,,,0,,[1.95],X-ray,2024-06-19T00:00:00Z,,download_failed,0,0.0,0,False
9EZ2,,,0,,,0,,[1.8],X-ray,2024-06-19T00:00:00Z,,download_failed,0,0.0,0,False
9FW8,,,0,,,0,,[2.42],X-ray,2025-05-07T00:00:00Z,,download_failed,0,0.0,0,False
9GH7,,,0,,,0,,[2.079],X-ray,2025-04-30T00:00:00Z,,download_failed,0,0.0,0,False
9GY8,,,0,,,0,,[2.2],X-ray,2024-12-11T00:00:00Z,,download_failed,0,0.0,0,False
9GYA,,,0,,,0,,[1.85],X-ray,2024-12-11T00:00:00Z,,download_failed,0,0.0,0,False
9GYC,,,0,,,0,,[2.2],X-ray,2024-12-11T00:00:00Z,,download_failed,0,0.0,0,False
9GYJ,,,0,,,0,,[1.9],X-ray,2024-12-11T00:00:00Z,,download_failed,0,0.0,0,False
9GYK,,,0,,,0,,[2.2],X-ray,2024-12-11T00:00:00Z,,download_failed,0,0.0,0,False
9I0E,B,AAVSGVAATG,10,,A,191,63f6ab6f070f51db53e0cf73e437fbdb,[1.65],X-ray,2026-01-21T00:00:00Z,unclassified,fails_ppii_filter,0,0.0,0,False
9KQS,B,MRTEPRPPAP,10,,A,303,3ef98166121c778e093595b2390b8b55,[1.72],X-ray,2025-10-08T00:00:00Z,unclassified,,4,0.5,2,True
9N28,B,GSLLLKLLRAP,11,,A,219,36841bd5f0c22a81b8aff1265cd75698,[2.1],X-ray,2026-02-04T00:00:00Z,unclassified,fails_ppii_filter,1,0.111,1,False
9R9B,B,KESALRKELLEFDPLFRD,18,,A,569,91d8158f46d6621b08fa8e80e6798290,[2.146],X-ray,2026-04-08T00:00:00Z,unclassified,fails_ppii_filter,2,0.111,1,False
9RAP,,,0,,,0,,[2.2],X-ray,2026-04-08T00:00:00Z,,download_failed,0,0.0,0,False
9RCG,,,0,,,0,,[2.1],X-ray,2025-10-01T00:00:00Z,,download_failed,0,0.0,0,False
9UA8,,,0,,,0,,[1.999],X-ray,2026-04-08T00:00:00Z,,chain_count,0,0.0,0,False
