pdb_id,peptide_chain,peptide_seq,peptide_len,peptide_nonstd,receptor_chain,receptor_len,receptor_seq_md5,resolution_A,method,deposition_date,family_hint,excluded_reason
10LG,B,TDDLWRAMMEAWMRL,15,,A,271,d1c6ac956b5b37f3088d202f24a66f48,[1.87],X-ray,2026-02-04T00:00:00Z,unclassified,
10TC,,,0,,,0,,[2.2],X-ray,2026-05-20T00:00:00Z,,chain_count
23QH,,,0,,,0,,[2.1],X-ray,2026-03-25T00:00:00Z,,chain_count
24XN,,,0,,,0,,[1.57],X-ray,2026-05-06T00:00:00Z,,chain_count
24XP,,,0,,,0,,[1.3],X-ray,2026-05-06T00:00:00Z,,chain_count
28KD,,,0,,,0,,[2.02],X-ray,2026-04-08T00:00:00Z,,chain_count
7GUD,D,WVIPA,5,,A,124,ed0b26554a3ca8061c175de76de6f872,[1.8],X-ray,2025-02-26T00:00:00Z,unclassified,
7GUE,D,WVIPA,5,,A,124,ed0b26554a3ca8061c175de76de6f872,[1.8],X-ray,2025-02-26T00:00:00Z,unclassified,
7GUF,D,WVIPA,5,,A,124,ed0b26554a3ca8061c175de76de6f872,[1.8],X-ray,2025-02-26T00:00:00Z,unclassified,
7GUG,D,WVIPA,5,,A,124,ed0b26554a3ca8061c175de76de6f872,[1.8],X-ray,2025-02-26T00:00:00Z,unclassified,
7GUH,D,WVIPA,5,,A,124,ed0b26554a3ca8061c175de76de6f872,[1.8],X-ray,2025-02-26T00:00:00Z,unclassified,
7GUI,D,WVIPA,5,,A,124,ed0b26554a3ca8061c175de76de6f872,[1.8],X-ray,2025-02-26T00:00:00Z,unclassified,
7GUJ,D,WVIPA,5,,A,124,ed0b26554a3ca8061c175de76de6f872,[1.8],X-ray,2025-02-26T00:00:00Z,unclassified,
7GUK,D,WVIPA,5,,A,124,ed0b26554a3ca8061c175de76de6f872,[1.8],X-ray,2025-02-26T00:00:00Z,unclassified,
7GUL,D,WVIPA,5,,A,124,ed0b26554a3ca8061c175de76de6f872,[1.8],X-ray,2025-02-26T00:00:00Z,unclassified,
7GUM,D,WVIPA,5,,A,124,ed0b26554a3ca8061c175de76de6f872,[1.8],X-ray,2025-02-26T00:00:00Z,unclassified,
7GUN,D,WVIPA,5,,A,124,ed0b26554a3ca8061c175de76de6f872,[1.8],X-ray,2025-02-26T00:00:00Z,unclassified,
7GUO,D,WVIPA,5,,A,124,ed0b26554a3ca8061c175de76de6f872,[1.8],X-ray,2025-02-26T00:00:00Z,unclassified,
7GUP,D,WVIPA,5,,A,124,ed0b26554a3ca8061c175de76de6f872,[1.8],X-ray,2025-02-26T00:00:00Z,unclassified,
7GUQ,D,WVIPA,5,,A,124,ed0b26554a3ca8061c175de76de6f872,[1.8],X-ray,2025-02-26T00:00:00Z,unclassified,
7GUR,D,WVIPA,5,,A,124,ed0b26554a3ca8061c175de76de6f872,[1.8],X-ray,2025-02-26T00:00:00Z,unclassified,
7GUS,,,0,,,0,,[1.75],X-ray,2024-12-04T00:00:00Z,,
7GUT,,,0,,,0,,[1.75],X-ray,2024-12-04T00:00:00Z,,
7GUU,,,0,,,0,,[1.75],X-ray,2024-12-04T00:00:00Z,,
7GUV,,,0,,,0,,[1.75],X-ray,2024-12-04T00:00:00Z,,
7GUW,,,0,,,0,,[1.75],X-ray,2024-12-04T00:00:00Z,,
7GUX,,,0,,,0,,[1.75],X-ray,2024-12-04T00:00:00Z,,
7GUY,,,0,,,0,,[1.75],X-ray,2024-12-04T00:00:00Z,,
7GUZ,,,0,,,0,,[1.75],X-ray,2024-12-04T00:00:00Z,,
7GV0,,,0,,,0,,[1.75],X-ray,2024-12-04T00:00:00Z,,
7GV1,,,0,,,0,,[1.75],X-ray,2024-12-04T00:00:00Z,,
7GV2,,,0,,,0,,[1.75],X-ray,2024-12-04T00:00:00Z,,
7GV3,,,0,,,0,,[1.75],X-ray,2024-12-04T00:00:00Z,,
7GV4,,,0,,,0,,[1.75],X-ray,2024-12-04T00:00:00Z,,
7GV5,,,0,,,0,,[1.75],X-ray,2024-12-04T00:00:00Z,,
7GV6,,,0,,,0,,[1.75],X-ray,2024-12-04T00:00:00Z,,
7GV7,,,0,,,0,,[1.85],X-ray,2024-12-11T00:00:00Z,,
7GV8,,,0,,,0,,[1.85],X-ray,2024-12-11T00:00:00Z,,
7GV9,,,0,,,0,,[1.85],X-ray,2024-12-11T00:00:00Z,,
7GVA,,,0,,,0,,[1.85],X-ray,2024-12-11T00:00:00Z,,
7GVB,,,0,,,0,,[1.85],X-ray,2024-12-11T00:00:00Z,,
7GVC,,,0,,,0,,[1.85],X-ray,2024-12-11T00:00:00Z,,
7GVD,,,0,,,0,,[1.85],X-ray,2024-12-11T00:00:00Z,,
7GVE,,,0,,,0,,[1.85],X-ray,2024-12-11T00:00:00Z,,
7GVF,,,0,,,0,,[1.85],X-ray,2024-12-11T00:00:00Z,,
7GVG,,,0,,,0,,[1.85],X-ray,2024-12-11T00:00:00Z,,
7GVH,,,0,,,0,,[1.85],X-ray,2024-12-11T00:00:00Z,,
7GVI,,,0,,,0,,[1.85],X-ray,2024-12-11T00:00:00Z,,
7GVJ,,,0,,,0,,[1.85],X-ray,2024-12-11T00:00:00Z,,
7GVK,,,0,,,0,,[1.85],X-ray,2024-12-11T00:00:00Z,,
7GVL,,,0,,,0,,[1.85],X-ray,2024-12-11T00:00:00Z,,
7GVM,,,0,,,0,,[1.9],X-ray,2024-12-11T00:00:00Z,,
7GVN,,,0,,,0,,[1.9],X-ray,2024-12-11T00:00:00Z,,
7GVO,,,0,,,0,,[1.9],X-ray,2024-12-11T00:00:00Z,,
7GVP,,,0,,,0,,[1.9],X-ray,2024-12-11T00:00:00Z,,
7GVQ,,,0,,,0,,[1.9],X-ray,2024-12-11T00:00:00Z,,
7GVR,,,0,,,0,,[1.9],X-ray,2024-12-11T00:00:00Z,,
7GVS,,,0,,,0,,[1.9],X-ray,2024-12-11T00:00:00Z,,
7GVT,,,0,,,0,,[1.9],X-ray,2024-12-11T00:00:00Z,,
7GVU,,,0,,,0,,[1.9],X-ray,2024-12-11T00:00:00Z,,
7GVV,,,0,,,0,,[1.9],X-ray,2024-12-11T00:00:00Z,,
7GVW,,,0,,,0,,[1.9],X-ray,2024-12-11T00:00:00Z,,
7GVX,,,0,,,0,,[1.9],X-ray,2024-12-11T00:00:00Z,,
7GVY,,,0,,,0,,[1.9],X-ray,2024-12-11T00:00:00Z,,
7GVZ,,,0,,,0,,[1.9],X-ray,2024-12-11T00:00:00Z,,
7GW0,,,0,,,0,,[1.9],X-ray,2024-12-11T00:00:00Z,,
7GW1,,,0,,,0,,[1.75],X-ray,2024-12-11T00:00:00Z,,
7GW2,,,0,,,0,,[1.75],X-ray,2024-12-11T00:00:00Z,,
7GW3,,,0,,,0,,[1.75],X-ray,2024-12-11T00:00:00Z,,
7GW4,,,0,,,0,,[1.75],X-ray,2024-12-11T00:00:00Z,,
7GW5,,,0,,,0,,[1.75],X-ray,2024-12-11T00:00:00Z,,
7GW6,,,0,,,0,,[1.75],X-ray,2024-12-11T00:00:00Z,,
7GW7,,,0,,,0,,[1.75],X-ray,2024-12-11T00:00:00Z,,
7GW8,,,0,,,0,,[1.75],X-ray,2024-12-11T00:00:00Z,,
7GW9,,,0,,,0,,[1.75],X-ray,2024-12-11T00:00:00Z,,
7GWA,,,0,,,0,,[1.75],X-ray,2024-12-11T00:00:00Z,,
7GWB,,,0,,,0,,[1.75],X-ray,2024-12-11T00:00:00Z,,
7GWC,,,0,,,0,,[1.75],X-ray,2024-12-11T00:00:00Z,,
7GWD,,,0,,,0,,[1.75],X-ray,2024-12-11T00:00:00Z,,
7GWE,,,0,,,0,,[1.75],X-ray,2024-12-11T00:00:00Z,,
7GWF,,,0,,,0,,[1.75],X-ray,2024-12-11T00:00:00Z,,
7GWG,,,0,,,0,,[1.9],X-ray,2024-12-11T00:00:00Z,,
7GWH,,,0,,,0,,[1.9],X-ray,2024-12-11T00:00:00Z,,
7GWI,,,0,,,0,,[1.9],X-ray,2024-12-11T00:00:00Z,,
7GWJ,,,0,,,0,,[1.9],X-ray,2024-12-11T00:00:00Z,,
7GWK,,,0,,,0,,[1.9],X-ray,2024-12-11T00:00:00Z,,
7GWL,,,0,,,0,,[1.9],X-ray,2024-12-11T00:00:00Z,,
7GWM,,,0,,,0,,[1.9],X-ray,2024-12-11T00:00:00Z,,
7GWN,,,0,,,0,,[1.9],X-ray,2024-12-11T00:00:00Z,,
7GWO,,,0,,,0,,[1.9],X-ray,2024-12-11T00:00:00Z,,
7GWP,,,0,,,0,,[1.9],X-ray,2024-12-11T00:00:00Z,,
7GWQ,,,0,,,0,,[1.9],X-ray,2024-12-11T00:00:00Z,,
7GWR,,,0,,,0,,[1.9],X-ray,2024-12-11T00:00:00Z,,
7GWS,,,0,,,0,,[1.9],X-ray,2024-12-11T00:00:00Z,,
7GWT,,,0,,,0,,[1.9],X-ray,2024-12-11T00:00:00Z,,
7GWU,,,0,,,0,,[1.9],X-ray,2024-12-11T00:00:00Z,,
7GWV,,,0,,,0,,[1.7],X-ray,2024-12-11T00:00:00Z,,
7GWW,,,0,,,0,,[1.7],X-ray,2024-12-11T00:00:00Z,,
7GWX,,,0,,,0,,[1.7],X-ray,2024-12-11T00:00:00Z,,
7GWY,,,0,,,0,,[1.7],X-ray,2024-12-11T00:00:00Z,,
7GWZ,,,0,,,0,,[1.7],X-ray,2024-12-11T00:00:00Z,,
7GX0,,,0,,,0,,[1.7],X-ray,2024-12-11T00:00:00Z,,
7GX1,,,0,,,0,,[1.7],X-ray,2024-12-11T00:00:00Z,,
7GX2,,,0,,,0,,[1.7],X-ray,2024-12-11T00:00:00Z,,
7GX3,,,0,,,0,,[1.7],X-ray,2024-12-11T00:00:00Z,,
7GX4,,,0,,,0,,[1.7],X-ray,2024-12-11T00:00:00Z,,
7GX5,,,0,,,0,,[1.7],X-ray,2024-12-11T00:00:00Z,,
7GX6,,,0,,,0,,[1.7],X-ray,2024-12-11T00:00:00Z,,
7GX7,,,0,,,0,,[1.7],X-ray,2024-12-11T00:00:00Z,,
7GX8,,,0,,,0,,[1.7],X-ray,2024-12-11T00:00:00Z,,
7GX9,,,0,,,0,,[1.7],X-ray,2024-12-11T00:00:00Z,,
7GXA,,,0,,,0,,[1.95],X-ray,2024-12-11T00:00:00Z,,
7GXB,,,0,,,0,,[1.95],X-ray,2024-12-11T00:00:00Z,,
7GXC,,,0,,,0,,[1.95],X-ray,2024-12-11T00:00:00Z,,
7GXD,,,0,,,0,,[1.95],X-ray,2024-12-11T00:00:00Z,,
7GXE,,,0,,,0,,[1.95],X-ray,2024-12-11T00:00:00Z,,
7GXF,,,0,,,0,,[1.95],X-ray,2024-12-11T00:00:00Z,,
7GXG,,,0,,,0,,[1.95],X-ray,2024-12-11T00:00:00Z,,
7GXH,,,0,,,0,,[1.95],X-ray,2024-12-11T00:00:00Z,,
7GXI,,,0,,,0,,[1.95],X-ray,2024-12-11T00:00:00Z,,
7GXJ,,,0,,,0,,[1.95],X-ray,2024-12-11T00:00:00Z,,
7GXK,,,0,,,0,,[1.95],X-ray,2024-12-11T00:00:00Z,,
7GXL,,,0,,,0,,[1.95],X-ray,2024-12-11T00:00:00Z,,
7GXM,,,0,,,0,,[1.95],X-ray,2024-12-11T00:00:00Z,,
7GXN,,,0,,,0,,[1.95],X-ray,2024-12-11T00:00:00Z,,
7GXO,,,0,,,0,,[1.95],X-ray,2024-12-11T00:00:00Z,,
7GXP,,,0,,,0,,[1.85],X-ray,2024-12-11T00:00:00Z,,
7GXQ,,,0,,,0,,[1.85],X-ray,2024-12-11T00:00:00Z,,
7GXR,,,0,,,0,,[1.85],X-ray,2024-12-11T00:00:00Z,,
7GXS,,,0,,,0,,[1.85],X-ray,2024-12-11T00:00:00Z,,
7GXT,,,0,,,0,,[1.85],X-ray,2024-12-11T00:00:00Z,,
7GXU,,,0,,,0,,[1.85],X-ray,2024-12-11T00:00:00Z,,
7GXV,,,0,,,0,,[1.85],X-ray,2024-12-11T00:00:00Z,,
7GXW,,,0,,,0,,[1.85],X-ray,2024-12-11T00:00:00Z,,
7GXX,,,0,,,0,,[1.85],X-ray,2024-12-11T00:00:00Z,,
7GXY,,,0,,,0,,[1.85],X-ray,2024-12-11T00:00:00Z,,
7GXZ,,,0,,,0,,[1.85],X-ray,2024-12-11T00:00:00Z,,
7GY0,,,0,,,0,,[1.85],X-ray,2024-12-11T00:00:00Z,,
7GY1,,,0,,,0,,[1.85],X-ray,2024-12-11T00:00:00Z,,
7GY2,,,0,,,0,,[1.85],X-ray,2024-12-11T00:00:00Z,,
7GY3,,,0,,,0,,[1.85],X-ray,2024-12-11T00:00:00Z,,
7QPB,,,0,,,0,,[2.342],X-ray,2023-09-27T00:00:00Z,,chain_count
7UMI,A,SQSPRRRRSQ,10,,E,424,cf945d0f8b6ac178a4bb0cea24e6626a,[1.99],X-ray,2023-10-25T00:00:00Z,unclassified,
7Y8D,B,CPARYGWDYEC,11,,A,140,fb99994dd6cb4b738dd14460f0a3833c,[2.0],X-ray,2023-11-15T00:00:00Z,unclassified,
7Y90,B,CPARYGWDYEC,11,,A,138,db4960662caab32f7bdd843b0f6e03af,[2.09],X-ray,2023-11-15T00:00:00Z,unclassified,
7Y99,B,APIRYEWDEFC,11,,A,140,71bec26db4001c138c9530e7292e9cb3,[1.9],X-ray,2023-09-27T00:00:00Z,unclassified,
7YA5,B,CPARYGWDYEC,11,,A,139,eda64415c94dcad27fb6ce75e95dbda1,[1.85],X-ray,2023-11-15T00:00:00Z,unclassified,
7YAA,B,PIRYPWDVEC,10,,A,141,c1ef54132206f6fa605e949e5d84a638,[1.4],X-ray,2023-11-15T00:00:00Z,unclassified,
7YB7,,,0,,,0,,[2.2],X-ray,2023-11-15T00:00:00Z,,chain_count
7YBF,,,0,,,0,,[2.15],X-ray,2024-01-03T00:00:00Z,,chain_count
7Z6F,A,VLGEPRYAFNFN,12,,E,581,557388f40a6783d0fcd3aabafd459bf2,[1.65],X-ray,2023-09-20T00:00:00Z,unclassified,
7Z8Y,,,0,,,0,,[2.29],X-ray,2023-09-27T00:00:00Z,,chain_count
7ZG5,,,0,,,0,,[2.0],X-ray,2023-10-11T00:00:00Z,,chain_count
7ZRR,B,CSRYEVDCRGRGGPCG,16,,A,247,70773a49df129b43662bd20b6ce03015,[1.64],X-ray,2023-11-15T00:00:00Z,unclassified,
7ZRT,B,CSRFVVDCRGRGGPCG,16,,A,247,70773a49df129b43662bd20b6ce03015,[1.8],X-ray,2023-11-15T00:00:00Z,unclassified,
8A42,,,0,,,0,,[1.5],X-ray,2023-12-20T00:00:00Z,,chain_count
8AB5,,,0,,,0,,[2.4],X-ray,2023-10-25T00:00:00Z,,chain_count
8AI0,B,FPATV,5,TPO,A,236,51da54df749efe8ad3c0ec857a04201d,[1.6],X-ray,2023-09-20T00:00:00Z,unclassified,
8AI2,,,0,,,0,,[2.393],X-ray,2024-01-10T00:00:00Z,,chain_count
8AI4,,,0,,,0,,[1.75],X-ray,2024-01-10T00:00:00Z,,chain_count
8AI5,,,0,,,0,,[2.15],X-ray,2024-01-10T00:00:00Z,,chain_count
8ALH,P,SVPRFIKYTGYGNAAGLLAARGLMAGGR,28,,B,171,61b1a01296a33cdfae70bd971050dd36,[1.86],X-ray,2023-12-13T00:00:00Z,unclassified,
8ALR,B,FPATV,5,TPO,A,236,51da54df749efe8ad3c0ec857a04201d,[1.4],X-ray,2023-09-20T00:00:00Z,unclassified,
8ALT,B,FPATV,5,TPO,A,236,51da54df749efe8ad3c0ec857a04201d,[1.4],X-ray,2023-09-20T00:00:00Z,unclassified,
8ALV,B,FPATV,5,TPO,A,236,51da54df749efe8ad3c0ec857a04201d,[1.6],X-ray,2023-09-20T00:00:00Z,unclassified,
8ALW,B,FPATV,5,TPO,A,236,51da54df749efe8ad3c0ec857a04201d,[1.5],X-ray,2023-09-20T00:00:00Z,unclassified,
8AM7,B,FPATV,5,TPO,A,236,51da54df749efe8ad3c0ec857a04201d,[1.5],X-ray,2023-09-20T00:00:00Z,unclassified,
8ANF,B,FPATV,5,TPO,A,236,51da54df749efe8ad3c0ec857a04201d,[1.4],X-ray,2023-09-20T00:00:00Z,unclassified,
8AOY,B,FPATV,5,TPO,A,236,51da54df749efe8ad3c0ec857a04201d,[1.4],X-ray,2023-09-20T00:00:00Z,unclassified,
8APS,B,FPATV,5,TPO,A,236,51da54df749efe8ad3c0ec857a04201d,[1.2],X-ray,2023-09-20T00:00:00Z,unclassified,
8AQ1,B,FPATV,5,TPO,A,236,51da54df749efe8ad3c0ec857a04201d,[1.4],X-ray,2023-09-20T00:00:00Z,unclassified,
8AQC,B,FPATV,5,TPO,A,236,51da54df749efe8ad3c0ec857a04201d,[1.5],X-ray,2023-09-20T00:00:00Z,unclassified,
8AQE,B,FPATV,5,TPO,A,236,51da54df749efe8ad3c0ec857a04201d,[1.6],X-ray,2023-09-20T00:00:00Z,unclassified,
8AQZ,B,FPATV,5,TPO,A,236,51da54df749efe8ad3c0ec857a04201d,[1.4],X-ray,2023-09-20T00:00:00Z,unclassified,
8AR4,B,FPATV,5,TPO,A,236,51da54df749efe8ad3c0ec857a04201d,[1.5],X-ray,2023-09-20T00:00:00Z,unclassified,
8AR5,B,FPATV,5,TPO,A,236,51da54df749efe8ad3c0ec857a04201d,[1.4],X-ray,2023-09-20T00:00:00Z,unclassified,
8ARG,B,FPATV,5,TPO,A,236,51da54df749efe8ad3c0ec857a04201d,[1.5],X-ray,2023-09-20T00:00:00Z,unclassified,
8ARO,B,FPATV,5,TPO,A,236,51da54df749efe8ad3c0ec857a04201d,[1.6],X-ray,2023-09-20T00:00:00Z,unclassified,
8ARQ,B,FPATV,5,TPO,A,236,51da54df749efe8ad3c0ec857a04201d,[1.4],X-ray,2023-09-20T00:00:00Z,unclassified,
8ARR,B,FPATV,5,TPO,A,233,a1be3af3b8fe8cbd2fbb739d44fd565e,[1.35],X-ray,2023-09-20T00:00:00Z,unclassified,
8ARW,B,FPATV,5,TPO,A,236,51da54df749efe8ad3c0ec857a04201d,[1.5],X-ray,2023-09-20T00:00:00Z,unclassified,
8ARX,B,FPATV,5,TPO,A,236,51da54df749efe8ad3c0ec857a04201d,[1.4],X-ray,2023-09-20T00:00:00Z,unclassified,
8ARY,B,FPATV,5,TPO,A,236,51da54df749efe8ad3c0ec857a04201d,[1.45],X-ray,2023-09-20T00:00:00Z,unclassified,
8ARZ,B,FPATV,5,TPO,A,236,51da54df749efe8ad3c0ec857a04201d,[1.5],X-ray,2023-09-20T00:00:00Z,unclassified,
8AS1,B,FPATV,5,TPO,A,236,51da54df749efe8ad3c0ec857a04201d,[1.5],X-ray,2023-09-20T00:00:00Z,unclassified,
8AT9,B,FPATV,5,TPO,A,236,51da54df749efe8ad3c0ec857a04201d,[1.4],X-ray,2023-09-20T00:00:00Z,unclassified,
8ATP,B,FPATV,5,TPO,A,236,51da54df749efe8ad3c0ec857a04201d,[1.4],X-ray,2023-09-20T00:00:00Z,unclassified,
8ATR,P,QRSTSTPNV,9,SEP,A,236,51da54df749efe8ad3c0ec857a04201d,[1.7],X-ray,2023-09-20T00:00:00Z,unclassified,
8ATS,P,QRSTSTPNV,9,SEP,A,236,51da54df749efe8ad3c0ec857a04201d,[1.4],X-ray,2023-09-20T00:00:00Z,unclassified,
8AU2,B,FPATV,5,TPO,A,236,51da54df749efe8ad3c0ec857a04201d,[1.6],X-ray,2023-09-20T00:00:00Z,unclassified,
8AUS,B,FPATV,5,TPO,A,236,51da54df749efe8ad3c0ec857a04201d,[1.4],X-ray,2023-09-20T00:00:00Z,unclassified,
8AUY,B,FPATV,5,TPO,A,236,51da54df749efe8ad3c0ec857a04201d,[1.5],X-ray,2023-09-20T00:00:00Z,unclassified,
8AV3,B,FPATV,5,TPO,A,236,51da54df749efe8ad3c0ec857a04201d,[1.8],X-ray,2023-09-20T00:00:00Z,unclassified,
8AV4,B,FPATV,5,TPO,A,236,51da54df749efe8ad3c0ec857a04201d,[1.6],X-ray,2023-09-20T00:00:00Z,unclassified,
8AV7,B,FPATV,5,TPO,A,236,51da54df749efe8ad3c0ec857a04201d,[1.4],X-ray,2023-09-20T00:00:00Z,unclassified,
8AV8,B,FPATV,5,TPO,A,229,239e9cf89ece9d7ae7d9b93c5517870f,[1.8],X-ray,2023-09-06T00:00:00Z,unclassified,
8AWG,B,FPATV,5,TPO,A,236,51da54df749efe8ad3c0ec857a04201d,[1.8],X-ray,2023-09-20T00:00:00Z,unclassified,
8AXE,B,FPATV,5,TPO,A,236,51da54df749efe8ad3c0ec857a04201d,[1.8],X-ray,2023-09-20T00:00:00Z,unclassified,
8AXU,B,FPATV,5,TPO,A,236,51da54df749efe8ad3c0ec857a04201d,[1.6],X-ray,2023-09-20T00:00:00Z,unclassified,
8AZE,B,FPATV,5,TPO,A,236,51da54df749efe8ad3c0ec857a04201d,[1.6],X-ray,2023-09-20T00:00:00Z,unclassified,
8B39,B,FPATV,5,TPO,A,236,51da54df749efe8ad3c0ec857a04201d,[1.4],X-ray,2023-09-20T00:00:00Z,unclassified,
8B4J,P,SSDDDDDILLELGTR,15,SEP,O,125,0f0f57a67c24d7a7c27572ea6871f03d,[1.58],X-ray,2023-09-27T00:00:00Z,unclassified,
8B4X,,,0,,,0,,[1.6],X-ray,2023-10-04T00:00:00Z,,peptide_length
8B87,,,0,,,0,,[2.0],X-ray,2023-10-18T00:00:00Z,,chain_count
8B9P,,,0,,,0,,[2.11],X-ray,2023-09-20T00:00:00Z,,chain_count
8B9T,B,RTRRETQL,8,,A,90,50310e93a287ea0cbe8c6f4ad29270ce,[2.5],X-ray,2023-10-18T00:00:00Z,unclassified,
8BFW,,,0,,,0,,[2.33],X-ray,2023-10-04T00:00:00Z,,chain_count
8BIA,C,QEEWETVM,8,,A,102,743ce1d3a5f7e96d6d4460778b91c338,[2.4],X-ray,2023-11-15T00:00:00Z,unclassified,
8BP4,,,0,,,0,,[1.15],X-ray,2023-11-29T00:00:00Z,,chain_count
8BRH,B,KFIVSHY,7,,A,632,f167e2a998bb0c8712bb7c19950feab1,[2.4],X-ray,2024-06-05T00:00:00Z,unclassified,
8BTQ,B,RDKIRLNNAIWRAWYIQYV,19,,A,231,4b4dbf54b6d09b098a2424fab2ddf3ed,[1.6],X-ray,2024-05-01T00:00:00Z,unclassified,
8BV7,B,NPNPETSV,8,SEP,A,95,0aa9d9a6a290459c27d311290acea8ce,[1.8],X-ray,2023-12-13T00:00:00Z,unclassified,
8BVA,B,GGGRP,5,,A,340,3d5e4f45bc7f4079e98baa0adeb9308d,[2.19],X-ray,2023-12-13T00:00:00Z,unclassified,
8BWE,B,RDKIRLNNAIWRAWYIQY,18,,A,236,51da54df749efe8ad3c0ec857a04201d,[2.0],X-ray,2024-05-01T00:00:00Z,unclassified,
8BWH,B,RDKIRLNNAIWRAWYIQY,18,,A,236,51da54df749efe8ad3c0ec857a04201d,[2.1],X-ray,2024-05-01T00:00:00Z,unclassified,
8BX1,,,0,,,0,,[2.5],X-ray,2023-12-20T00:00:00Z,,peptide_length
8BYJ,,,0,,,0,,[2.07],X-ray,2023-09-20T00:00:00Z,,chain_count
8BZC,B,FPATV,5,TPO,A,236,ea8a5eb98fdb415a7164d499325d8198,[1.1],X-ray,2023-12-27T00:00:00Z,unclassified,
8BZD,B,FPATV,5,TPO,A,236,51da54df749efe8ad3c0ec857a04201d,[1.5],X-ray,2024-06-26T00:00:00Z,unclassified,
8BZE,B,FPATV,5,TPO,A,236,51da54df749efe8ad3c0ec857a04201d,[1.43],X-ray,2024-06-26T00:00:00Z,unclassified,
8BZF,B,FPATV,5,TPO,A,236,51da54df749efe8ad3c0ec857a04201d,[1.53],X-ray,2023-12-27T00:00:00Z,unclassified,
8BZG,B,FPATV,5,TPO,A,236,51da54df749efe8ad3c0ec857a04201d,[1.49],X-ray,2024-06-26T00:00:00Z,unclassified,
8BZH,B,FPATV,5,TPO,A,236,51da54df749efe8ad3c0ec857a04201d,[1.46],X-ray,2024-06-26T00:00:00Z,unclassified,
8BZT,B,FPATV,5,TPO,A,236,51da54df749efe8ad3c0ec857a04201d,[1.65],X-ray,2024-06-26T00:00:00Z,unclassified,
8C0L,B,FPATV,5,TPO,A,236,51da54df749efe8ad3c0ec857a04201d,[1.6],X-ray,2024-07-10T00:00:00Z,unclassified,
8C1J,B,EREFDK,6,,A,340,5803cf8131655b14669d2baa2cc225ed,[2.0],X-ray,2024-01-10T00:00:00Z,unclassified,
8C1L,,,0,,,0,,[2.0],X-ray,2024-01-10T00:00:00Z,,chain_count
8C1T,,,0,,,0,,[2.2],X-ray,2024-01-10T00:00:00Z,,chain_count
8C1Y,B,RDKIRLNNAIWRAWYIQY,18,,A,236,51da54df749efe8ad3c0ec857a04201d,[1.8],X-ray,2024-05-01T00:00:00Z,unclassified,
8C2E,P,RSASCPSL,8,SEP,A,232,0c59e4fa675014c19e7ead91e9c6acf9,[2.2],X-ray,2023-11-01T00:00:00Z,unclassified,
8C2F,P,RAHSCPASL,9,SEP,A,232,0c59e4fa675014c19e7ead91e9c6acf9,[2.3],X-ray,2023-11-01T00:00:00Z,unclassified,
8C2Y,P,MRPRSLE,7,SEP,A,231,67a57f6d5d018769192f1873a67b37e7,[1.46],X-ray,2024-01-10T00:00:00Z,unclassified,
8C30,,,0,,,0,,[1.4],X-ray,2024-01-10T00:00:00Z,,download_failed
8C3Z,B,GRRATVPWSH,10,TPO,A,236,51da54df749efe8ad3c0ec857a04201d,[1.4],X-ray,2023-12-27T00:00:00Z,unclassified,
8C40,B,GRRATV,6,TPO,A,236,51da54df749efe8ad3c0ec857a04201d,[1.4],X-ray,2023-12-27T00:00:00Z,unclassified,
8C42,B,RRATV,5,TPO,A,236,51da54df749efe8ad3c0ec857a04201d,[1.4],X-ray,2023-12-27T00:00:00Z,unclassified,
8C43,B,RRATVPWSH,9,TPO,A,233,45fad32e2defd5309818dfa5c56ec864,[1.4],X-ray,2023-12-27T00:00:00Z,unclassified,
8CD3,A,DPHSETAL,8,,B,102,743ce1d3a5f7e96d6d4460778b91c338,[1.9],X-ray,2024-01-31T00:00:00Z,unclassified,
8CIX,,,0,,,0,,[1.76],X-ray,2023-11-29T00:00:00Z,,peptide_length
8CIY,,,0,,,0,,[1.54],X-ray,2023-11-29T00:00:00Z,,peptide_length
8CIZ,,,0,,,0,,[2.27],X-ray,2023-11-29T00:00:00Z,,chain_count
8CN6,,,0,,,0,,[2.43],X-ray,2024-11-13T00:00:00Z,,chain_count
8D3O,,,0,,,0,,[2.25],X-ray,2023-11-08T00:00:00Z,,peptide_length
8EBK,B,LTFEYWAQLSAA,12,,A,86,f38e6d347a4012b1c49001b9c8f92b63,[1.29],X-ray,2023-10-04T00:00:00Z,unclassified,
8EHV,,,0,,,0,,[2.29],X-ray,2023-09-20T00:00:00Z,,chain_count
8EHZ,,,0,,,0,,[2.06],X-ray,2023-10-25T00:00:00Z,,chain_count
8EI0,B,PCYEAWVLCEY,11,,A,132,aaa854be8a39324776d49b93d1cfb50c,[1.47],X-ray,2023-10-25T00:00:00Z,unclassified,
8EI4,B,PASMRCHRAAHICSVL,16,,A,365,a6a80a69920b0b66857f9bec5e798018,[2.43],X-ray,2023-10-25T00:00:00Z,unclassified,
8EI7,,,0,,,0,,[2.22],X-ray,2023-10-25T00:00:00Z,,chain_count
8EJR,,,0,,,0,,[2.08],X-ray,2023-09-27T00:00:00Z,,chain_count
8ENS,C,VKLHYT,6,,A,302,27c7a01598ed78c37cc4c27e0e487c61,[1.45],X-ray,2024-01-31T00:00:00Z,unclassified,
8ENW,,,0,,,0,,[1.45],X-ray,2024-01-31T00:00:00Z,,chain_count
8ENX,,,0,,,0,,[1.8],X-ray,2024-01-31T00:00:00Z,,chain_count
8F5Q,,,0,,,0,,[1.9],X-ray,2023-09-27T00:00:00Z,,chain_count
8F5Y,,,0,,,0,,[2.15],X-ray,2024-02-21T00:00:00Z,,chain_count
8FE2,,,0,,,0,,[2.34],X-ray,2023-10-18T00:00:00Z,,chain_count
8FG6,A,GQRIRVRI,8,,B,151,2074226f439a95da45527954a7ea3776,[2.3],X-ray,2024-03-20T00:00:00Z,unclassified,
8FHE,D,GLEDIIRKALM,11,,B,262,5941ec73d80e36996e2e28b9d4b56d9c,[1.8],X-ray,2024-03-20T00:00:00Z,unclassified,
8FHG,D,GLEDIIRKALM,11,,B,267,b697eb9d6097b67b90ebdcf3801387ec,[1.8],X-ray,2024-03-20T00:00:00Z,unclassified,
8FIF,,,0,,,0,,[2.35],X-ray,2023-12-20T00:00:00Z,,chain_count
8FKC,D,NLGLEDIIRKALM,13,,A,260,5396ecd20c3c34280608b8789ea8830b,[1.42],X-ray,2024-04-17T00:00:00Z,unclassified,
8FKD,D,SNLGLEDIIRKALM,14,,A,268,9c21215961e10ba93d510b2b83d859a3,[2.22],X-ray,2024-04-17T00:00:00Z,unclassified,
8FKE,D,SNLGLEDIIRKALM,14,,A,268,9c21215961e10ba93d510b2b83d859a3,[2.02],X-ray,2024-04-17T00:00:00Z,unclassified,
8FKF,D,SNLGLEDIIRKALM,14,,A,263,10ce66c67c700b62678c1f52a02c5fdb,[1.82],X-ray,2024-04-17T00:00:00Z,unclassified,
8FKG,D,NLGLEDIIRKALM,13,,A,264,49c9556efe99cf2e7436336ac012dd4f,[2.12],X-ray,2024-04-17T00:00:00Z,unclassified,
8FSQ,B,RTGNA,5,,A,576,44dd7f41a09fd35d8a463b7c57c54241,[1.76],X-ray,2024-04-17T00:00:00Z,unclassified,
8FSR,B,RTGNAN,6,,A,576,0efa0ddfb5b2d1eeaae33de8bfaf0a5d,[1.78],X-ray,2024-02-07T00:00:00Z,unclassified,
8FSS,B,RTGNA,5,,A,571,d8250687820e374fa6c5c6b3bb59284a,[2.0],X-ray,2024-02-07T00:00:00Z,unclassified,
8FUD,,,0,,,0,,[1.68],X-ray,2024-07-24T00:00:00Z,,chain_count
8GCG,,,0,,,0,,[1.47],X-ray,2024-10-23T00:00:00Z,,
8GCK,,,0,,,0,,[1.36823537069],X-ray,2024-03-06T00:00:00Z,,chain_count
8GJ5,,,0,,,0,,[2.3],X-ray,2024-01-24T00:00:00Z,,chain_count
8GJF,,,0,,,0,,[2.0],X-ray,2024-01-24T00:00:00Z,,chain_count
8GJG,B,GFTSDYSKYLDSRRAQDFVQWLMNT,25,,A,162,12d4a0241cb107c3952786f658eb7f29,[1.95],X-ray,2024-01-10T00:00:00Z,unclassified,
8GJI,B,SDYSKYLDSRRAQDFVQWLMNT,22,,A,167,10c4db0b406ccb5eb37a0524778a53e8,[1.81],X-ray,2024-01-10T00:00:00Z,unclassified,
8GL7,D,ALLRYLLDK,9,,A,248,62d5ee8b43c12546a33dcf5e4fb65950,[2.4],X-ray,2024-06-26T00:00:00Z,unclassified,
8GQP,,,0,,,0,,[2.0],X-ray,2023-09-13T00:00:00Z,,chain_count
8GTX,B,AARMCCKLDPARDVLCLRPI,20,,A,200,af9d7485cbe3dc2ed46cd0cfaa4564d4,[1.8],X-ray,2023-09-13T00:00:00Z,unclassified,
8GWH,,,0,,,0,,[2.0],X-ray,2023-09-20T00:00:00Z,,peptide_length
8H7K,B,TSAVLQSGFR,10,,A,302,060ab227fc223d813550955ce4c16f22,[1.45],X-ray,2023-10-11T00:00:00Z,unclassified,
8H7P,,,0,,,0,,[1.82],X-ray,2023-11-01T00:00:00Z,,peptide_length
8HLW,B,GGAKRHRK,8,,A,266,3b371d2408392fa7c7e7c176c0663b3f,[2.5],X-ray,2023-09-27T00:00:00Z,unclassified,
8HLY,B,ATKAAR,6,,A,270,19e8bf2661627fe37518ae330475cdc0,[2.0],X-ray,2023-09-27T00:00:00Z,unclassified,
8HMX,B,ARTKQ,5,,A,304,a3d8eebd7f572b9f7277155026006605,[1.7],X-ray,2023-12-13T00:00:00Z,unclassified,
8HQT,B,VKLHYT,6,,A,295,06a8fab1c8e23824fea655022f79ade5,[1.8],X-ray,2023-12-20T00:00:00Z,unclassified,
8HQV,B,IKTSHDD,7,,A,300,91d0ac1b87b15a37ce516c2b8cf0d659,[1.398],X-ray,2023-12-20T00:00:00Z,unclassified,
8HQX,B,KEKSD,5,,A,294,af05c165dc3655e64a8f4532c787444b,[1.538],X-ray,2023-12-20T00:00:00Z,unclassified,
8I82,,,0,,,0,,[1.95],X-ray,2024-01-10T00:00:00Z,,chain_count
8I84,,,0,,,0,,[2.2],X-ray,2024-01-10T00:00:00Z,,chain_count
8I89,,,0,,,0,,[2.0],X-ray,2024-01-10T00:00:00Z,,chain_count
8I8H,,,0,,,0,,[2.02],X-ray,2024-01-10T00:00:00Z,,chain_count
8IBO,C,GLRRLFADQLVGRRN,15,,A,142,2ee2a0f7fe1eb4eff74137b5c9d6b1c2,[1.83],X-ray,2023-09-20T00:00:00Z,unclassified,
8IBP,C,GLRRLFADQAVGRRN,15,,A,143,955527e41f95d946efb059911e4b7d34,[1.45],X-ray,2023-09-20T00:00:00Z,unclassified,
8IGC,B,DAIIQMIVELLKRVGDQWEEEQS,23,,A,154,a247393bbcae7e1c8a85ea405d473132,[1.697],X-ray,2023-09-20T00:00:00Z,unclassified,
8IIY,,,0,,,0,,[2.15],X-ray,2023-11-01T00:00:00Z,,chain_count
8IJ0,,,0,,,0,,[1.52],X-ray,2023-11-01T00:00:00Z,,chain_count
8IN0,B,INVRKRNVE,9,,A,290,963ffe3358e1b7dea05d97503bbed5fb,[1.8],X-ray,2024-03-13T00:00:00Z,unclassified,
8IR2,,,0,,,0,,[1.75],X-ray,2023-11-15T00:00:00Z,,chain_count
8IR4,,,0,,,0,,[1.62],X-ray,2023-11-15T00:00:00Z,,chain_count
8IYA,,,0,,,0,,[2.43],X-ray,2024-01-03T00:00:00Z,,chain_count
8J5U,B,ASPFSPDPP,9,,A,534,37015f39b3e501ad34fa3ffc9c589b28,[1.98],X-ray,2024-04-03T00:00:00Z,unclassified,
8JG4,,,0,,,0,,[2.3],X-ray,2024-05-22T00:00:00Z,,chain_count
8JJV,B,EGVVHGVATVA,11,,A,110,da4bd2a3c5be5028483cea8c96144367,[1.23],X-ray,2024-01-10T00:00:00Z,unclassified,
8JLY,B,GVVHGVATVA,10,,A,110,da4bd2a3c5be5028483cea8c96144367,[1.29],X-ray,2024-01-10T00:00:00Z,unclassified,
8JOQ,B,PISSTPL,7,TPO,A,218,345fc2458a86bdec0a7c2e4ca7a72555,[1.796],X-ray,2023-10-11T00:00:00Z,unclassified,
8JOW,,,0,,,0,,[1.4],X-ray,2024-06-12T00:00:00Z,,chain_count
8JT1,,,0,,,0,,[2.0],X-ray,2024-02-07T00:00:00Z,,chain_count
8JUD,,,0,,,0,,[1.5],X-ray,2023-11-01T00:00:00Z,,peptide_length
8JUF,,,0,,,0,,[1.39],X-ray,2023-11-01T00:00:00Z,,peptide_length
8JUG,,,0,,,0,,[1.3],X-ray,2023-11-01T00:00:00Z,,peptide_length
8JZD,,,0,,,0,,[2.45],X-ray,2024-05-15T00:00:00Z,,chain_count
8JZV,B,TWEADDVDDDLLYQACD,17,,A,115,18e3f2303eb57bb255568180000ad71a,[1.5],X-ray,2023-09-13T00:00:00Z,unclassified,
8JZW,,,0,,,0,,[1.8],X-ray,2024-07-10T00:00:00Z,,chain_count
8JZY,B,DFANDDIDSYMIAME,15,,A,115,18e3f2303eb57bb255568180000ad71a,[1.5],X-ray,2023-09-13T00:00:00Z,unclassified,
8K4Z,,,0,,,0,,[1.7],X-ray,2024-04-17T00:00:00Z,,peptide_length
8KDX,B,TPSLPTPPTR,10,,A,60,6414777fdc0342091b246089a48d9903,[1.01],X-ray,2024-02-28T00:00:00Z,unclassified,
8OIO,,,0,,,0,,[1.954],X-ray,2024-04-03T00:00:00Z,,chain_count
8OJ6,,,0,,,0,,[2.41],EM,2024-04-03T00:00:00Z,,peptide_length
8OK9,,,0,,,0,,[2.5],X-ray,2024-01-24T00:00:00Z,,peptide_length
8OKF,B,TAIDVTGCV,9,,A,305,7981e8544946a6e9f9dd1294571ed7e0,[1.85],X-ray,2024-04-10T00:00:00Z,unclassified,
8ON7,,,0,,,0,,[2.5],EM,2024-02-14T00:00:00Z,,chain_count
8ON9,,,0,,,0,,[2.4],EM,2024-02-14T00:00:00Z,,chain_count
8OYH,,,0,,,0,,[1.8],X-ray,2024-03-13T00:00:00Z,,chain_count
8P9O,,,0,,,0,,[2.45],X-ray,2023-12-13T00:00:00Z,,chain_count
8P9R,,,0,,,0,,[1.52],X-ray,2023-09-06T00:00:00Z,,chain_count
8P9X,B,KHKILHRLLQ,10,,A,239,0ec2f9f7da63702c189c561fbdfa8b7f,[2.15],X-ray,2024-06-26T00:00:00Z,unclassified,
8PAT,,,0,,,0,,[1.45],X-ray,2024-03-13T00:00:00Z,,peptide_length
8PAY,,,0,,,0,,[1.21],X-ray,2024-03-13T00:00:00Z,,peptide_length
8PDE,,,0,,,0,,[2.4],X-ray,2024-04-17T00:00:00Z,,chain_count
8PEF,B,GAKRHRKVLRDN,12,,A,134,69b25c104a3e167905fe497cf1fa5dd1,[1.28],X-ray,2024-10-09T00:00:00Z,unclassified,
8PI3,,,0,,,0,,[1.73],X-ray,2024-06-05T00:00:00Z,,
8PKU,,,0,,,0,,[1.73],X-ray,2023-11-15T00:00:00Z,,chain_count
8PKV,,,0,,,0,,[1.55],X-ray,2023-11-15T00:00:00Z,,chain_count
8PKW,,,0,,,0,,[1.54],X-ray,2023-11-15T00:00:00Z,,chain_count
8PKX,,,0,,,0,,[1.79],X-ray,2023-11-15T00:00:00Z,,chain_count
8PN3,,,0,,,0,,[1.44],X-ray,2024-03-06T00:00:00Z,,chain_count
8PN5,,,0,,,0,,[1.72],X-ray,2024-03-06T00:00:00Z,,chain_count
8PP0,B,KHKILHRLLQDSS,13,,A,214,55eac90a836eb2d810ca93f8801995d4,[1.9],X-ray,2024-02-07T00:00:00Z,unclassified,
8PQO,,,0,,,0,,[2.3],X-ray,2024-05-08T00:00:00Z,,
8PSR,B,MQLLDSSNLARRRRRRR,17,,A,354,2856af0a01b53c1aecada9e7117127bb,[1.85],X-ray,2024-07-24T00:00:00Z,unclassified,
8PUU,,,0,,,0,,[2.1],X-ray,2024-10-30T00:00:00Z,,peptide_length
8PWE,B,KHKILHRLLQ,10,,A,239,59ff30e3d80dfea8f4ea8d15fccdd0d4,[2.0],X-ray,2024-08-07T00:00:00Z,unclassified,
8PWF,B,HKILHRLLQ,9,,A,238,8c7b79df9321982d3e7ff6dffc8496d3,[2.3],X-ray,2024-08-14T00:00:00Z,unclassified,
8PWM,B,KHKILHRLLQ,10,,A,238,ad6c12150d18122356cb687b3ea2ae24,[2.3],X-ray,2024-08-21T00:00:00Z,unclassified,
8PX6,,,0,,,0,,[2.5],EM,2024-07-31T00:00:00Z,,chain_count
8Q1N,,,0,,,0,,[1.843],X-ray,2023-09-06T00:00:00Z,,chain_count
8Q1Q,D,CLQLDPETGECL,12,,A,288,faa25ad23785fe16348b839036f44447,[1.378],X-ray,2023-10-25T00:00:00Z,unclassified,
8Q1R,E,CDPETGECL,9,,A,288,faa25ad23785fe16348b839036f44447,[1.33],X-ray,2023-10-25T00:00:00Z,unclassified,
8Q23,,,0,,,0,,[1.9],X-ray,2024-08-14T00:00:00Z,,
8Q24,,,0,,,0,,[1.9],X-ray,2024-08-14T00:00:00Z,,chain_count
8Q26,,,0,,,0,,[1.9],X-ray,2024-08-14T00:00:00Z,,chain_count
8Q2Z,,,0,,,0,,[1.88],X-ray,2024-08-14T00:00:00Z,,chain_count
8Q3S,,,0,,,0,,[1.78],X-ray,2024-08-14T00:00:00Z,,chain_count
8Q3T,,,0,,,0,,[1.96],X-ray,2024-08-14T00:00:00Z,,chain_count
8Q55,P,QRSTSTPNV,9,SEP,A,235,549953236a16b3fd3508bda167d9ffb0,[1.3],X-ray,2025-02-19T00:00:00Z,unclassified,
8Q5C,P,QRSTSTPNVH,10,SEP,A,229,239e9cf89ece9d7ae7d9b93c5517870f,[2.0],X-ray,2025-02-19T00:00:00Z,unclassified,
8Q5P,B,QHLGGVMKPTYD,12,,A,245,5541301d202f0a2af45a28032be76806,[1.814],X-ray,2024-04-24T00:00:00Z,unclassified,
8Q5S,B,ELDLETLAPYIPMDGEDFQL,20,,A,219,bd031f3e10a70bd4d3be3bf08be75045,[1.49],X-ray,2024-08-21T00:00:00Z,unclassified,
8Q64,B,ELDLETLAPYIPMDGEDFQL,20,HYP,A,219,bd031f3e10a70bd4d3be3bf08be75045,[1.36],X-ray,2024-08-21T00:00:00Z,unclassified,
8Q6D,B,ELDLETLAPYIPMDGEDFQL,20,,A,220,a3764390cda019d63d8f0c106be3e713,[1.4],X-ray,2024-08-21T00:00:00Z,unclassified,
8Q6E,B,LDLETLAPYIPMDGEDFQL,19,,A,219,bd031f3e10a70bd4d3be3bf08be75045,[1.37],X-ray,2024-08-21T00:00:00Z,unclassified,
8Q7I,P,QQARIEGFFKVI,12,,A,257,42040d109e9e88b84aec764d03aef486,[1.95],X-ray,2023-12-13T00:00:00Z,unclassified,
8Q7K,,,0,,,0,,[1.6],X-ray,2024-08-28T00:00:00Z,,chain_count
8Q9N,,,0,,,0,,[1.51],X-ray,2024-06-26T00:00:00Z,,chain_count
8Q9P,,,0,,,0,,[2.2],X-ray,2024-04-17T00:00:00Z,,chain_count
8Q9Q,,,0,,,0,,[2.11],X-ray,2024-04-17T00:00:00Z,,chain_count
8Q9R,,,0,,,0,,[2.25],X-ray,2024-04-17T00:00:00Z,,chain_count
8QCI,A,APATCWLWGD,10,,B,269,5e53a3a2a1398a091516029743211d63,[2.2],X-ray,2024-03-06T00:00:00Z,unclassified,
8QFZ,B,CHWLENCWRGFC,12,,A,115,bd54f66746e9d1aed7ce8536386b0ca1,[1.65],X-ray,2024-02-07T00:00:00Z,unclassified,
8QKE,,,0,,,0,,[1.504],X-ray,2024-03-20T00:00:00Z,,chain_count
8QKG,,,0,,,0,,[1.538],X-ray,2024-03-20T00:00:00Z,,chain_count
8QKJ,,,0,,,0,,[1.767],X-ray,2024-03-20T00:00:00Z,,chain_count
8QLG,,,0,,,0,,[2.1],X-ray,2024-05-22T00:00:00Z,,chain_count
8QLJ,,,0,,,0,,[1.65],X-ray,2024-05-22T00:00:00Z,,chain_count
8QLK,B,AIQSEKARKHN,11,,A,621,f59d68bb2c0d6ce943c778793811c13b,[2.29],X-ray,2024-05-22T00:00:00Z,unclassified,
8QLM,,,0,,,0,,[1.66],X-ray,2024-05-22T00:00:00Z,,chain_count
8QLV,B,VMVKGPGPGR,10,,A,621,f59d68bb2c0d6ce943c778793811c13b,[1.49],X-ray,2024-05-22T00:00:00Z,unclassified,
8QM0,,,0,,,0,,[1.76],X-ray,2024-05-22T00:00:00Z,,chain_count
8QOO,B,LPKKGG,6,,A,292,40c0f291fcec7467ca8d5c5f302b2be9,[1.55],X-ray,2024-10-09T00:00:00Z,unclassified,
8QQF,,,0,,,0,,[2.19],X-ray,2024-04-10T00:00:00Z,,chain_count
8QS2,P,QRSTSTPNVH,10,SEP,A,229,82c87ff4d6dd1b2f6f5ccd5c05af2780,[2.0],X-ray,2025-04-23T00:00:00Z,unclassified,
8QS3,,,0,,,0,,[1.6],X-ray,2025-04-23T00:00:00Z,,chain_count
8QS4,P,QRSTSTPNVH,10,SEP,A,229,239e9cf89ece9d7ae7d9b93c5517870f,[2.0],X-ray,2025-04-23T00:00:00Z,unclassified,
8QS5,P,QRSTSTPNVH,10,SEP,A,228,a225b89fab422d64e32f6a583bfc2ecb,[2.0],X-ray,2025-04-23T00:00:00Z,unclassified,
8QS6,P,QRSTSTPNVH,10,SEP,A,230,890e4104ed37147333bc68ca775e1166,[1.8],X-ray,2025-04-23T00:00:00Z,unclassified,
8QS7,P,QRSTSTPNVH,10,SEP,A,230,890e4104ed37147333bc68ca775e1166,[1.8],X-ray,2025-04-23T00:00:00Z,unclassified,
8QS8,P,QRSTSTPNVH,10,SEP,A,231,67a57f6d5d018769192f1873a67b37e7,[1.8],X-ray,2025-04-23T00:00:00Z,unclassified,
8QS9,P,QRSTSTPNVH,10,SEP,A,232,6d73cd1064688afb46e9d3689cf54433,[2.0],X-ray,2025-04-23T00:00:00Z,unclassified,
8QSA,P,QRSTSTPNVH,10,SEP,A,231,67a57f6d5d018769192f1873a67b37e7,[1.8],X-ray,2025-04-23T00:00:00Z,unclassified,
8QSB,,,0,,,0,,[1.9],X-ray,2025-04-23T00:00:00Z,,chain_count
8QSC,,,0,,,0,,[1.8],X-ray,2025-04-23T00:00:00Z,,chain_count
8QSD,,,0,,,0,,[2.0],X-ray,2025-04-23T00:00:00Z,,chain_count
8QSE,,,0,,,0,,[1.8],X-ray,2025-04-23T00:00:00Z,,chain_count
8QSF,,,0,,,0,,[1.8],X-ray,2025-04-23T00:00:00Z,,chain_count
8QSG,,,0,,,0,,[2.0],X-ray,2025-04-23T00:00:00Z,,chain_count
8QSH,,,0,,,0,,[1.8],X-ray,2025-04-23T00:00:00Z,,chain_count
8QT0,B,LPKKGG,6,,A,295,8e4fafa34862725b05b334c70b38fa46,[1.85],X-ray,2024-10-23T00:00:00Z,unclassified,
8QT1,B,LPKKGG,6,,A,295,c1a924d013adaf268aec57c2646ab97e,[1.55],X-ray,2024-10-23T00:00:00Z,unclassified,
8QT2,B,LPKKGG,6,,A,292,67408f281fd70e41c77d2d799d6f421d,[1.65],X-ray,2024-10-23T00:00:00Z,unclassified,
8QT3,B,ALPKKG,6,,A,292,33b58bbad32fdb3a2f2d6ad363e589c3,[1.55],X-ray,2024-10-23T00:00:00Z,unclassified,
8QT4,B,ALPKKG,6,,A,294,903e89f1a5aa63f7538bddaaf524876d,[1.55],X-ray,2024-10-23T00:00:00Z,unclassified,
8QT8,B,PKKGG,5,,A,289,77f461dd3698b53700f6b20f24949d75,[1.65],X-ray,2024-10-23T00:00:00Z,unclassified,
8QTF,,,0,,,0,,[1.9],X-ray,2023-11-22T00:00:00Z,,chain_count
8QTT,,,0,,,0,,[2.35],X-ray,2023-11-15T00:00:00Z,,chain_count
8QTU,B,LPKKG,5,,A,285,7c0369ee04d5a492ceb68dd7740e0bda,[1.8],X-ray,2024-10-23T00:00:00Z,unclassified,
8QXW,B,PNTKKQKCG,9,,A,424,47f976b842471b711594072e51d8506e,[2.0],X-ray,2023-11-08T00:00:00Z,unclassified,
8QXX,B,FEFVPNTKKQKCG,13,TPO,A,426,0c1d2cd289e4efcff02afb9cd9d4ce6f,[1.9],X-ray,2023-11-08T00:00:00Z,unclassified,
8R0H,B,RKRRRHPSG,9,,A,273,40d78a12218d610aba04340b14986332,[1.88],X-ray,2024-11-13T00:00:00Z,unclassified,
8R0Q,B,RKRRRHPSG,9,,A,267,e14e95d2ed431f75a882e1d0995f4907,[1.7],X-ray,2024-11-13T00:00:00Z,unclassified,
8R0W,B,RKRRRHPS,8,,A,273,40d78a12218d610aba04340b14986332,[1.95],X-ray,2024-11-13T00:00:00Z,unclassified,
8R0Y,B,RKRRRHPS,8,,A,271,e88a4c6f6e0304df82b5df0f003df1f1,[2.05],X-ray,2024-11-13T00:00:00Z,unclassified,
8R0Z,P,RSHSSPASLQ,10,SEP,A,234,b602038d0848a6da28e84a060d2a339d,[1.2],X-ray,2024-09-04T00:00:00Z,unclassified,
8R10,C,RKRRRHPS,8,,A,263,795fdca601a71913797d67a87fc33536,[2.2],X-ray,2024-03-20T00:00:00Z,unclassified,
8R18,C,ARKRRRHPSG,10,,A,273,40d78a12218d610aba04340b14986332,[1.89],X-ray,2024-03-20T00:00:00Z,unclassified,
8R1K,B,KRRRHPSG,8,,A,273,40d78a12218d610aba04340b14986332,[1.95],X-ray,2024-11-13T00:00:00Z,unclassified,
8R1N,C,RKRRRHPS,8,,A,272,967737f81b155020782e2162fa434fff,[2.21],X-ray,2024-03-20T00:00:00Z,unclassified,
8R1P,C,RKRRRHPS,8,,A,269,ec25caab3733d026c2857028b192f390,[2.45],X-ray,2024-03-20T00:00:00Z,unclassified,
8R1T,D,ARKRRRHPS,9,,A,273,40d78a12218d610aba04340b14986332,[2.0],X-ray,2024-03-20T00:00:00Z,unclassified,
8R1W,B,RKRRRHPS,8,,A,270,cf61d9c2e525ca69317e58675617e867,[2.15],X-ray,2024-11-13T00:00:00Z,unclassified,
8R25,B,RKRRRHPSG,9,,A,273,40d78a12218d610aba04340b14986332,[2.1],X-ray,2024-11-13T00:00:00Z,unclassified,
8R27,B,RKRRRHPS,8,,A,272,dedc565b1831bd2f71e9cce76c7effab,[1.95],X-ray,2024-11-13T00:00:00Z,unclassified,
8R58,B,EELEDDVFQP,10,,A,282,2f56884e4449b1660ea25859a3c604e8,[2.31],X-ray,2024-11-27T00:00:00Z,unclassified,
8R7F,,,0,,,0,,[1.98],X-ray,2024-12-04T00:00:00Z,,peptide_length
8R7S,,,0,,,0,,[1.17],X-ray,2024-10-30T00:00:00Z,,chain_count
8R7T,,,0,,,0,,[1.2],X-ray,2024-10-30T00:00:00Z,,chain_count
8R7U,,,0,,,0,,[1.2],X-ray,2024-10-30T00:00:00Z,,chain_count
8R8B,,,0,,,0,,[1.808],X-ray,2024-11-13T00:00:00Z,,download_failed
8RAU,,,0,,,0,,[2.33],X-ray,2025-06-11T00:00:00Z,,peptide_length
8RB1,,,0,,,0,,[2.085],X-ray,2025-06-11T00:00:00Z,,peptide_length
8RBH,,,0,,,0,,[1.88],X-ray,2024-12-11T00:00:00Z,,chain_count
8RND,,,0,,,0,,[1.56],X-ray,2024-06-05T00:00:00Z,,
8RRK,,,0,,,0,,[1.93],X-ray,2025-02-12T00:00:00Z,,chain_count
8RRL,,,0,,,0,,[2.15],X-ray,2025-02-12T00:00:00Z,,chain_count
8RRM,,,0,,,0,,[2.0],X-ray,2025-02-12T00:00:00Z,,chain_count
8RS8,,,0,,,0,,[1.31],X-ray,2025-07-16T00:00:00Z,,chain_count
8RSU,,,0,,,0,,[2.4],X-ray,2024-07-24T00:00:00Z,,
8RSV,,,0,,,0,,[2.19],X-ray,2024-07-24T00:00:00Z,,
8RTE,,,0,,,0,,[2.4],X-ray,2024-07-24T00:00:00Z,,chain_count
8RTZ,,,0,,,0,,[1.52],X-ray,2024-04-03T00:00:00Z,,download_failed
8RU3,P,ESILDEHLQRVW,12,,A,507,525e02deba1645b577ff72c10f4cbdae,[2.001],X-ray,2024-09-04T00:00:00Z,unclassified,
8RU4,,,0,,,0,,[2.13],X-ray,2024-09-04T00:00:00Z,,chain_count
8RUT,B,ELDLETLAPYIPMDGEDFQL,20,,A,220,08995e776acf7e634cdc015cc7976cd1,[1.62],X-ray,2025-02-12T00:00:00Z,unclassified,
8RUV,B,LDLETLAPYIPMDGEDFQL,19,,A,218,9861f32ccbda16eb4d405ebf50803dd7,[1.66],X-ray,2025-02-12T00:00:00Z,unclassified,
8RUZ,B,LDLETLAPYIPMDGEDFQL,19,,A,219,424dc6769ebb03597a70a9495c8b380b,[1.82],X-ray,2025-02-12T00:00:00Z,unclassified,
8RV1,B,ELDLETLAPYIPMDGEDFQL,20,HYP,A,219,424dc6769ebb03597a70a9495c8b380b,[1.39],X-ray,2025-02-12T00:00:00Z,unclassified,
8RYK,,,0,,,0,,[1.8],X-ray,2024-05-22T00:00:00Z,,chain_count
8RZU,B,APSTGGVMKPH,11,,A,250,1a1f468b74766847e94578150f5ea819,[2.19],X-ray,2025-03-05T00:00:00Z,unclassified,
8S1R,,,0,,,0,,[1.979],X-ray,2024-07-03T00:00:00Z,,download_failed
8S30,B,SMWSSM,6,SEP,A,209,5b45329fd1472ebda4212c3cffee474e,[1.94],X-ray,2024-08-21T00:00:00Z,unclassified,
8S31,,,0,,,0,,[2.134],X-ray,2024-08-21T00:00:00Z,,chain_count
8S32,,,0,,,0,,[2.45],EM,2024-02-28T00:00:00Z,,chain_count
8S42,,,0,,,0,,[1.7],X-ray,2025-03-05T00:00:00Z,,
8S6A,,,0,,,0,,[1.36],X-ray,2025-03-12T00:00:00Z,,chain_count
8S6K,,,0,,,0,,[1.75],X-ray,2025-06-25T00:00:00Z,,chain_count
8S6N,,,0,,,0,,[1.743],X-ray,2024-10-30T00:00:00Z,,chain_count
8S6O,,,0,,,0,,[2.4],X-ray,2024-10-30T00:00:00Z,,chain_count
8S6U,,,0,,,0,,[2.0],X-ray,2024-10-30T00:00:00Z,,chain_count
8S9Z,,,0,,,0,,[1.6],X-ray,2024-04-03T00:00:00Z,,peptide_length
8SDO,B,CGRGG,5,,A,130,70e8fbe2a888fe5e02c5e0f1cbd7e8d9,[2.01],X-ray,2024-06-05T00:00:00Z,unclassified,
8SDQ,B,SGRGGG,6,SEP,A,133,c2cca26f2c7411c738b3ee7a16b788ee,[1.85],X-ray,2024-06-05T00:00:00Z,unclassified,
8SF8,B,TTYADFIASGRTGRRNAIHD,20,,A,339,7adc70a128225c5a260623318322170b,[1.7],X-ray,2024-02-21T00:00:00Z,unclassified,
8SGF,,,0,,,0,,[1.418],X-ray,2024-01-03T00:00:00Z,,chain_count
8SII,,,0,,,0,,[1.37],X-ray,2024-09-04T00:00:00Z,,chain_count
8SKJ,,,0,,,0,,[2.01],X-ray,2023-11-22T00:00:00Z,,chain_count
8SP6,,,0,,,0,,[1.45],X-ray,2024-03-13T00:00:00Z,,chain_count
8SR6,B,TKQTARKSTGGKAPR,15,,A,451,6c0a629efc0c9399bcfadd1489b4961f,[2.22],X-ray,2024-03-13T00:00:00Z,unclassified,
8SRU,,,0,,,0,,[1.5],X-ray,2024-11-13T00:00:00Z,,chain_count
8SRV,,,0,,,0,,[1.32],X-ray,2024-11-13T00:00:00Z,,chain_count
8SRW,,,0,,,0,,[2.15],X-ray,2024-11-13T00:00:00Z,,chain_count
8SUD,B,TPPKKKKKV,9,,A,424,47f976b842471b711594072e51d8506e,[2.1],X-ray,2024-02-07T00:00:00Z,unclassified,
8SUV,,,0,,,0,,[1.63],X-ray,2024-03-20T00:00:00Z,,chain_count
8SZ2,,,0,,,0,,[2.01],X-ray,2024-05-29T00:00:00Z,,chain_count
8T0S,B,SADERQRMLVQRKDELLQQARKRFLNK,27,,A,162,b959e8e96208894d4d0ab89e95ea0e99,[1.95],X-ray,2024-06-05T00:00:00Z,unclassified,
8T2C,,,0,,,0,,[1.8],X-ray,2024-12-18T00:00:00Z,,chain_count
8T2N,,,0,,,0,,[1.88],X-ray,2024-04-03T00:00:00Z,,chain_count
8T31,,,0,,,0,,[2.096],X-ray,2024-05-22T00:00:00Z,,chain_count
8T32,B,SEVDGWLIIDLP,12,,A,113,ac78d29a3b311f0bb5d58529ce91858d,[2.051],X-ray,2024-05-22T00:00:00Z,unclassified,
8T33,B,GWLIIDLP,8,,A,116,49462a21fb1f4d1afce07f436a6bac8f,[1.599],X-ray,2024-05-22T00:00:00Z,unclassified,
8T4R,D,ARTQTARK,8,,A,75,98103a064774680b94415f2abf38e607,[1.2],X-ray,2024-02-14T00:00:00Z,unclassified,
8T5P,,,0,,,0,,[2.5],X-ray,2023-11-29T00:00:00Z,,chain_count
8T5Q,,,0,,,0,,[1.9],X-ray,2023-11-29T00:00:00Z,,chain_count
8T8G,B,LPALAG,6,,A,157,0de6db58974d2062e3de60eed0bee23e,[1.5],X-ray,2024-03-13T00:00:00Z,unclassified,
8TEC,,,0,,,0,,[2.04],X-ray,2024-07-03T00:00:00Z,,chain_count
8TEE,,,0,,,0,,[2.49],X-ray,2024-07-03T00:00:00Z,,chain_count
8TFU,,,0,,,0,,[1.482],X-ray,2024-03-13T00:00:00Z,,chain_count
8TG7,,,0,,,0,,[1.775],X-ray,2024-03-13T00:00:00Z,,chain_count
8TG8,B,WMDFDDDIPF,10,,A,67,496662c88550dcd01253f058cd3c8fb0,[1.576],X-ray,2024-03-13T00:00:00Z,unclassified,
8TGC,,,0,,,0,,[1.484],X-ray,2024-03-13T00:00:00Z,,chain_count
8TGF,B,STWEILADD,9,,A,110,c81c21475d9ebc26c00236f272e6d73e,[1.6],X-ray,2024-07-17T00:00:00Z,unclassified,
8TGP,B,GAKRH,5,,A,276,6e5a5bac43c5f799a7db0a7a6883226c,[1.76],X-ray,2024-01-24T00:00:00Z,unclassified,
8TH1,,,0,,,0,,[1.8],X-ray,2023-12-27T00:00:00Z,,chain_count
8TH6,,,0,,,0,,[2.34],X-ray,2024-03-20T00:00:00Z,,chain_count
8TI6,,,0,,,0,,[1.42],X-ray,2024-05-08T00:00:00Z,,peptide_length
8TI7,,,0,,,0,,[2.397],X-ray,2024-05-08T00:00:00Z,,chain_count
8TLW,,,0,,,0,,[2.106],X-ray,2024-05-29T00:00:00Z,,peptide_length
8TLX,B,LPVPL,5,,A,439,f8b82d67330f98455d552f5736b51273,[2.097],X-ray,2024-05-29T00:00:00Z,unclassified,
8TM9,,,0,,,0,,[2.05],X-ray,2024-12-11T00:00:00Z,,peptide_length
8TOQ,E,YVFRSLRTPFIV,12,,A,592,81404952c9528981785e718b7715eb7a,[2.3],X-ray,2024-02-07T00:00:00Z,unclassified,
8TOR,E,YFQRSVRLPYLRC,13,,A,590,67f28230401e4d8959c5785598236b41,[2.2],X-ray,2024-02-07T00:00:00Z,unclassified,
8TOS,E,ARPLRHRPWYVS,12,,A,591,86a9883c423e69efe52097b28bb952a0,[2.35],X-ray,2024-02-07T00:00:00Z,unclassified,
8TQS,L,CGLRPLFEKKSLEI,14,,H,228,ed527efc35721f4dc3d9f2cae0a4e2b8,[2.207],X-ray,2024-05-01T00:00:00Z,unclassified,
8TTD,,,0,,,0,,[2.011],X-ray,2024-08-21T00:00:00Z,,peptide_length
8TTT,B,GDIFST,6,,A,254,3c02333267826e649dd94efd5d0c2ad0,[2.35],X-ray,2024-08-21T00:00:00Z,unclassified,
8TTU,B,NIDIFAD,7,,A,254,e26985fd9e20a31a539aee00814fefbc,[2.36],X-ray,2024-08-21T00:00:00Z,unclassified,
8TTV,,,0,,,0,,[2.0],X-ray,2024-08-21T00:00:00Z,,peptide_length
8TUQ,B,KRKFPDSSTQNSTPPKKNKPA,21,,A,426,0c1d2cd289e4efcff02afb9cd9d4ce6f,[2.0],X-ray,2024-02-07T00:00:00Z,unclassified,
8TUU,B,PKKRPRPPKRPRN,13,,A,425,cf7805468f8ebde3b532a09bbfc96392,[2.5],X-ray,2024-02-07T00:00:00Z,unclassified,
8TWO,B,APKFGDWDENNPSSADGYTHIFNKV,25,,A,294,1a30b57a4147e0e80ee1a07daf9d6436,[2.09],X-ray,2024-02-28T00:00:00Z,unclassified,
8TX8,,,0,,,0,,[2.2],X-ray,2024-11-06T00:00:00Z,,chain_count
8TXF,B,APKFGDWDENNPSSADGYTHIFNKV,25,,A,295,0f41721e32223baac46b59f239a64704,[1.29],X-ray,2024-02-28T00:00:00Z,unclassified,
8U1Z,B,KHDPLPYPHFL,11,,A,125,307432a1d1290685be4cb0dedce62aa6,[1.85],X-ray,2024-09-04T00:00:00Z,unclassified,
8U2M,,,0,,,0,,[1.79],X-ray,2024-01-10T00:00:00Z,,chain_count
8U3K,,,0,,,0,,[2.5],EM,2024-07-10T00:00:00Z,,chain_count
8U51,B,SGSLNIGSLK,10,,A,267,9638fbd79008d3d17c7ce6f29498febf,[2.41],EM,2024-04-24T00:00:00Z,unclassified,
8U77,,,0,,,0,,[1.93],X-ray,2024-08-21T00:00:00Z,,chain_count
8UDL,,,0,,,0,,[2.37],EM,2024-06-05T00:00:00Z,,chain_count
8UHL,,,0,,,0,,[1.92],X-ray,2024-06-05T00:00:00Z,,chain_count
8UJG,,,0,,,0,,[2.27],X-ray,2024-05-15T00:00:00Z,,chain_count
8UK5,B,SGRGG,5,SEP,A,132,021e747874a7d0a889c50ef8a6ab0382,[1.4],X-ray,2024-06-05T00:00:00Z,unclassified,
8UO7,C,ISTRKYPSDWEE,12,,A,220,2d8557bacfe6cafb60888c8316b40a1a,[2.2],X-ray,2024-02-14T00:00:00Z,unclassified,
8UTL,C,ISRKYPSDWEE,11,,A,220,2d8557bacfe6cafb60888c8316b40a1a,[1.56],X-ray,2024-02-14T00:00:00Z,unclassified,
8V0E,,,0,,,0,,[2.39],X-ray,2024-09-25T00:00:00Z,,peptide_length
8V3O,I,EGEDEA,6,,A,471,c5ab7b699c4f842e1986a49ae47a76f6,[2.3],X-ray,2024-07-17T00:00:00Z,unclassified,
8V3P,,,0,,,0,,[2.36],X-ray,2024-07-17T00:00:00Z,,chain_count
8V4X,,,0,,,0,,[2.486],X-ray,2024-05-01T00:00:00Z,,
8V5U,,,0,,,0,,[1.48],X-ray,2024-11-06T00:00:00Z,,peptide_length
8V5Y,,,0,,,0,,[2.059],X-ray,2024-05-08T00:00:00Z,,chain_count
8V8E,,,0,,,0,,[2.0],X-ray,2024-05-29T00:00:00Z,,chain_count
8V8F,,,0,,,0,,[2.27],X-ray,2024-12-11T00:00:00Z,,chain_count
8V9Q,,,0,,,0,,[2.29],X-ray,2024-03-13T00:00:00Z,,chain_count
8VGC,,,0,,,0,,[1.42],X-ray,2024-02-14T00:00:00Z,,chain_count
8VGD,,,0,,,0,,[1.42],X-ray,2024-02-14T00:00:00Z,,chain_count
8VJD,,,0,,,0,,[1.57],X-ray,2024-11-06T00:00:00Z,,
8VJE,,,0,,,0,,[1.7],X-ray,2024-11-06T00:00:00Z,,
8VJF,,,0,,,0,,[1.7],X-ray,2024-11-06T00:00:00Z,,peptide_length
8VJO,,,0,,,0,,[2.4],EM,2024-05-08T00:00:00Z,,chain_count
8VJP,,,0,,,0,,[1.13],X-ray,2024-05-15T00:00:00Z,,
8VJU,C,FLRRIR,6,,A,665,d972d11febc9388d0f7c690d571579b2,[1.99],X-ray,2024-08-21T00:00:00Z,unclassified,
8VJV,D,YGGFRR,6,,A,665,d972d11febc9388d0f7c690d571579b2,[2.12],X-ray,2024-08-21T00:00:00Z,unclassified,
8VJY,,,0,,,0,,[1.95],X-ray,2024-08-21T00:00:00Z,,chain_count
8VKZ,,,0,,,0,,[2.133],X-ray,2024-01-24T00:00:00Z,,
8VLD,,,0,,,0,,[1.92],X-ray,2025-03-19T00:00:00Z,,chain_count
8VLF,,,0,,,0,,[1.34],X-ray,2025-03-19T00:00:00Z,,chain_count
8VP4,,,0,,,0,,[1.51],X-ray,2025-04-09T00:00:00Z,,chain_count
8VSL,P,IRSTSTPNV,9,SEP,A,234,08593e660a5514d53d03615f04e01478,[1.42],X-ray,2025-03-19T00:00:00Z,unclassified,
8VSM,P,IRSTSTPNV,9,SEP,A,236,51da54df749efe8ad3c0ec857a04201d,[1.5],X-ray,2025-03-19T00:00:00Z,unclassified,
8VSN,P,IRSTSTPNVHM,11,SEP,A,231,67a57f6d5d018769192f1873a67b37e7,[1.91],X-ray,2025-03-19T00:00:00Z,unclassified,
8VSO,P,DRSSSAPNV,9,SEP,B,234,b602038d0848a6da28e84a060d2a339d,[1.5],X-ray,2025-03-19T00:00:00Z,unclassified,
8VUO,,,0,,,0,,[2.39],X-ray,2025-02-05T00:00:00Z,,chain_count
8VWO,B,GPGSMTT,7,,A,112,3262f0bde0bcc1dda9b889c5fdf8437a,[1.85],X-ray,2025-07-09T00:00:00Z,unclassified,
8VY8,,,0,,,0,,[2.4],X-ray,2024-03-06T00:00:00Z,,chain_count
8W5Z,,,0,,,0,,[1.55],X-ray,2024-04-10T00:00:00Z,,chain_count
8W6A,,,0,,,0,,[1.53],X-ray,2024-07-10T00:00:00Z,,chain_count
8W6Z,,,0,,,0,,[2.2],X-ray,2024-06-12T00:00:00Z,,
8WE2,,,0,,,0,,[2.11],X-ray,2024-09-25T00:00:00Z,,chain_count
8WEE,B,PVRSSQSSQA,10,,A,650,3ab3ace83315a9b23fa5901d2d0d148b,[2.19],X-ray,2024-11-06T00:00:00Z,unclassified,
8WF6,,,0,,,0,,[2.47],X-ray,2024-09-25T00:00:00Z,,chain_count
8WFP,,,0,,,0,,[1.99],X-ray,2024-09-25T00:00:00Z,,chain_count
8WKD,C,ASKDPGAVDAKPLVVEI,17,,A,192,e3be6081f9b4f1b5f89b80079e613987,[1.98],X-ray,2025-01-15T00:00:00Z,unclassified,
8WXQ,,,0,,,0,,[1.9],X-ray,2024-06-26T00:00:00Z,,chain_count
8WXR,,,0,,,0,,[2.08],X-ray,2024-06-26T00:00:00Z,,chain_count
8WXT,C,GAARCEGFS,9,,A,304,a3d8eebd7f572b9f7277155026006605,[1.83],X-ray,2024-06-26T00:00:00Z,unclassified,
8WXU,D,GAARSEGFS,9,,B,304,a3d8eebd7f572b9f7277155026006605,[2.37],X-ray,2024-06-26T00:00:00Z,unclassified,
8WXV,,,0,,,0,,[2.4],X-ray,2024-06-26T00:00:00Z,,chain_count
8WXW,P,KTYFP,5,,A,1078,bc87ac06107e3e52651f674af5c00ff0,[1.86],X-ray,2024-08-07T00:00:00Z,unclassified,
8WXX,,,0,,,0,,[2.1],X-ray,2024-06-26T00:00:00Z,,chain_count
8WXZ,P,TQRFFE,6,,A,1079,70d7a0bec119d9ef3777c8d7b462607f,[2.3],X-ray,2024-08-07T00:00:00Z,unclassified,
8X7E,,,0,,,0,,[2.3],X-ray,2024-11-27T00:00:00Z,,chain_count
8X8A,B,EEWEMVPRHSGSG,13,,A,117,ee5778b7cfeab99b39978083e60b1ca1,[1.53],X-ray,2024-09-18T00:00:00Z,unclassified,
8XAG,,,0,,,0,,[1.75],X-ray,2024-12-04T00:00:00Z,,chain_count
8XPF,C,WYGWASNDGEGVAII,15,,A,286,ce686e5c103ddc8f61d901222b809cb9,[1.5],X-ray,2025-01-15T00:00:00Z,unclassified,
8XWR,B,SGVTFQ,6,,A,306,a64acfdf31f0f72891c7bc18f676c416,[1.7],X-ray,2025-01-22T00:00:00Z,unclassified,
8XWT,B,SGVTFQSAVK,10,,A,305,3b6251271e954791c4b0cbc7ad621df7,[1.7],X-ray,2025-01-22T00:00:00Z,unclassified,
8XZ0,B,DSEPVLKGVKLHYT,14,,A,289,918431ea703fc14ee8d5c5dba319eed9,[2.035],X-ray,2025-10-08T00:00:00Z,unclassified,
8XZ4,B,DSEPVLKGVKLHY,13,,A,293,891ebb18562911d4acd1d55a160752d2,[2.129],X-ray,2025-10-08T00:00:00Z,unclassified,
8XZ5,B,DSEPVLKGVKLHYT,14,,A,294,2240162efa4f4efea732cc4dfbae1be8,[1.8],X-ray,2025-10-08T00:00:00Z,unclassified,
8XZ6,,,0,,,0,,[2.12],X-ray,2025-10-08T00:00:00Z,,chain_count
8Y1Y,B,QVGRQLAIIGDDINRRYDSE,20,,A,147,aa4a6f74a2323ede6c29a9d738d0d1d9,[2.01],X-ray,2025-01-29T00:00:00Z,unclassified,
8Y1Z,B,GQVGRQLAIIGDDINR,16,,A,154,681a37b3b4794b97a231163410a2eb6a,[1.914],X-ray,2025-01-29T00:00:00Z,unclassified,
8Y47,B,DPAISKDVVLSF,12,,A,206,2d03bf6f4b7b0f01679ac15cebdbc0eb,[2.0],X-ray,2025-02-05T00:00:00Z,unclassified,
8YE8,,,0,,,0,,[1.90001382876],X-ray,2025-07-16T00:00:00Z,,chain_count
8YFK,,,0,,,0,,[2.0],X-ray,2024-08-14T00:00:00Z,,chain_count
8YFL,,,0,,,0,,[1.5],X-ray,2024-08-14T00:00:00Z,,chain_count
8YFM,,,0,,,0,,[1.5],X-ray,2024-08-14T00:00:00Z,,chain_count
8YFN,,,0,,,0,,[2.3],X-ray,2024-08-14T00:00:00Z,,chain_count
8YM2,B,PLSFQNPLF,9,,A,149,d7022df87bfbd23e9d33fb0d2785dc77,[2.0],X-ray,2024-05-29T00:00:00Z,unclassified,
8YP8,B,RLQERRGSNVALMLDC,16,,A,343,c053b26e7c21f933588d1a9849d05389,[2.14],X-ray,2025-03-19T00:00:00Z,unclassified,
8YT6,,,0,,,0,,[1.85],X-ray,2025-04-02T00:00:00Z,,
8YT9,,,0,,,0,,[1.59],X-ray,2025-04-02T00:00:00Z,,
8YTE,,,0,,,0,,[2.26],X-ray,2024-07-10T00:00:00Z,,chain_count
8YTF,B,RPSVIT,6,,A,80,16e020900c421ebd6103e6bdcd7833d3,[1.59],X-ray,2024-11-20T00:00:00Z,unclassified,
8YTG,B,RASVIK,6,,A,76,264929719ca79dd23e7453c287c77355,[1.45],X-ray,2024-11-20T00:00:00Z,unclassified,
8YTH,B,RSSVITS,7,,A,69,ccec3728d3575bf0a440f5605440d2a4,[2.4],X-ray,2024-11-20T00:00:00Z,unclassified,
8YTL,,,0,,,0,,[2.0],X-ray,2025-04-02T00:00:00Z,,
8YU8,,,0,,,0,,[1.95],X-ray,2025-04-02T00:00:00Z,,
8YV6,B,ADDGHFVSIELE,12,,A,115,4b6db8aa4f66049ff1223f88a24ceab6,[1.75],X-ray,2024-11-13T00:00:00Z,unclassified,
8YWB,,,0,,,0,,[2.49],X-ray,2025-10-08T00:00:00Z,,chain_count
8YWU,,,0,,,0,,[1.77],X-ray,2025-04-09T00:00:00Z,,
8YWV,,,0,,,0,,[2.01],X-ray,2025-04-09T00:00:00Z,,
8Z54,,,0,,,0,,[1.45],X-ray,2024-10-09T00:00:00Z,,peptide_length
8Z55,,,0,,,0,,[1.83],X-ray,2024-10-09T00:00:00Z,,peptide_length
8Z56,,,0,,,0,,[1.806],X-ray,2024-10-09T00:00:00Z,,peptide_length
8Z57,,,0,,,0,,[1.96],X-ray,2024-10-09T00:00:00Z,,peptide_length
8Z58,,,0,,,0,,[2.405],X-ray,2024-10-09T00:00:00Z,,peptide_length
8ZE8,,,0,,,0,,[2.07],X-ray,2025-03-12T00:00:00Z,,chain_count
8ZEB,,,0,,,0,,[1.95],X-ray,2025-01-29T00:00:00Z,,chain_count
8ZLX,,,0,,,0,,[2.5],X-ray,2025-03-05T00:00:00Z,,chain_count
8ZLZ,,,0,,,0,,[1.67],X-ray,2024-08-28T00:00:00Z,,chain_count
8ZVY,,,0,,,0,,[1.72],X-ray,2025-05-28T00:00:00Z,,chain_count
8ZXR,B,VQKCAQCHTVQ,11,,A,95,340671d853d82c9dd90fe6079098ac44,[1.6],X-ray,2024-12-25T00:00:00Z,unclassified,
9ARR,,,0,,,0,,[2.1],X-ray,2025-01-22T00:00:00Z,,chain_count
9AUR,,,0,,,0,,[1.57],X-ray,2024-09-04T00:00:00Z,,chain_count
9AUS,,,0,,,0,,[2.07],X-ray,2024-09-04T00:00:00Z,,chain_count
9AVT,,,0,,,0,,[1.5],X-ray,2024-07-31T00:00:00Z,,chain_count
9AX9,,,0,,,0,,[2.0],X-ray,2024-09-18T00:00:00Z,,chain_count
9B0A,,,0,,,0,,[1.87],X-ray,2025-03-26T00:00:00Z,,chain_count
9B0B,,,0,,,0,,[1.7],X-ray,2024-07-31T00:00:00Z,,chain_count
9B9L,,,0,,,0,,[2.5],X-ray,2024-08-07T00:00:00Z,,chain_count
9BC1,,,0,,,0,,[1.72],X-ray,2025-04-23T00:00:00Z,,
9BC4,,,0,,,0,,[1.84],X-ray,2024-07-03T00:00:00Z,,
9BT3,,,0,,,0,,[2.5],X-ray,2025-02-26T00:00:00Z,,chain_count
9BT7,,,0,,,0,,[1.8],X-ray,2025-02-26T00:00:00Z,,chain_count
9BTN,L,FKDWYGEIWFDGV,13,,A,495,53ab51803b82d8d55a5610dc33d37bf8,[2.04],X-ray,2025-04-02T00:00:00Z,unclassified,
9BW8,,,0,,,0,,[1.86],X-ray,2024-11-20T00:00:00Z,,chain_count
9C0O,D,ARTQTARK,8,,A,63,94ab0c2a0d070cf2c72bb8af34e1ae67,[1.53],X-ray,2024-07-03T00:00:00Z,unclassified,
9C2Y,,,0,,,0,,[1.96],X-ray,2025-04-09T00:00:00Z,,
9C4S,B,SARWRFPARPGT,12,,A,468,6a6177df84485394eb111c29de227f28,[1.54],X-ray,2025-05-21T00:00:00Z,unclassified,
9C4T,B,WRFPARPGT,9,,A,469,dddcece24bf8a3e2132615462b7cf4dc,[1.461],X-ray,2025-05-14T00:00:00Z,unclassified,
9C4U,B,RWRFPARPGT,10,,A,467,64b78c7cfecbba682fb1bac020651e39,[1.569],X-ray,2025-05-14T00:00:00Z,unclassified,
9C4V,B,RWRFPARPGT,10,,A,467,0ed841e7a3a2273d1102f75c4724fb25,[1.47],X-ray,2025-05-14T00:00:00Z,unclassified,
9C66,B,IPPPP,5,,A,111,c50bae2aecfb8c9e9c97cb47f71d57d0,[1.4],X-ray,2024-08-28T00:00:00Z,unclassified,
9C9M,,,0,,,0,,[2.01],EM,2024-07-31T00:00:00Z,,chain_count
9CC6,B,PGFGVGRGLAP,11,,A,139,12da96ce7f35f0fe5384345061001a67,[2.4],X-ray,2025-05-14T00:00:00Z,unclassified,
9CDT,B,PPEIAWLADAVGLKDA,16,,A,150,59c9f73c675922fdc887530ea055e5d3,[2.1],X-ray,2025-07-02T00:00:00Z,unclassified,
9CDW,,,0,,,0,,[2.4],X-ray,2025-06-11T00:00:00Z,,chain_count
9CDZ,,,0,,,0,,[1.72],X-ray,2025-04-16T00:00:00Z,,chain_count
9CHL,,,0,,,0,,[2.4],X-ray,2025-07-02T00:00:00Z,,chain_count
9CKC,,,0,,,0,,[2.1],X-ray,2025-01-15T00:00:00Z,,chain_count
9CL8,,,0,,,0,,[2.11],X-ray,2025-09-03T00:00:00Z,,chain_count
9CLE,,,0,,,0,,[2.34],X-ray,2025-09-03T00:00:00Z,,chain_count
9CLF,,,0,,,0,,[2.36],X-ray,2025-09-03T00:00:00Z,,chain_count
9CLG,,,0,,,0,,[2.42],X-ray,2025-09-03T00:00:00Z,,chain_count
9CM4,,,0,,,0,,[1.82],X-ray,2026-01-14T00:00:00Z,,chain_count
9CPF,,,0,,,0,,[1.7],X-ray,2025-06-04T00:00:00Z,,chain_count
9CPN,,,0,,,0,,[1.89],X-ray,2025-06-04T00:00:00Z,,chain_count
9CS2,,,0,,,0,,[1.784],X-ray,2025-04-16T00:00:00Z,,
9CY8,,,0,,,0,,[2.5],X-ray,2024-12-25T00:00:00Z,,
9D34,C,SEFEVV,6,SEP,A,89,7ba3701b5c0e2b13e9a6fdca0d76ec47,[1.42],X-ray,2024-11-06T00:00:00Z,unclassified,
9DCY,,,0,,,0,,[2.35],X-ray,2025-08-20T00:00:00Z,,chain_count
9DD3,B,KKELAKEVIETAKKLIEKLA,20,,A,258,deab0adc361f2033cf6b7d324876a172,[1.64],X-ray,2025-08-20T00:00:00Z,unclassified,
9DEK,,,0,,,0,,[2.0],X-ray,2025-03-05T00:00:00Z,,chain_count
9DEL,,,0,,,0,,[2.5],X-ray,2025-03-05T00:00:00Z,,chain_count
9DEM,G,FLNRGYLCGKK,11,,A,330,be01f5b660374600afbcd4231642c1e0,[1.77],X-ray,2025-03-05T00:00:00Z,unclassified,
9DIN,,,0,,,0,,[1.64],X-ray,2025-04-16T00:00:00Z,,
9DN4,,,0,,,0,,[1.9],X-ray,2024-09-25T00:00:00Z,,chain_count
9DOM,,,0,,,0,,[1.69],X-ray,2025-05-14T00:00:00Z,,
9DPF,,,0,,,0,,[1.9],X-ray,2024-10-16T00:00:00Z,,chain_count
9DUJ,,,0,,,0,,[1.51],X-ray,2025-06-18T00:00:00Z,,peptide_length
9DW6,,,0,,,0,,[1.9],X-ray,2024-10-23T00:00:00Z,,chain_count
9DXB,,,0,,,0,,[1.74],X-ray,2025-06-04T00:00:00Z,,
9DXU,B,YIVKTFWLGSHRQC,14,,A,228,58deab7b45af4a02a7710f71c62df520,[1.74],X-ray,2025-06-04T00:00:00Z,unclassified,
9DXV,,,0,,,0,,[1.6],X-ray,2025-06-04T00:00:00Z,,
9DYA,B,PTIEEVD,7,,A,129,6c2eb268cb117482dbb66691eae39b99,[1.89],X-ray,2025-03-26T00:00:00Z,unclassified,
9DYB,B,TIEEVD,6,TPO,A,132,a1faadc09cc01cd5b7b41e3922b2da9f,[1.6],X-ray,2025-03-26T00:00:00Z,unclassified,
9DZN,C,STGGKAPR,8,,A,275,57f94591c8796b6d659788b0a3076c4a,[1.724],X-ray,2025-02-19T00:00:00Z,unclassified,
9DZX,,,0,,,0,,[1.66],X-ray,2025-10-22T00:00:00Z,,peptide_length
9E0V,B,GCIKKAVFKC,10,,A,204,6898fec84176f458e8e84e56ad739ce7,[1.635],X-ray,2025-10-22T00:00:00Z,unclassified,
9E7A,,,0,,,0,,[1.69],X-ray,2025-10-15T00:00:00Z,,
9EAF,,,0,,,0,,[1.41],X-ray,2025-02-12T00:00:00Z,,chain_count
9EBG,,,0,,,0,,[2.02],X-ray,2025-11-19T00:00:00Z,,chain_count
9EBL,,,0,,,0,,[2.2],X-ray,2025-11-19T00:00:00Z,,chain_count
9EBY,B,MRYLH,5,,A,385,56556b645387d23815ea9170c1c59f40,[2.03],X-ray,2025-06-18T00:00:00Z,unclassified,
9ECF,,,0,,,0,,[2.0],X-ray,2025-11-19T00:00:00Z,,chain_count
9EHD,B,QVEYLDLDLD,10,PTR,A,100,10e0cecbd544decc4f05da709172478e,[1.59],X-ray,2026-01-07T00:00:00Z,unclassified,
9EIK,B,QVEYLDLDLD,10,PTR,A,100,7c5508e440e7e696591aa2f0009952d4,[1.25],X-ray,2026-01-07T00:00:00Z,unclassified,
9EOU,,,0,,,0,,[1.55],X-ray,2024-06-26T00:00:00Z,,
9EW1,P,QRSTSTPNV,9,SEP,A,235,549953236a16b3fd3508bda167d9ffb0,[1.4],X-ray,2025-04-16T00:00:00Z,unclassified,
9EW3,P,QRSTSTPNV,9,SEP,A,236,51da54df749efe8ad3c0ec857a04201d,[1.4],X-ray,2025-04-16T00:00:00Z,unclassified,
9EW4,P,QRSTSTPNV,9,SEP,A,236,51da54df749efe8ad3c0ec857a04201d,[1.6],X-ray,2025-04-16T00:00:00Z,unclassified,
9EW5,,,0,,,0,,[1.5],X-ray,2025-04-16T00:00:00Z,,chain_count
9EW6,P,DRSSSAPNV,9,SEP,A,227,0cefa08fff5f193574fa9572c9e0cd1c,[1.65],X-ray,2025-04-16T00:00:00Z,unclassified,
9EW7,P,QRSTSTPNVH,10,SEP,A,236,51da54df749efe8ad3c0ec857a04201d,[1.8],X-ray,2025-04-16T00:00:00Z,unclassified,
9EX5,,,0,,,0,,[2.011],X-ray,2024-11-13T00:00:00Z,,chain_count
9EXF,,,0,,,0,,[1.95],X-ray,2024-11-13T00:00:00Z,,chain_count
9EXG,,,0,,,0,,[1.744],X-ray,2024-11-13T00:00:00Z,,chain_count
9EXU,,,0,,,0,,[1.78],X-ray,2025-02-12T00:00:00Z,,chain_count
9EYA,C,SAVLQSGFRK,10,,A,306,48202eeb3534692358716b0b502297a1,[1.7],X-ray,2025-02-12T00:00:00Z,unclassified,
9EYT,,,0,,,0,,[1.74],X-ray,2024-11-13T00:00:00Z,,chain_count
9EZ1,,,0,,,0,,[1.95],X-ray,2024-06-19T00:00:00Z,,
9EZ2,,,0,,,0,,[1.8],X-ray,2024-06-19T00:00:00Z,,
9EZ6,,,0,,,0,,[1.87],X-ray,2025-02-12T00:00:00Z,,chain_count
9F2M,D,DWEIV,5,,A,109,988c11773b8ab59a6e264a867387a32c,[1.75],X-ray,2025-05-21T00:00:00Z,unclassified,
9F35,B,DRSSSAPNVH,10,SEP,A,232,6dc5a16a168cfbe32f06909d504853ce,[2.3],X-ray,2025-02-05T00:00:00Z,unclassified,
9F6S,B,DQLIDL,6,,A,84,58342767f6295b56311c6dd22b743ad5,[1.0],X-ray,2025-05-14T00:00:00Z,unclassified,
9F7W,B,EPSLLKKLLLAPA,13,,A,271,0a1609d341e168c9aea760b443c0d797,[1.25],X-ray,2024-07-10T00:00:00Z,unclassified,
9F7X,B,PSLLKKLLLAP,11,,A,265,de5e303b573321ddf619db108334791a,[1.63],X-ray,2024-07-10T00:00:00Z,unclassified,
9F8T,,,0,,,0,,[1.711],X-ray,2025-05-21T00:00:00Z,,chain_count
9F9R,,,0,,,0,,[2.5],X-ray,2025-06-18T00:00:00Z,,chain_count
9FBI,,,0,,,0,,[1.161],X-ray,2025-06-11T00:00:00Z,,
9FBL,,,0,,,0,,[2.18],X-ray,2025-06-11T00:00:00Z,,
9FBM,,,0,,,0,,[2.054],X-ray,2025-06-11T00:00:00Z,,
9FKO,,,0,,,0,,[1.8],X-ray,2025-06-18T00:00:00Z,,chain_count
9FKU,,,0,,,0,,[1.9],X-ray,2025-06-18T00:00:00Z,,chain_count
9FM5,,,0,,,0,,[1.597],X-ray,2025-02-05T00:00:00Z,,chain_count
9FQL,,,0,,,0,,[2.0],X-ray,2025-07-02T00:00:00Z,,chain_count
9FS4,P,RTPSLPTP,8,SEP,A,230,2078207168562b9af48c937c2e17f896,[1.6],X-ray,2025-07-02T00:00:00Z,unclassified,
9FUM,,,0,,,0,,[2.45],X-ray,2025-02-12T00:00:00Z,,chain_count
9FVG,,,0,,,0,,[1.45],X-ray,2025-07-09T00:00:00Z,,
9FVH,,,0,,,0,,[1.45],X-ray,2025-07-09T00:00:00Z,,
9FVI,,,0,,,0,,[1.55],X-ray,2025-07-09T00:00:00Z,,
9FVL,,,0,,,0,,[2.08],X-ray,2025-02-12T00:00:00Z,,chain_count
9FVN,,,0,,,0,,[1.5],X-ray,2025-07-09T00:00:00Z,,
9FVP,,,0,,,0,,[1.58],X-ray,2025-07-09T00:00:00Z,,
9FW8,,,0,,,0,,[2.42],X-ray,2025-05-07T00:00:00Z,,
9FXV,B,DYNPYLYK,8,,A,420,50c5d99d6e6c7530a6ee7d33fd7378f7,[2.3],X-ray,2025-07-16T00:00:00Z,unclassified,
9FXX,,,0,,,0,,[2.16],X-ray,2025-07-16T00:00:00Z,,
9G13,,,0,,,0,,[1.8],X-ray,2024-07-31T00:00:00Z,,
9G43,Q,SHSSGAA,7,,A,618,2322bc093e3df91e92a67b6858d8a312,[1.2],X-ray,2025-07-23T00:00:00Z,unclassified,
9G4A,B,APSTGGVMKPHRYRP,15,,A,248,328369f53f339d7bd9743b047ff82e23,[1.653],X-ray,2025-07-30T00:00:00Z,unclassified,
9G5J,,,0,,,0,,[2.0],X-ray,2025-07-30T00:00:00Z,,chain_count
9G7U,B,TPSPPRNIDWH,11,,A,115,f10dbe953de1a00afc035fff8f2f0046,[2.1],X-ray,2026-02-04T00:00:00Z,unclassified,
9G8H,Q,SHSSGA,6,,A,617,92b4ea40124a20be2c75368c452af1d5,[2.1],X-ray,2025-08-06T00:00:00Z,unclassified,
9GAJ,,,0,,,0,,[1.64],X-ray,2025-08-06T00:00:00Z,,
9GAK,,,0,,,0,,[2.11],X-ray,2025-08-13T00:00:00Z,,
9GAM,,,0,,,0,,[1.4],X-ray,2025-08-06T00:00:00Z,,
9GC7,,,0,,,0,,[1.46],X-ray,2026-02-18T00:00:00Z,,
9GF9,,,0,,,0,,[1.76],X-ray,2025-02-12T00:00:00Z,,chain_count
9GFA,,,0,,,0,,[1.6],X-ray,2025-08-20T00:00:00Z,,
9GFE,B,AHILHLLA,8,,A,235,e32438043abe8c7207547ed2b78c2850,[1.583],X-ray,2025-01-22T00:00:00Z,unclassified,
9GFI,,,0,,,0,,[2.1],X-ray,2025-02-12T00:00:00Z,,
9GFK,,,0,,,0,,[1.841],X-ray,2025-03-26T00:00:00Z,,
9GFY,,,0,,,0,,[1.23],X-ray,2025-06-11T00:00:00Z,,peptide_length
9GG7,,,0,,,0,,[1.24],X-ray,2025-08-27T00:00:00Z,,chain_count
9GG8,P,TPSLPTPPT,9,SEP,A,236,fabb9239eeaa8f772a8f4dbeff296a63,[1.1],X-ray,2025-08-27T00:00:00Z,unclassified,
9GGA,,,0,,,0,,[2.24],X-ray,2025-08-27T00:00:00Z,,
9GGC,,,0,,,0,,[2.39],EM,2025-04-16T00:00:00Z,,chain_count
9GH7,,,0,,,0,,[2.079],X-ray,2025-04-30T00:00:00Z,,
9GHK,,,0,,,0,,[1.42],X-ray,2025-08-27T00:00:00Z,,chain_count
9GLU,,,0,,,0,,[1.9],X-ray,2025-12-10T00:00:00Z,,chain_count
9GLW,B,FYRRYGWRYWVSVG,14,,A,170,021aef443e1e98496e5364680c1acdca,[2.1],X-ray,2025-12-10T00:00:00Z,unclassified,
9GLX,,,0,,,0,,[1.85],X-ray,2025-12-10T00:00:00Z,,chain_count
9GRF,M,AASTTTPAP,9,,A,104,d221c3728e26b71f12c1c498b57634aa,[1.14],X-ray,2025-12-24T00:00:00Z,unclassified,
9GRJ,M,APTTSTTSAPK,11,,A,100,77e4483192c6ed78f6111bb6119fd400,[1.2],X-ray,2025-12-24T00:00:00Z,unclassified,
9GSM,,,0,,,0,,[1.75],X-ray,2025-12-24T00:00:00Z,,chain_count
9GVU,,,0,,,0,,[2.1],X-ray,2025-10-15T00:00:00Z,,chain_count
9GXE,,,0,,,0,,[2.3],EM,2025-03-26T00:00:00Z,,download_failed
9GY8,,,0,,,0,,[2.2],X-ray,2024-12-11T00:00:00Z,,
9GYA,,,0,,,0,,[1.85],X-ray,2024-12-11T00:00:00Z,,
9GYC,,,0,,,0,,[2.2],X-ray,2024-12-11T00:00:00Z,,
9GYJ,,,0,,,0,,[1.9],X-ray,2024-12-11T00:00:00Z,,
9GYK,,,0,,,0,,[2.2],X-ray,2024-12-11T00:00:00Z,,
9H3D,,,0,,,0,,[1.92],X-ray,2025-03-12T00:00:00Z,,chain_count
9H8R,B,ACYPDYCDECA,11,,A,186,5a71ab2c0c7f687dd891e08bd3e576b9,[1.75],X-ray,2025-10-08T00:00:00Z,unclassified,
9HDH,C,VAGATLPETIPTSKNYYLRFDEDGKSI,27,,A,400,f81b1e1a009fc78370e33ce49bd3adef,[1.84],X-ray,2025-09-03T00:00:00Z,unclassified,
9HDK,C,VAGATLPETIPTSKNYYLR,19,,A,400,f81b1e1a009fc78370e33ce49bd3adef,[1.93],X-ray,2025-09-03T00:00:00Z,unclassified,
9HFU,,,0,,,0,,[1.7],X-ray,2025-04-23T00:00:00Z,,chain_count
9HFV,B,KPLQVAAVDSS,11,,A,141,172031e8ac65bd5a601515f1d9b05c76,[1.45],X-ray,2025-06-18T00:00:00Z,unclassified,
9HFW,B,NDDDVQKADVSSTG,14,,A,135,4aadfe5de5b40b86836de39132e5ba33,[1.7],X-ray,2025-04-23T00:00:00Z,unclassified,
9HGD,,,0,,,0,,[1.5],X-ray,2025-07-09T00:00:00Z,,chain_count
9HGG,B,KGSVQAPEISSNSI,14,,A,138,e4c9c14881670c6732c846733c8593b1,[1.9],X-ray,2025-04-23T00:00:00Z,unclassified,
9HGH,B,EKPLQVAAVDSSVPR,15,,A,139,f915df73bc0c3273a0c0416f2ed479fa,[1.9],X-ray,2025-04-23T00:00:00Z,unclassified,
9HGP,,,0,,,0,,[2.05],X-ray,2025-10-15T00:00:00Z,,
9HJO,,,0,,,0,,[2.401],X-ray,2025-06-11T00:00:00Z,,chain_count
9HM2,,,0,,,0,,[1.72],X-ray,2025-10-22T00:00:00Z,,chain_count
9HPQ,,,0,,,0,,[2.17],X-ray,2025-09-24T00:00:00Z,,chain_count
9HRE,,,0,,,0,,[2.05],X-ray,2025-09-24T00:00:00Z,,chain_count
9HT8,,,0,,,0,,[2.15],X-ray,2025-09-24T00:00:00Z,,chain_count
9HTD,C,GPAGPPG,7,HYP,A,98,e95c3dca0402136abd7dcb24b6c63383,[1.751],X-ray,2025-09-24T00:00:00Z,unclassified,
9HY4,,,0,,,0,,[2.0],X-ray,2025-12-31T00:00:00Z,,chain_count
9HYT,,,0,,,0,,[1.9],X-ray,2025-10-22T00:00:00Z,,chain_count
9I0E,B,AAVSGVAATG,10,,A,191,63f6ab6f070f51db53e0cf73e437fbdb,[1.65],X-ray,2026-01-21T00:00:00Z,unclassified,
9I4R,,,0,,,0,,[1.84],X-ray,2025-10-29T00:00:00Z,,chain_count
9I68,B,RAPSD,5,,A,311,ba9e30d663993b8c0aa6dfe34f4c6e96,[1.505],X-ray,2025-02-12T00:00:00Z,unclassified,
9I69,B,RAPSD,5,,A,311,ba9e30d663993b8c0aa6dfe34f4c6e96,[1.463],X-ray,2025-02-12T00:00:00Z,unclassified,
9I6A,,,0,,,0,,[1.915],X-ray,2025-02-12T00:00:00Z,,peptide_length
9I6S,,,0,,,0,,[1.3],X-ray,2025-07-30T00:00:00Z,,
9I6T,,,0,,,0,,[1.3],X-ray,2025-07-30T00:00:00Z,,
9I6U,,,0,,,0,,[1.3],X-ray,2025-07-30T00:00:00Z,,
9I6V,,,0,,,0,,[1.3],X-ray,2025-07-30T00:00:00Z,,
9I6W,,,0,,,0,,[1.3],X-ray,2025-07-30T00:00:00Z,,
9I6X,,,0,,,0,,[1.3],X-ray,2025-07-30T00:00:00Z,,
9I6Y,,,0,,,0,,[1.5],X-ray,2025-07-30T00:00:00Z,,
9I6Z,,,0,,,0,,[1.4],X-ray,2025-07-30T00:00:00Z,,
9I70,,,0,,,0,,[1.4],X-ray,2025-07-30T00:00:00Z,,
9I71,,,0,,,0,,[1.35],X-ray,2025-07-30T00:00:00Z,,
9I72,,,0,,,0,,[1.35],X-ray,2025-07-30T00:00:00Z,,
9I73,,,0,,,0,,[1.4],X-ray,2025-07-30T00:00:00Z,,
9I74,,,0,,,0,,[1.5],X-ray,2025-07-30T00:00:00Z,,
9I75,,,0,,,0,,[1.4],X-ray,2025-07-30T00:00:00Z,,
9I8W,B,LLVFVTRNDVPDS,13,,A,511,119e8ae590db9fcedf7a9ec13eef63f2,[2.2],X-ray,2026-02-18T00:00:00Z,unclassified,
9I8X,B,LLVFVTRNDVPDS,13,,A,509,bb7299cadac03610587023d931ddd930,[2.0],X-ray,2026-02-18T00:00:00Z,unclassified,
9I9X,B,TDDWVVPA,8,,A,119,bdc36efae358146d0b5c239538d0c916,[1.42],X-ray,2026-02-18T00:00:00Z,unclassified,
9ILD,B,IAAAPAFHVSPSREPEPRKINKTMVS,26,,A,152,0642cdd2f08b096f8be3efaf71cc6430,[2.179],X-ray,2024-07-31T00:00:00Z,unclassified,
9IM7,,,0,,,0,,[1.93],X-ray,2025-11-05T00:00:00Z,,
9IT4,F,QTARSTGGCAPRKQ,14,,B,272,04fd5923dd63e803e1550af6718377c0,[2.39],X-ray,2025-04-30T00:00:00Z,unclassified,
9IWJ,,,0,,,0,,[2.48],X-ray,2025-05-07T00:00:00Z,,chain_count
9IWK,,,0,,,0,,[2.43],X-ray,2025-05-07T00:00:00Z,,chain_count
9IWL,B,DAASKHKQLSELLR,14,,A,259,b87366f183d05f0d6230c62b95856597,[2.09],X-ray,2025-05-07T00:00:00Z,unclassified,
9IWM,B,NTKNHPMLMNLLK,13,,A,263,f1bf15b544e11b9c7d5206d40db01495,[1.39],X-ray,2025-05-07T00:00:00Z,unclassified,
9IWN,B,PSLLKKLLLAP,11,,A,261,c3f391c87a267afe9c279738b71b5aa0,[1.59],X-ray,2025-05-07T00:00:00Z,unclassified,
9IWO,B,PSLLKKLLLA,10,,A,262,03fd47c47a3fd8951e2a2b8415627dd2,[1.49],X-ray,2025-05-07T00:00:00Z,unclassified,
9J20,,,0,,,0,,[1.85],X-ray,2025-05-21T00:00:00Z,,chain_count
9J54,,,0,,,0,,[1.61],X-ray,2025-08-13T00:00:00Z,,chain_count
9J5E,B,EPSILIDVPLY,11,,A,358,e65aee15370985f4d793e45ce1c4e33d,[1.9],X-ray,2025-06-11T00:00:00Z,unclassified,
9J8T,,,0,,,0,,[2.39],X-ray,2025-07-02T00:00:00Z,,peptide_length
9JF2,,,0,,,0,,[1.76],X-ray,2025-09-10T00:00:00Z,,chain_count
9JGL,,,0,,,0,,[2.3],X-ray,2025-09-10T00:00:00Z,,chain_count
9JJ7,C,LLSQLQGQS,9,,A,306,63853dce3d9b42f939d4486058efcd50,[1.8],X-ray,2025-01-15T00:00:00Z,unclassified,
9JNL,B,HMWETLDDQRALQLALDQLSLLGLDSDE,28,,A,266,453a59216df59d7ff3101eb4a68a46ae,[2.4],X-ray,2025-09-24T00:00:00Z,unclassified,
9JNM,B,HMWETLDDQRALQLALDQLSLLGL,24,,A,266,453a59216df59d7ff3101eb4a68a46ae,[2.2],X-ray,2025-09-24T00:00:00Z,unclassified,
9JUF,,,0,,,0,,[1.95],X-ray,2025-10-22T00:00:00Z,,chain_count
9JUI,B,EEEFFDAHE,9,,A,123,0f401a86f326aff5cb6f2e13a8937356,[2.05],X-ray,2025-10-15T00:00:00Z,unclassified,
9JVF,B,MRYYH,5,,A,368,d7d911e453869afc5a666b37adf067bb,[1.9],X-ray,2026-04-22T00:00:00Z,unclassified,
9JVJ,B,MRYYH,5,,A,370,005ab31df0429e44cd9c5570cf082501,[2.0],X-ray,2026-04-22T00:00:00Z,unclassified,
9JWV,,,0,,,0,,[1.8],X-ray,2025-05-21T00:00:00Z,,chain_count
9KD4,,,0,,,0,,[1.64],X-ray,2025-05-21T00:00:00Z,,chain_count
9KD5,,,0,,,0,,[1.8],X-ray,2025-05-21T00:00:00Z,,chain_count
9KFM,,,0,,,0,,[1.8],X-ray,2025-10-22T00:00:00Z,,chain_count
9KFO,D,GSMRTEPR,8,,B,304,a3d8eebd7f572b9f7277155026006605,[2.2],X-ray,2025-10-22T00:00:00Z,unclassified,
9KNC,,,0,,,0,,[1.9],X-ray,2025-04-16T00:00:00Z,,
9KND,B,NSLLLHLLKS,10,,A,226,7b1e23fa7acd80690a649249fbcb84fc,[1.52],X-ray,2025-04-16T00:00:00Z,unclassified,
9KNE,B,NNSLLLHLLKSQ,12,,A,224,2986acfad95c222b10dcfdf281cfa944,[1.8],X-ray,2025-04-16T00:00:00Z,unclassified,
9KNF,,,0,,,0,,[1.62],X-ray,2025-04-16T00:00:00Z,,
9KNG,,,0,,,0,,[1.5],X-ray,2025-04-16T00:00:00Z,,
9KPY,,,0,,,0,,[2.2],X-ray,2024-12-11T00:00:00Z,,chain_count
9KQS,B,MRTEPRPPAP,10,,A,303,3ef98166121c778e093595b2390b8b55,[1.72],X-ray,2025-10-08T00:00:00Z,unclassified,
9KZF,,,0,,,0,,[1.78],X-ray,2025-12-17T00:00:00Z,,chain_count
9KZS,,,0,,,0,,[1.88],X-ray,2025-12-17T00:00:00Z,,chain_count
9L0T,,,0,,,0,,[2.05],X-ray,2025-10-22T00:00:00Z,,chain_count
9L0V,C,MRTHTD,6,,A,304,a3d8eebd7f572b9f7277155026006605,[2.0],X-ray,2025-10-22T00:00:00Z,unclassified,
9L25,,,0,,,0,,[2.41],EM,2025-10-22T00:00:00Z,,
9L4O,B,SDRFV,5,,A,158,bfb33f881c98829cfbc6d8681ac30268,[1.9],X-ray,2025-09-10T00:00:00Z,unclassified,
9L4P,B,SDRFV,5,,A,157,fbc7cab4d70bcdbed4ed8d547cbe2732,[1.95],X-ray,2025-09-10T00:00:00Z,unclassified,
9L4S,,,0,,,0,,[1.96],X-ray,2025-12-24T00:00:00Z,,chain_count
9L6N,,,0,,,0,,[2.3],X-ray,2025-12-31T00:00:00Z,,chain_count
9L7B,,,0,,,0,,[2.31],X-ray,2025-12-31T00:00:00Z,,chain_count
9L7N,,,0,,,0,,[2.23],X-ray,2026-01-14T00:00:00Z,,chain_count
9LDS,,,0,,,0,,[1.6],X-ray,2025-04-02T00:00:00Z,,chain_count
9LGQ,C,TFAIPQAAGL,10,,A,306,63853dce3d9b42f939d4486058efcd50,[1.82],X-ray,2026-01-14T00:00:00Z,unclassified,
9LI8,B,SSAAQLTAARLKALGDELHQRTMWR,25,,A,150,7ed18f9c9748ba988df8c4d28d0e3e73,[2.32],X-ray,2025-08-06T00:00:00Z,unclassified,
9LXG,B,ARIKAINTFFAKN,13,,A,96,2886d084971331d409651d74f932ca8f,[2.46],X-ray,2025-03-05T00:00:00Z,unclassified,
9M10,,,0,,,0,,[2.02],X-ray,2025-06-11T00:00:00Z,,
9M11,,,0,,,0,,[2.05],X-ray,2025-06-11T00:00:00Z,,
9M12,,,0,,,0,,[1.86],X-ray,2025-06-11T00:00:00Z,,
9M13,,,0,,,0,,[1.68],X-ray,2025-06-11T00:00:00Z,,
9M14,,,0,,,0,,[2.0],X-ray,2025-06-11T00:00:00Z,,
9M15,,,0,,,0,,[2.18],X-ray,2025-06-11T00:00:00Z,,
9M16,,,0,,,0,,[2.06],X-ray,2025-06-11T00:00:00Z,,
9M17,,,0,,,0,,[1.81],X-ray,2025-06-11T00:00:00Z,,
9M18,,,0,,,0,,[1.96],X-ray,2025-06-11T00:00:00Z,,
9M19,,,0,,,0,,[2.05],X-ray,2025-06-11T00:00:00Z,,
9M1A,,,0,,,0,,[1.78],X-ray,2025-06-11T00:00:00Z,,
9M1B,,,0,,,0,,[1.77],X-ray,2025-06-11T00:00:00Z,,
9M1C,,,0,,,0,,[1.67],X-ray,2025-06-11T00:00:00Z,,
9M1D,,,0,,,0,,[1.44],X-ray,2025-06-11T00:00:00Z,,
9M4R,P,ARTQT,5,,A,50,0487616a8bf1398dbd4dc6dd85863c41,[1.7],X-ray,2025-11-05T00:00:00Z,unclassified,
9M4S,P,ARTQTARK,8,,A,60,c82657393e71377ea7b8201816a773b1,[1.601],X-ray,2025-11-05T00:00:00Z,unclassified,
9MJ9,,,0,,,0,,[2.0],EM,2025-02-26T00:00:00Z,,chain_count
9MKA,,,0,,,0,,[2.5],X-ray,2026-01-21T00:00:00Z,,chain_count
9MPD,,,0,,,0,,[2.5],X-ray,2026-04-08T00:00:00Z,,chain_count
9MPG,,,0,,,0,,[1.8],X-ray,2026-04-08T00:00:00Z,,chain_count
9MPH,,,0,,,0,,[2.25],X-ray,2026-04-08T00:00:00Z,,chain_count
9MVW,B,RRKWQKTGNAVRAIGRLSSM,20,,A,147,d79ddbf145db530bccfd8b6a8a7ad0d5,[1.58],X-ray,2026-01-21T00:00:00Z,unclassified,
9MXD,B,RRKWQKTGNAVRAIGRLSSM,20,,A,143,f31cb34c443cb7efb925869c8ade5dd3,[1.17],X-ray,2026-02-11T00:00:00Z,unclassified,
9MXK,,,0,,,0,,[1.73],X-ray,2026-04-22T00:00:00Z,,chain_count
9N28,B,GSLLLKLLRAP,11,,A,219,36841bd5f0c22a81b8aff1265cd75698,[2.1],X-ray,2026-02-04T00:00:00Z,unclassified,
9N54,A,GTKRPFRSIKKRRSP,15,,E,426,0c1d2cd289e4efcff02afb9cd9d4ce6f,[2.2],X-ray,2026-02-18T00:00:00Z,unclassified,
9N9N,,,0,,,0,,[1.24],X-ray,2026-02-18T00:00:00Z,,chain_count
9NFS,,,0,,,0,,[2.45],X-ray,2026-03-04T00:00:00Z,,
9NIB,B,KRRLPNKRRRCL,12,,A,424,1c327545ac214e48ce0940752bbf964d,[2.2],X-ray,2026-04-01T00:00:00Z,unclassified,
9NK9,B,SFEDFWKGED,10,,A,118,07ebf3b6a466f97b803ba2a6c02d247f,[2.1],X-ray,2025-05-28T00:00:00Z,unclassified,
9NLO,,,0,,,0,,[2.32],X-ray,2025-11-19T00:00:00Z,,chain_count
9NN3,,,0,,,0,,[1.6],X-ray,2026-02-11T00:00:00Z,,chain_count
9NN4,,,0,,,0,,[1.37],X-ray,2026-02-11T00:00:00Z,,chain_count
9NN5,B,YWIIPVKGCG,10,,A,126,9ab7ec0f64010f30652950fd4fdc7fed,[1.47],X-ray,2026-02-11T00:00:00Z,bromodomain,
9NNT,,,0,,,0,,[1.59],X-ray,2026-02-11T00:00:00Z,,chain_count
9O14,B,WAQRGRELRRSDEFVDSF,18,,A,139,24dcd406da81d24a61e97bba71bb6f28,[1.73],X-ray,2025-10-08T00:00:00Z,unclassified,
9O15,,,0,,,0,,[1.99],X-ray,2025-10-08T00:00:00Z,,chain_count
9O16,B,WAQRGRELRRSDEFVDSF,18,,A,140,924ce5a022df7c724dfd822a568ac290,[1.73],X-ray,2025-10-08T00:00:00Z,unclassified,
9O91,,,0,,,0,,[1.86],X-ray,2025-07-09T00:00:00Z,,
9O9I,B,VQREDVETGLDPLSL,15,,A,184,8188bbe1d7b43701dbf2bff866d35c51,[2.35],X-ray,2025-08-13T00:00:00Z,unclassified,
9O9N,,,0,,,0,,[2.1],X-ray,2025-05-14T00:00:00Z,,
9OBP,,,0,,,0,,[2.5],EM,2025-06-25T00:00:00Z,,chain_count
9OHQ,,,0,,,0,,[1.6],X-ray,2025-09-03T00:00:00Z,,
9OHR,,,0,,,0,,[2.34],X-ray,2025-09-03T00:00:00Z,,
9OJ3,,,0,,,0,,[1.43],X-ray,2025-06-25T00:00:00Z,,chain_count
9OSC,C,VPRVSLE,7,,A,63,e84c01582e2f58ca13a0b92b82e7ca93,[1.77],X-ray,2026-02-04T00:00:00Z,unclassified,
9OVZ,,,0,,,0,,[2.4],X-ray,2026-04-29T00:00:00Z,,chain_count
9PC1,,,0,,,0,,[1.552],X-ray,2026-05-13T00:00:00Z,,download_failed
9PFO,,,0,,,0,,[2.1],X-ray,2025-10-01T00:00:00Z,,chain_count
9PFP,,,0,,,0,,[1.7],X-ray,2025-10-01T00:00:00Z,,chain_count
9PME,B,SHLFWAQFDEYF,12,,A,101,1621be1d3977c60c112b0f83959a7f2d,[1.52],X-ray,2025-10-29T00:00:00Z,unclassified,
9PPP,,,0,,,0,,[2.1],X-ray,2026-04-08T00:00:00Z,,chain_count
9PU1,,,0,,,0,,[1.4],X-ray,2026-04-22T00:00:00Z,,download_failed
9PU3,C,YWKWK,5,,A,165,a7940a14ce71d3bcb0b113174465dae9,[1.7],X-ray,2026-04-22T00:00:00Z,unclassified,
9PU8,C,YWKWK,5,,A,166,10b1076a243c5f56535959d23a051b98,[1.4],X-ray,2026-04-22T00:00:00Z,unclassified,
9PUE,P,NAFSDSFMD,9,,A,244,624070c669fb1df441fc957764fcd520,[1.91],X-ray,2026-04-08T00:00:00Z,unclassified,
9PUL,,,0,,,0,,[2.5],X-ray,2026-04-22T00:00:00Z,,chain_count
9PUN,,,0,,,0,,[2.4],X-ray,2026-04-22T00:00:00Z,,download_failed
9PUQ,,,0,,,0,,[2.0],X-ray,2026-04-22T00:00:00Z,,download_failed
9PUT,,,0,,,0,,[2.0],X-ray,2026-04-22T00:00:00Z,,download_failed
9PUZ,,,0,,,0,,[2.0],X-ray,2026-04-22T00:00:00Z,,download_failed
9PVE,,,0,,,0,,[2.0],X-ray,2026-04-22T00:00:00Z,,download_failed
9PVF,,,0,,,0,,[2.0],X-ray,2026-04-22T00:00:00Z,,download_failed
9QBS,,,0,,,0,,[1.95],X-ray,2026-03-18T00:00:00Z,,download_failed
9QBT,,,0,,,0,,[2.334],X-ray,2026-03-18T00:00:00Z,,download_failed
9QDU,,,0,,,0,,[2.35],X-ray,2026-03-18T00:00:00Z,,download_failed
9QEZ,,,0,,,0,,[2.1],X-ray,2025-12-10T00:00:00Z,,chain_count
9QH3,,,0,,,0,,[2.4],EM,2025-05-14T00:00:00Z,,chain_count
9QHL,,,0,,,0,,[1.93],X-ray,2026-03-25T00:00:00Z,,chain_count
9QJZ,,,0,,,0,,[2.31],X-ray,2025-11-05T00:00:00Z,,chain_count
9QKQ,,,0,,,0,,[1.74],X-ray,2026-04-08T00:00:00Z,,chain_count
9QM9,,,0,,,0,,[1.55],X-ray,2025-08-20T00:00:00Z,,chain_count
9QNG,B,RSSSFPYTT,9,SEP,A,236,51da54df749efe8ad3c0ec857a04201d,[1.35],X-ray,2025-09-03T00:00:00Z,unclassified,
9QNH,P,KRSESGSPS,9,SEP,A,236,51da54df749efe8ad3c0ec857a04201d,[1.3],X-ray,2025-09-03T00:00:00Z,unclassified,
9QNI,P,ARTVSVS,7,SEP,A,236,51da54df749efe8ad3c0ec857a04201d,[1.8],X-ray,2025-09-03T00:00:00Z,unclassified,
9QNJ,P,DRSGYSSP,8,SEP,A,236,51da54df749efe8ad3c0ec857a04201d,[1.3],X-ray,2025-09-03T00:00:00Z,unclassified,
9QNK,P,SRLQTAPVP,9,TPO,A,236,51da54df749efe8ad3c0ec857a04201d,[1.6],X-ray,2025-09-03T00:00:00Z,unclassified,
9QNL,B,LRRMSDEFVD,10,SEP,A,236,51da54df749efe8ad3c0ec857a04201d,[1.3],X-ray,2025-09-03T00:00:00Z,unclassified,
9QOG,,,0,,,0,,[1.85],X-ray,2026-04-08T00:00:00Z,,download_failed
9QQU,B,MEEVD,5,,A,139,846eba529df26a99df172f101e53c92b,[2.13],X-ray,2026-04-15T00:00:00Z,unclassified,
9QX6,,,0,,,0,,[1.46],X-ray,2025-08-13T00:00:00Z,,
9R9B,B,KESALRKELLEFDPLFRD,18,,A,569,91d8158f46d6621b08fa8e80e6798290,[2.146],X-ray,2026-04-08T00:00:00Z,unclassified,
9RAP,,,0,,,0,,[2.2],X-ray,2026-04-08T00:00:00Z,,
9RCG,,,0,,,0,,[2.1],X-ray,2025-10-01T00:00:00Z,,
9RFB,,,0,,,0,,[1.854],X-ray,2025-12-03T00:00:00Z,,chain_count
9RMR,,,0,,,0,,[1.65],X-ray,2025-08-13T00:00:00Z,,
9RV5,,,0,,,0,,[1.75],X-ray,2025-08-06T00:00:00Z,,chain_count
9RVA,C,ASTQISRGFTRDSRGCG,17,,A,677,536ff1346b53611b7eb149248c34f1ff,[2.2],X-ray,2026-05-06T00:00:00Z,unclassified,
9RVT,,,0,,,0,,[2.39],X-ray,2026-04-08T00:00:00Z,,chain_count
9RXL,,,0,,,0,,[1.46],X-ray,2026-03-04T00:00:00Z,,chain_count
9S1S,,,0,,,0,,[1.62],X-ray,2025-12-10T00:00:00Z,,chain_count
9S23,,,0,,,0,,[2.3],X-ray,2025-11-12T00:00:00Z,,
9S24,,,0,,,0,,[2.1],X-ray,2025-11-12T00:00:00Z,,
9S25,,,0,,,0,,[2.1],X-ray,2025-11-12T00:00:00Z,,
9S26,,,0,,,0,,[2.3],X-ray,2025-11-12T00:00:00Z,,
9S27,,,0,,,0,,[1.6],X-ray,2025-11-12T00:00:00Z,,
9S2I,P,QSSTSTPNVHM,11,SEP,A,236,51da54df749efe8ad3c0ec857a04201d,[1.67],X-ray,2026-04-22T00:00:00Z,unclassified,
9S2J,P,RLTSTPNV,8,SEP,A,236,51da54df749efe8ad3c0ec857a04201d,[1.5],X-ray,2026-04-22T00:00:00Z,unclassified,
9S2K,P,QRSTSTPNAH,10,SEP,A,236,51da54df749efe8ad3c0ec857a04201d,[2.15],X-ray,2026-04-22T00:00:00Z,unclassified,
9S2L,,,0,,,0,,[1.85],X-ray,2026-04-22T00:00:00Z,,chain_count
9S2M,,,0,,,0,,[2.0],X-ray,2026-04-22T00:00:00Z,,chain_count
9S2N,,,0,,,0,,[1.85],X-ray,2026-04-22T00:00:00Z,,chain_count
9S2O,,,0,,,0,,[1.8],X-ray,2026-04-22T00:00:00Z,,chain_count
9S2P,P,QRSTSTPNA,9,SEP,A,236,51da54df749efe8ad3c0ec857a04201d,[1.5],X-ray,2026-04-22T00:00:00Z,unclassified,
9S3N,C,ACTTDFCNNRYVVNRCA,17,,B,126,942645621fa62fce362c1ac53be18165,[1.93],X-ray,2026-03-04T00:00:00Z,unclassified,
9S70,,,0,,,0,,[1.95],X-ray,2025-10-29T00:00:00Z,,
9S71,,,0,,,0,,[2.0],X-ray,2025-10-29T00:00:00Z,,
9SAB,,,0,,,0,,[1.5],X-ray,2026-01-14T00:00:00Z,,
9SF2,B,MKKEISLDEYLEKLKQLLENESVGTRAAL,29,,A,122,74ce7c2762e4e39c22730530b7bd45c2,[1.7],X-ray,2026-01-14T00:00:00Z,unclassified,
9SMQ,,,0,,,0,,[2.2],X-ray,2025-10-15T00:00:00Z,,
9SYN,B,DINSMVDEHFSRALRN,16,,A,204,da2d3b1abc7fe1af39c4bfc51355d0dc,[1.3],X-ray,2026-03-11T00:00:00Z,unclassified,
9T3F,B,TEADAELRRLRVQSDQWRKAAEAAAAALAG,30,,A,178,2a1bbe9b2b22c7477f280912c338c0cf,[2.07],X-ray,2026-03-18T00:00:00Z,unclassified,
9T5S,,,0,,,0,,[1.74],X-ray,2025-12-17T00:00:00Z,,
9T8Y,B,SDSGISL,7,SEP,A,351,ac62dd90a650f0f05b93bbcdc5ee2475,[1.795],X-ray,2026-04-08T00:00:00Z,unclassified,
9T95,B,SDSGISL,7,SEP,A,351,ac62dd90a650f0f05b93bbcdc5ee2475,[2.145],X-ray,2026-04-08T00:00:00Z,unclassified,
9T9W,C,RHDSGLDSMK,10,SEP,A,355,6d16244ecd503a0106a9b170b27f239e,[1.162],X-ray,2026-04-08T00:00:00Z,unclassified,
9TA5,,,0,,,0,,[2.1],X-ray,2026-02-04T00:00:00Z,,
9TDZ,B,SPSDSGQGSY,10,SEP,A,356,d30288ae83e524fcb931da66a0f4abcf,[1.346],X-ray,2026-04-08T00:00:00Z,unclassified,
9TES,B,SRDSGRGDSVS,11,SEP,A,350,0c7c581d9ed2c0e690b422aa2f782efb,[1.217],X-ray,2026-04-08T00:00:00Z,unclassified,
9TFU,B,NDSGICM,7,SEP,A,351,ac62dd90a650f0f05b93bbcdc5ee2475,[1.997],X-ray,2026-04-08T00:00:00Z,unclassified,
9TG7,B,EDSAFQEP,8,SEP,A,353,d5fcedcebf3350e568364de926a7cbc4,[1.684],X-ray,2026-04-08T00:00:00Z,unclassified,
9TPH,,,0,,,0,,[2.0],X-ray,2026-04-15T00:00:00Z,,
9TPI,,,0,,,0,,[1.8],X-ray,2026-04-15T00:00:00Z,,
9UA8,,,0,,,0,,[1.999],X-ray,2026-04-08T00:00:00Z,,chain_count
9UF9,,,0,,,0,,[1.78],X-ray,2026-04-15T00:00:00Z,,peptide_length
9UGP,B,SSAAQLTAARLKALGDELHQRTMWR,25,,A,147,7f2dd38f2a9ee2efe7555dbafd175da4,[1.39],X-ray,2025-05-21T00:00:00Z,unclassified,
9UJR,,,0,,,0,,[2.25],X-ray,2025-10-08T00:00:00Z,,peptide_length
9UJZ,B,MRTEP,5,,A,302,5037138935562ab797c15e25a5309d8e,[2.46],X-ray,2025-10-08T00:00:00Z,unclassified,
9UK3,B,MRTEPRPP,8,,A,303,3ef98166121c778e093595b2390b8b55,[1.69],X-ray,2025-10-08T00:00:00Z,unclassified,
9UK4,,,0,,,0,,[2.12],X-ray,2025-10-08T00:00:00Z,,peptide_length
9UK7,,,0,,,0,,[1.95],X-ray,2025-10-08T00:00:00Z,,chain_count
9UP3,,,0,,,0,,[2.04],X-ray,2026-04-29T00:00:00Z,,chain_count
9UPI,,,0,,,0,,[1.7],X-ray,2026-05-20T00:00:00Z,,chain_count
9UPJ,,,0,,,0,,[1.5],X-ray,2026-05-20T00:00:00Z,,chain_count
9UPK,,,0,,,0,,[1.6],X-ray,2026-05-20T00:00:00Z,,chain_count
9UXG,C,KCSRIIPA,8,,A,304,a3d8eebd7f572b9f7277155026006605,[1.7],X-ray,2026-02-11T00:00:00Z,unclassified,
9UXJ,D,IPARAR,6,,A,304,a3d8eebd7f572b9f7277155026006605,[1.76],X-ray,2026-02-11T00:00:00Z,unclassified,
9UXM,M,RVGARK,6,,A,304,a3d8eebd7f572b9f7277155026006605,[1.48],X-ray,2026-02-11T00:00:00Z,unclassified,
9V7W,C,PRKQLA,6,,A,302,e6c0ee5526c552c82d5c8806f0d9dcbf,[1.86],X-ray,2025-09-24T00:00:00Z,unclassified,
9V8D,B,NSVVRHLLTAILGV,14,,A,261,41dc8939d2bf13ae94c5d5da2c153598,[1.44],X-ray,2025-11-05T00:00:00Z,unclassified,
9V8E,B,THKRLSRLTILC,12,,A,251,cc0d4be3cad862fa8f3061b50dc240e9,[1.7],X-ray,2025-11-05T00:00:00Z,unclassified,
9V8F,,,0,,,0,,[1.75],X-ray,2025-11-05T00:00:00Z,,
9V8G,B,NSVVRHLLTAIL,12,,A,259,469a06d677cf2f56176dc3ccf57446d1,[1.39],X-ray,2025-11-05T00:00:00Z,unclassified,
9V8H,B,SVVRHLLTAIL,11,,A,251,ec2c897dfafd2223b3bffffd71ea2db1,[1.39],X-ray,2025-11-05T00:00:00Z,unclassified,
9VG0,C,APRKQL,6,,A,287,b24371679cae91f68fa830ed1f789a69,[1.61],X-ray,2025-09-24T00:00:00Z,unclassified,
9VG3,C,PRKQLA,6,,A,293,026cbc40b2b489f802121467c8dc4cb0,[2.15],X-ray,2025-09-24T00:00:00Z,unclassified,
9VGZ,C,APRKQLA,7,,A,300,e370bce7d14b113c16dc16f4fa10751f,[2.34],X-ray,2025-09-24T00:00:00Z,unclassified,
9VH0,,,0,,,0,,[2.41],X-ray,2025-09-24T00:00:00Z,,chain_count
9VN5,,,0,,,0,,[1.9],X-ray,2025-08-13T00:00:00Z,,chain_count
9VNO,B,ARTQTARK,8,,A,123,fdf72fc2a7d717ff9093140f735d3704,[1.5],X-ray,2026-02-04T00:00:00Z,unclassified,
9VNX,,,0,,,0,,[1.93],X-ray,2025-07-30T00:00:00Z,,
9VOG,,,0,,,0,,[1.43],X-ray,2025-12-03T00:00:00Z,,
9VOH,,,0,,,0,,[1.98],X-ray,2025-12-03T00:00:00Z,,
9VOI,,,0,,,0,,[1.93],X-ray,2025-12-03T00:00:00Z,,
9VOJ,,,0,,,0,,[1.93],X-ray,2025-12-03T00:00:00Z,,
9VOK,,,0,,,0,,[2.04],X-ray,2025-12-03T00:00:00Z,,
9VOL,,,0,,,0,,[1.75],X-ray,2025-12-03T00:00:00Z,,
9VPQ,,,0,,,0,,[2.28],X-ray,2026-04-22T00:00:00Z,,
9VWT,B,CPAYSYLDC,9,,A,221,ef4e8a7e24314f9292963095f8e5f671,[1.77],X-ray,2025-08-06T00:00:00Z,unclassified,
9VXG,B,GRNDPCPCGSGKKFKK,16,,A,131,92d99ac3649f087c1c352997f3de6956,[2.302],X-ray,2025-08-06T00:00:00Z,unclassified,
9WDC,,,0,,,0,,[2.22],EM,2026-04-15T00:00:00Z,,chain_count
9WRI,,,0,,,0,,[1.85],X-ray,2026-01-21T00:00:00Z,,chain_count
9WRJ,B,DGVLDLST,8,,A,331,e13a8500aae5f7e3fdaaa84266b79980,[2.2],X-ray,2026-01-28T00:00:00Z,unclassified,
9WU2,,,0,,,0,,[2.35],X-ray,2026-02-18T00:00:00Z,,chain_count
9X1M,,,0,,,0,,[2.3],EM,2026-02-04T00:00:00Z,,chain_count
9X2Q,,,0,,,0,,[1.68],X-ray,2025-12-31T00:00:00Z,,
9X2U,,,0,,,0,,[2.07],X-ray,2025-12-31T00:00:00Z,,
9X2V,,,0,,,0,,[1.39],X-ray,2025-12-31T00:00:00Z,,
9X2W,,,0,,,0,,[1.92],X-ray,2025-12-31T00:00:00Z,,
9X2X,,,0,,,0,,[1.79],X-ray,2025-12-31T00:00:00Z,,
9X2Y,,,0,,,0,,[1.96],X-ray,2025-12-31T00:00:00Z,,
9X8S,,,0,,,0,,[1.696],X-ray,2025-11-26T00:00:00Z,,chain_count
9XHR,,,0,,,0,,[1.5],X-ray,2026-05-06T00:00:00Z,,peptide_length
9XMJ,,,0,,,0,,[2.18],X-ray,2026-04-29T00:00:00Z,,
9Y0P,,,0,,,0,,[1.47],X-ray,2026-03-25T00:00:00Z,,chain_count
9Y0Q,B,DLASQCMLGVPS,12,,A,188,b93a04a7989c24a919e27e4ff0e79497,[1.47],X-ray,2026-03-25T00:00:00Z,unclassified,
9Y0R,B,EKRRKFLKRKVW,12,,A,422,b06e4814841991606abe2bbc929f0b82,[2.2],X-ray,2025-09-17T00:00:00Z,unclassified,
9Y6C,,,0,,,0,,[2.0],X-ray,2025-12-24T00:00:00Z,,
9Y7K,B,RKKTSDS,7,,A,426,0c1d2cd289e4efcff02afb9cd9d4ce6f,[2.25],X-ray,2025-09-24T00:00:00Z,unclassified,
9Y9W,,,0,,,0,,[2.4],X-ray,2025-12-03T00:00:00Z,,chain_count
9YBQ,,,0,,,0,,[2.5],X-ray,2025-12-03T00:00:00Z,,chain_count
9YRN,,,0,,,0,,[2.4],EM,2026-01-28T00:00:00Z,,chain_count
9YY4,B,LPKRMRR,7,,A,426,0c1d2cd289e4efcff02afb9cd9d4ce6f,[2.35],X-ray,2025-11-05T00:00:00Z,unclassified,
9Z3V,,,0,,,0,,[1.6],X-ray,2026-05-13T00:00:00Z,,
9ZM0,,,0,,,0,,[2.1],X-ray,2026-01-07T00:00:00Z,,chain_count
