name,receptor,peptide_pdb,seq,pep_len,ss_class,frac_H,frac_E,frac_P,length_bucket,reason
peppc_4GUS_B,/home/igem/unknown_software/datasets/training_formatted_peppc/peppc_4GUS_B/peppc_4GUS_B_protein_pocket.pdb,/home/igem/unknown_software/datasets/training_formatted_peppc/peppc_4GUS_B/peppc_4GUS_B_peptide.pdb,ARTMQTARKSTGGKAPRKQL,20,SHEET,0.167,0.556,0.0,very_long,very_long sheet; 20-mer; H=17% E=56% P=0%; Pro=5%
peppcf_1O7P_B_343_364,/home/igem/unknown_software/datasets/training_formatted_peppc/peppcf_1O7P_B_343_364/peppcf_1O7P_B_343_364_protein_pocket.pdb,/home/igem/unknown_software/datasets/training_formatted_peppc/peppcf_1O7P_B_343_364/peppcf_1O7P_B_343_364_peptide.pdb,RLADSVQRTFGPAGFWESDDND,22,HELIX,0.8,0.1,0.0,very_long,very_long helix; 22-mer; H=80% E=10% P=0%; Pro=4%
peppcf_5CEI_B_62_73,/home/igem/unknown_software/datasets/training_formatted_peppc/peppcf_5CEI_B_62_73/peppcf_5CEI_B_62_73_protein_pocket.pdb,/home/igem/unknown_software/datasets/training_formatted_peppc/peppcf_5CEI_B_62_73/peppcf_5CEI_B_62_73_peptide.pdb,MSACREIALLRE,12,HELIX,1.0,0.0,0.0,medium,medium helix; 12-mer; H=100% E=0% P=0%; Pro=0%
peppcf_6J4O_A_16_26,/home/igem/unknown_software/datasets/training_formatted_peppc/peppcf_6J4O_A_16_26/peppcf_6J4O_A_16_26_protein_pocket.pdb,/home/igem/unknown_software/datasets/training_formatted_peppc/peppcf_6J4O_A_16_26/peppcf_6J4O_A_16_26_peptide.pdb,IYALNRVTELE,11,HELIX,1.0,0.0,0.0,medium,medium helix; 11-mer; H=100% E=0% P=0%; Pro=0%
peppc_4J2J_D,/home/igem/unknown_software/datasets/training_formatted_peppc/peppc_4J2J_D/peppc_4J2J_D_protein_pocket.pdb,/home/igem/unknown_software/datasets/training_formatted_peppc/peppc_4J2J_D/peppc_4J2J_D_peptide.pdb,RSVAVFPWHSLVPFL,15,SHEET,0.154,0.615,0.0,long,long sheet; 15-mer; H=15% E=62% P=0%; Pro=13%
peppc_1WKW_B,/home/igem/unknown_software/datasets/training_formatted_peppc/peppc_1WKW_B/peppc_1WKW_B_protein_pocket.pdb,/home/igem/unknown_software/datasets/training_formatted_peppc/peppc_1WKW_B/peppc_1WKW_B_peptide.pdb,PGGTRIIYDRKFLMECRNSP,20,UNUSUAL,0.278,0.278,0.0,very_long,very_long unusual; 20-mer; H=28% E=28% P=0%; Pro=10%
peppc_1KLU_C,/home/igem/unknown_software/datasets/training_formatted_peppc/peppc_1KLU_C/peppc_1KLU_C_protein_pocket.pdb,/home/igem/unknown_software/datasets/training_formatted_peppc/peppc_1KLU_C/peppc_1KLU_C_peptide.pdb,GELIGTLNAAKVPAD,15,SHEET,0.0,1.0,0.0,long,long sheet; 15-mer; H=0% E=100% P=0%; Pro=6%
peppc_4PLE_B,/home/igem/unknown_software/datasets/training_formatted_peppc/peppc_4PLE_B/peppc_4PLE_B_protein_pocket.pdb,/home/igem/unknown_software/datasets/training_formatted_peppc/peppc_4PLE_B/peppc_4PLE_B_peptide.pdb,NALLRYLLD,9,HELIX,1.0,0.0,0.0,medium,medium helix; 9-mer; H=100% E=0% P=0%; Pro=0%
peppc_5N33_B,/home/igem/unknown_software/datasets/training_formatted_peppc/peppc_5N33_B/peppc_5N33_B_protein_pocket.pdb,/home/igem/unknown_software/datasets/training_formatted_peppc/peppc_5N33_B/peppc_5N33_B_peptide.pdb,AGRTGRRQAIHDI,13,SHEET,0.0,0.818,0.0,long,long sheet; 13-mer; H=0% E=82% P=0%; Pro=0%
peppcf_1SCU_C_267_274,/home/igem/unknown_software/datasets/training_formatted_peppc/peppcf_1SCU_C_267_274/peppcf_1SCU_C_267_274_protein_pocket.pdb,/home/igem/unknown_software/datasets/training_formatted_peppc/peppcf_1SCU_C_267_274/peppcf_1SCU_C_267_274_peptide.pdb,GLAMGTMD,8,HELIX,0.833,0.0,0.0,short,short helix; 8-mer; H=83% E=0% P=0%; Pro=0%
peppc_7MJ8_C,/home/igem/unknown_software/datasets/training_formatted_peppc/peppc_7MJ8_C/peppc_7MJ8_C_protein_pocket.pdb,/home/igem/unknown_software/datasets/training_formatted_peppc/peppc_7MJ8_C/peppc_7MJ8_C_peptide.pdb,LLLPLLPPLSPS,12,UNUSUAL,0.0,0.0,0.333,medium,medium unusual; 12-mer; H=0% E=0% P=33%; Pro=33%
peppcf_8ENL_D_351_362,/home/igem/unknown_software/datasets/training_formatted_peppc/peppcf_8ENL_D_351_362/peppcf_8ENL_D_351_362_protein_pocket.pdb,/home/igem/unknown_software/datasets/training_formatted_peppc/peppcf_8ENL_D_351_362/peppcf_8ENL_D_351_362_peptide.pdb,VDMMTDSHTWLH,12,HELIX,0.9,0.0,0.0,medium,medium helix; 12-mer; H=90% E=0% P=0%; Pro=0%
peppc_7QFB_B,/home/igem/unknown_software/datasets/training_formatted_peppc/peppc_7QFB_B/peppc_7QFB_B_protein_pocket.pdb,/home/igem/unknown_software/datasets/training_formatted_peppc/peppc_7QFB_B/peppc_7QFB_B_peptide.pdb,KKRVVFADSKGLSLTAIHVFSD,22,SHEET,0.15,0.7,0.0,very_long,very_long sheet; 22-mer; H=15% E=70% P=0%; Pro=0%
peppcf_6XE3_B_14_21,/home/igem/unknown_software/datasets/training_formatted_peppc/peppcf_6XE3_B_14_21/peppcf_6XE3_B_14_21_protein_pocket.pdb,/home/igem/unknown_software/datasets/training_formatted_peppc/peppcf_6XE3_B_14_21/peppcf_6XE3_B_14_21_peptide.pdb,MYVPQILM,8,UNUSUAL,0.333,0.333,0.0,short,short unusual; 8-mer; H=33% E=33% P=0%; Pro=12%
peppc_5EU4_C,/home/igem/unknown_software/datasets/training_formatted_peppc/peppc_5EU4_C/peppc_5EU4_C_protein_pocket.pdb,/home/igem/unknown_software/datasets/training_formatted_peppc/peppc_5EU4_C/peppc_5EU4_C_peptide.pdb,YLAPGPVTA,9,SHEET,0.0,1.0,0.0,medium,medium sheet; 9-mer; H=0% E=100% P=0%; Pro=22%
peppcf_6O7P_D_492_511,/home/igem/unknown_software/datasets/training_formatted_peppc/peppcf_6O7P_D_492_511/peppcf_6O7P_D_492_511_protein_pocket.pdb,/home/igem/unknown_software/datasets/training_formatted_peppc/peppcf_6O7P_D_492_511/peppcf_6O7P_D_492_511_peptide.pdb,ILTTLVNSILERLDEETRGM,20,HELIX,0.833,0.056,0.0,very_long,very_long helix; 20-mer; H=83% E=6% P=0%; Pro=0%
peppc_7T6A_C,/home/igem/unknown_software/datasets/training_formatted_peppc/peppc_7T6A_C/peppc_7T6A_C_protein_pocket.pdb,/home/igem/unknown_software/datasets/training_formatted_peppc/peppc_7T6A_C/peppc_7T6A_C_peptide.pdb,EGDIIGTFNFSSSDSQPLKIHWV,23,SHEET,0.048,0.714,0.0,very_long,very_long sheet; 23-mer; H=5% E=71% P=0%; Pro=4%
peppc_5N23_B,/home/igem/unknown_software/datasets/training_formatted_peppc/peppc_5N23_B/peppc_5N23_B_protein_pocket.pdb,/home/igem/unknown_software/datasets/training_formatted_peppc/peppc_5N23_B/peppc_5N23_B_peptide.pdb,TTYADFIASGRTGRRNAIHD,20,UNUSUAL,0.333,0.389,0.0,very_long,very_long unusual; 20-mer; H=33% E=39% P=0%; Pro=0%
peppcf_4C2W_A_10_21,/home/igem/unknown_software/datasets/training_formatted_peppc/peppcf_4C2W_A_10_21/peppcf_4C2W_A_10_21_protein_pocket.pdb,/home/igem/unknown_software/datasets/training_formatted_peppc/peppcf_4C2W_A_10_21/peppcf_4C2W_A_10_21_peptide.pdb,LTQAIRQQYYKP,12,HELIX,0.9,0.0,0.0,medium,medium helix; 12-mer; H=90% E=0% P=0%; Pro=8%
peppcf_2HBS_B_109_119,/home/igem/unknown_software/datasets/training_formatted_peppc/peppcf_2HBS_B_109_119/peppcf_2HBS_B_109_119_protein_pocket.pdb,/home/igem/unknown_software/datasets/training_formatted_peppc/peppcf_2HBS_B_109_119/peppcf_2HBS_B_109_119_peptide.pdb,VLVCVLAHHFG,11,HELIX,1.0,0.0,0.0,medium,medium helix; 11-mer; H=100% E=0% P=0%; Pro=0%
peppc_3LK4_C,/home/igem/unknown_software/datasets/training_formatted_peppc/peppc_3LK4_C/peppc_3LK4_C_protein_pocket.pdb,/home/igem/unknown_software/datasets/training_formatted_peppc/peppc_3LK4_C/peppc_3LK4_C_peptide.pdb,VNFDDIASSENLLHLTANRPKMPGRRLPG,29,SHEET,0.222,0.704,0.0,very_long,very_long sheet; 29-mer; H=22% E=70% P=0%; Pro=10%
peppcf_1Z6O_C_154_161,/home/igem/unknown_software/datasets/training_formatted_peppc/peppcf_1Z6O_C_154_161/peppcf_1Z6O_C_154_161_protein_pocket.pdb,/home/igem/unknown_software/datasets/training_formatted_peppc/peppcf_1Z6O_C_154_161/peppcf_1Z6O_C_154_161_peptide.pdb,LHDPEIAQ,8,HELIX,0.667,0.333,0.0,short,short helix; 8-mer; H=67% E=33% P=0%; Pro=12%
peppcf_5YRT_C_497_504,/home/igem/unknown_software/datasets/training_formatted_peppc/peppcf_5YRT_C_497_504/peppcf_5YRT_C_497_504_protein_pocket.pdb,/home/igem/unknown_software/datasets/training_formatted_peppc/peppcf_5YRT_C_497_504/peppcf_5YRT_C_497_504_peptide.pdb,LTGDYLHT,8,UNUSUAL,0.333,0.167,0.0,short,short unusual; 8-mer; H=33% E=17% P=0%; Pro=0%
peppcf_7MRK_B_153_160,/home/igem/unknown_software/datasets/training_formatted_peppc/peppcf_7MRK_B_153_160/peppcf_7MRK_B_153_160_protein_pocket.pdb,/home/igem/unknown_software/datasets/training_formatted_peppc/peppcf_7MRK_B_153_160/peppcf_7MRK_B_153_160_peptide.pdb,SWMQTVVA,8,SHEET,0.0,1.0,0.0,short,short sheet; 8-mer; H=0% E=100% P=0%; Pro=0%
peppc_3AA6_C,/home/igem/unknown_software/datasets/training_formatted_peppc/peppc_3AA6_C/peppc_3AA6_C_protein_pocket.pdb,/home/igem/unknown_software/datasets/training_formatted_peppc/peppc_3AA6_C/peppc_3AA6_C_peptide.pdb,NLLHLTANRPKMPGRRLPGRFNG,23,SHEET,0.238,0.571,0.0,very_long,very_long sheet; 23-mer; H=24% E=57% P=0%; Pro=13%
peppc_5LS7_A,/home/igem/unknown_software/datasets/training_formatted_peppc/peppc_5LS7_A/peppc_5LS7_A_protein_pocket.pdb,/home/igem/unknown_software/datasets/training_formatted_peppc/peppc_5LS7_A/peppc_5LS7_A_peptide.pdb,SMIRTMLQGKLHRVKVTHADLHYEG,25,SHEET,0.174,0.783,0.0,very_long,very_long sheet; 25-mer; H=17% E=78% P=0%; Pro=0%
peppc_2ZNE_C,/home/igem/unknown_software/datasets/training_formatted_peppc/peppc_2ZNE_C/peppc_2ZNE_C_protein_pocket.pdb,/home/igem/unknown_software/datasets/training_formatted_peppc/peppc_2ZNE_C/peppc_2ZNE_C_peptide.pdb,GPPYPTYPGYPGYSQ,15,UNUSUAL,0.0,0.0,0.333,long,long unusual; 15-mer; H=0% E=0% P=33%; Pro=33%
peppc_5OT3_D,/home/igem/unknown_software/datasets/training_formatted_peppc/peppc_5OT3_D/peppc_5OT3_D_protein_pocket.pdb,/home/igem/unknown_software/datasets/training_formatted_peppc/peppc_5OT3_D/peppc_5OT3_D_peptide.pdb,TTYADFIASGRTGRRNSI,18,HELIX,0.562,0.312,0.0,long,long helix; 18-mer; H=56% E=31% P=0%; Pro=0%
peppcf_6HX3_C_73_80,/home/igem/unknown_software/datasets/training_formatted_peppc/peppcf_6HX3_C_73_80/peppcf_6HX3_C_73_80_protein_pocket.pdb,/home/igem/unknown_software/datasets/training_formatted_peppc/peppcf_6HX3_C_73_80/peppcf_6HX3_C_73_80_peptide.pdb,GHFVEAQI,8,HELIX,0.833,0.0,0.0,short,short helix; 8-mer; H=83% E=0% P=0%; Pro=0%
peppcf_1BM3_B_123_131,/home/igem/unknown_software/datasets/training_formatted_peppc/peppcf_1BM3_B_123_131/peppcf_1BM3_B_123_131_protein_pocket.pdb,/home/igem/unknown_software/datasets/training_formatted_peppc/peppcf_1BM3_B_123_131/peppcf_1BM3_B_123_131_peptide.pdb,YPLAPGSAA,9,SHEET,0.0,0.714,0.0,medium,medium sheet; 9-mer; H=0% E=71% P=0%; Pro=22%
peppcf_1FZ4_A_52_64,/home/igem/unknown_software/datasets/training_formatted_peppc/peppcf_1FZ4_A_52_64/peppcf_1FZ4_A_52_64_protein_pocket.pdb,/home/igem/unknown_software/datasets/training_formatted_peppc/peppcf_1FZ4_A_52_64/peppcf_1FZ4_A_52_64_peptide.pdb,LWIEAKLEEKVAV,13,HELIX,1.0,0.0,0.0,long,long helix; 13-mer; H=100% E=0% P=0%; Pro=0%
peppcf_1H5R_B_241_248,/home/igem/unknown_software/datasets/training_formatted_peppc/peppcf_1H5R_B_241_248/peppcf_1H5R_B_241_248_protein_pocket.pdb,/home/igem/unknown_software/datasets/training_formatted_peppc/peppcf_1H5R_B_241_248/peppcf_1H5R_B_241_248_peptide.pdb,TIEERQGL,8,HELIX,0.833,0.0,0.0,short,short helix; 8-mer; H=83% E=0% P=0%; Pro=0%
peppcf_5XL4_A_92_105,/home/igem/unknown_software/datasets/training_formatted_peppc/peppcf_5XL4_A_92_105/peppcf_5XL4_A_92_105_protein_pocket.pdb,/home/igem/unknown_software/datasets/training_formatted_peppc/peppcf_5XL4_A_92_105/peppcf_5XL4_A_92_105_peptide.pdb,WSYNAELLVALENQ,14,HELIX,1.0,0.0,0.0,long,long helix; 14-mer; H=100% E=0% P=0%; Pro=0%
peppc_1UHB_P,/home/igem/unknown_software/datasets/training_formatted_peppc/peppc_1UHB_P/peppc_1UHB_P_protein_pocket.pdb,/home/igem/unknown_software/datasets/training_formatted_peppc/peppc_1UHB_P/peppc_1UHB_P_peptide.pdb,GKDSCQGDS,9,UNUSUAL,0.0,0.286,0.0,medium,medium unusual; 9-mer; H=0% E=29% P=0%; Pro=0%
peppc_7BYE_A,/home/igem/unknown_software/datasets/training_formatted_peppc/peppc_7BYE_A/peppc_7BYE_A_protein_pocket.pdb,/home/igem/unknown_software/datasets/training_formatted_peppc/peppc_7BYE_A/peppc_7BYE_A_peptide.pdb,PTLEELLGQCTAENRHHEYLCDSQGKEML,29,HELIX,0.407,0.444,0.0,very_long,very_long helix; 29-mer; H=41% E=44% P=0%; Pro=3%
peppc_5T6W_C,/home/igem/unknown_software/datasets/training_formatted_peppc/peppc_5T6W_C/peppc_5T6W_C_protein_pocket.pdb,/home/igem/unknown_software/datasets/training_formatted_peppc/peppc_5T6W_C/peppc_5T6W_C_peptide.pdb,SSTRGISQLW,10,SHEET,0.125,0.75,0.0,medium,medium sheet; 10-mer; H=12% E=75% P=0%; Pro=0%
peppc_4DFZ_I,/home/igem/unknown_software/datasets/training_formatted_peppc/peppc_4DFZ_I/peppc_4DFZ_I_protein_pocket.pdb,/home/igem/unknown_software/datasets/training_formatted_peppc/peppc_4DFZ_I/peppc_4DFZ_I_peptide.pdb,TTYADFIASGRTGRRASIHD,20,UNUSUAL,0.389,0.444,0.0,very_long,very_long unusual; 20-mer; H=39% E=44% P=0%; Pro=0%
peppcf_5IAE_B_224_232,/home/igem/unknown_software/datasets/training_formatted_peppc/peppcf_5IAE_B_224_232/peppcf_5IAE_B_224_232_protein_pocket.pdb,/home/igem/unknown_software/datasets/training_formatted_peppc/peppcf_5IAE_B_224_232/peppcf_5IAE_B_224_232_peptide.pdb,IPCIFSMLT,9,SHEET,0.0,0.857,0.0,medium,medium sheet; 9-mer; H=0% E=86% P=0%; Pro=11%
peppc_3LON_D,/home/igem/unknown_software/datasets/training_formatted_peppc/peppc_3LON_D/peppc_3LON_D_protein_pocket.pdb,/home/igem/unknown_software/datasets/training_formatted_peppc/peppc_3LON_D/peppc_3LON_D_peptide.pdb,GSVVIVGRIVLSGKPA,16,SHEET,0.214,0.643,0.0,long,long sheet; 16-mer; H=21% E=64% P=0%; Pro=6%
peppcf_5IZ2_B_59_71,/home/igem/unknown_software/datasets/training_formatted_peppc/peppcf_5IZ2_B_59_71/peppcf_5IZ2_B_59_71_protein_pocket.pdb,/home/igem/unknown_software/datasets/training_formatted_peppc/peppcf_5IZ2_B_59_71/peppcf_5IZ2_B_59_71_peptide.pdb,GKLQALNMAFASS,13,HELIX,1.0,0.0,0.0,long,long helix; 13-mer; H=100% E=0% P=0%; Pro=0%
peppcf_3D5R_A_27_39,/home/igem/unknown_software/datasets/training_formatted_peppc/peppcf_3D5R_A_27_39/peppcf_3D5R_A_27_39_protein_pocket.pdb,/home/igem/unknown_software/datasets/training_formatted_peppc/peppcf_3D5R_A_27_39/peppcf_3D5R_A_27_39_peptide.pdb,VSAHRKAQKAVAL,13,HELIX,1.0,0.0,0.0,long,long helix; 13-mer; H=100% E=0% P=0%; Pro=0%
peppcf_4WNQ_A_153_161,/home/igem/unknown_software/datasets/training_formatted_peppc/peppcf_4WNQ_A_153_161/peppcf_4WNQ_A_153_161_protein_pocket.pdb,/home/igem/unknown_software/datasets/training_formatted_peppc/peppcf_4WNQ_A_153_161/peppcf_4WNQ_A_153_161_peptide.pdb,YITDKCVLD,9,SHEET,0.0,1.0,0.0,medium,medium sheet; 9-mer; H=0% E=100% P=0%; Pro=0%
peppc_5HSZ_K,/home/igem/unknown_software/datasets/training_formatted_peppc/peppc_5HSZ_K/peppc_5HSZ_K_protein_pocket.pdb,/home/igem/unknown_software/datasets/training_formatted_peppc/peppc_5HSZ_K/peppc_5HSZ_K_peptide.pdb,LDIPAFLRKQA,11,SHEET,0.111,0.556,0.0,medium,medium sheet; 11-mer; H=11% E=56% P=0%; Pro=9%
peppcf_4HDM_A_31_38,/home/igem/unknown_software/datasets/training_formatted_peppc/peppcf_4HDM_A_31_38/peppcf_4HDM_A_31_38_protein_pocket.pdb,/home/igem/unknown_software/datasets/training_formatted_peppc/peppcf_4HDM_A_31_38/peppcf_4HDM_A_31_38_peptide.pdb,SAGSLGRL,8,UNUSUAL,0.333,0.167,0.0,short,short unusual; 8-mer; H=33% E=17% P=0%; Pro=0%
peppc_1Q8T_B,/home/igem/unknown_software/datasets/training_formatted_peppc/peppc_1Q8T_B/peppc_1Q8T_B_protein_pocket.pdb,/home/igem/unknown_software/datasets/training_formatted_peppc/peppc_1Q8T_B/peppc_1Q8T_B_peptide.pdb,TTYADFIASGRTGRRNAIHD,20,UNUSUAL,0.389,0.389,0.0,very_long,very_long unusual; 20-mer; H=39% E=39% P=0%; Pro=0%
peppcf_1T61_E_58_68,/home/igem/unknown_software/datasets/training_formatted_peppc/peppcf_1T61_E_58_68/peppcf_1T61_E_58_68_protein_pocket.pdb,/home/igem/unknown_software/datasets/training_formatted_peppc/peppcf_1T61_E_58_68/peppcf_1T61_E_58_68_peptide.pdb,LYCNPGDVCYY,11,SHEET,0.111,0.667,0.0,medium,medium sheet; 11-mer; H=11% E=67% P=0%; Pro=9%
peppc_4UJA_B,/home/igem/unknown_software/datasets/training_formatted_peppc/peppc_4UJA_B/peppc_4UJA_B_protein_pocket.pdb,/home/igem/unknown_software/datasets/training_formatted_peppc/peppc_4UJA_B/peppc_4UJA_B_peptide.pdb,TTYADFIASGRTGRRNAIHD,20,UNUSUAL,0.333,0.444,0.0,very_long,very_long unusual; 20-mer; H=33% E=44% P=0%; Pro=0%
peppcf_3ISM_A_124_131,/home/igem/unknown_software/datasets/training_formatted_peppc/peppcf_3ISM_A_124_131/peppcf_3ISM_A_124_131_protein_pocket.pdb,/home/igem/unknown_software/datasets/training_formatted_peppc/peppcf_3ISM_A_124_131/peppcf_3ISM_A_124_131_peptide.pdb,SDLFDSDD,8,UNUSUAL,0.333,0.333,0.0,short,short unusual; 8-mer; H=33% E=33% P=0%; Pro=0%
peppc_3SRI_B,/home/igem/unknown_software/datasets/training_formatted_peppc/peppc_3SRI_B/peppc_3SRI_B_protein_pocket.pdb,/home/igem/unknown_software/datasets/training_formatted_peppc/peppc_3SRI_B/peppc_3SRI_B_peptide.pdb,KDIGAGPVASCFTTRMSPPQQICLN,25,SHEET,0.087,0.783,0.0,very_long,very_long sheet; 25-mer; H=9% E=78% P=0%; Pro=12%
peppcf_2G2W_B_79_86,/home/igem/unknown_software/datasets/training_formatted_peppc/peppcf_2G2W_B_79_86/peppcf_2G2W_B_79_86_protein_pocket.pdb,/home/igem/unknown_software/datasets/training_formatted_peppc/peppcf_2G2W_B_79_86/peppcf_2G2W_B_79_86_peptide.pdb,KYSPVSEK,8,HELIX,0.667,0.0,0.0,short,short helix; 8-mer; H=67% E=0% P=0%; Pro=12%
peppc_4DH8_I,/home/igem/unknown_software/datasets/training_formatted_peppc/peppc_4DH8_I/peppc_4DH8_I_protein_pocket.pdb,/home/igem/unknown_software/datasets/training_formatted_peppc/peppc_4DH8_I/peppc_4DH8_I_peptide.pdb,TTYADFIASGRTGRRNAIHD,20,UNUSUAL,0.333,0.444,0.0,very_long,very_long unusual; 20-mer; H=33% E=44% P=0%; Pro=0%
peppcf_7RX8_A_105_112,/home/igem/unknown_software/datasets/training_formatted_peppc/peppcf_7RX8_A_105_112/peppcf_7RX8_A_105_112_protein_pocket.pdb,/home/igem/unknown_software/datasets/training_formatted_peppc/peppcf_7RX8_A_105_112/peppcf_7RX8_A_105_112_peptide.pdb,GHWLNHGK,8,SHEET,0.167,0.5,0.0,short,short sheet; 8-mer; H=17% E=50% P=0%; Pro=0%
peppcf_2HMJ_B_343_364,/home/igem/unknown_software/datasets/training_formatted_peppc/peppcf_2HMJ_B_343_364/peppcf_2HMJ_B_343_364_protein_pocket.pdb,/home/igem/unknown_software/datasets/training_formatted_peppc/peppcf_2HMJ_B_343_364/peppcf_2HMJ_B_343_364_peptide.pdb,RLADSVQRTVGPAGFWESDDND,22,HELIX,0.8,0.1,0.0,very_long,very_long helix; 22-mer; H=80% E=10% P=0%; Pro=4%
peppcf_2W07_B_101_108,/home/igem/unknown_software/datasets/training_formatted_peppc/peppcf_2W07_B_101_108/peppcf_2W07_B_101_108_protein_pocket.pdb,/home/igem/unknown_software/datasets/training_formatted_peppc/peppcf_2W07_B_101_108/peppcf_2W07_B_101_108_peptide.pdb,NVLQIALQ,8,SHEET,0.0,1.0,0.0,short,short sheet; 8-mer; H=0% E=100% P=0%; Pro=0%
peppcf_1LTA_B_32_39,/home/igem/unknown_software/datasets/training_formatted_peppc/peppcf_1LTA_B_32_39/peppcf_1LTA_B_32_39_protein_pocket.pdb,/home/igem/unknown_software/datasets/training_formatted_peppc/peppcf_1LTA_B_32_39/peppcf_1LTA_B_32_39_peptide.pdb,AGKREMVI,8,SHEET,0.0,0.667,0.0,short,short sheet; 8-mer; H=0% E=67% P=0%; Pro=0%
peppc_5UA5_B,/home/igem/unknown_software/datasets/training_formatted_peppc/peppc_5UA5_B/peppc_5UA5_B_protein_pocket.pdb,/home/igem/unknown_software/datasets/training_formatted_peppc/peppc_5UA5_B/peppc_5UA5_B_peptide.pdb,STKKLSECLKRIGDELDSN,19,HELIX,0.824,0.059,0.0,long,long helix; 19-mer; H=82% E=6% P=0%; Pro=0%
peppcf_5XOQ_A_35_42,/home/igem/unknown_software/datasets/training_formatted_peppc/peppcf_5XOQ_A_35_42/peppcf_5XOQ_A_35_42_protein_pocket.pdb,/home/igem/unknown_software/datasets/training_formatted_peppc/peppcf_5XOQ_A_35_42/peppcf_5XOQ_A_35_42_peptide.pdb,IEGRNPAY,8,UNUSUAL,0.333,0.167,0.0,short,short unusual; 8-mer; H=33% E=17% P=0%; Pro=12%
peppc_2ADV_B,/home/igem/unknown_software/datasets/training_formatted_peppc/peppc_2ADV_B/peppc_2ADV_B_protein_pocket.pdb,/home/igem/unknown_software/datasets/training_formatted_peppc/peppc_2ADV_B/peppc_2ADV_B_peptide.pdb,SNSWAVAPGKTANGNALLLQNPHLSWTT,28,SHEET,0.192,0.654,0.0,very_long,very_long sheet; 28-mer; H=19% E=65% P=0%; Pro=7%
peppc_3ZRJ_X,/home/igem/unknown_software/datasets/training_formatted_peppc/peppc_3ZRJ_X/peppc_3ZRJ_X_protein_pocket.pdb,/home/igem/unknown_software/datasets/training_formatted_peppc/peppc_3ZRJ_X/peppc_3ZRJ_X_peptide.pdb,QGSLLDEIMAQTRC,14,HELIX,0.833,0.167,0.0,long,long helix; 14-mer; H=83% E=17% P=0%; Pro=0%
peppc_1ATP_I,/home/igem/unknown_software/datasets/training_formatted_peppc/peppc_1ATP_I/peppc_1ATP_I_protein_pocket.pdb,/home/igem/unknown_software/datasets/training_formatted_peppc/peppc_1ATP_I/peppc_1ATP_I_peptide.pdb,TTYADFIASGRTGRRNAIHD,20,UNUSUAL,0.389,0.389,0.0,very_long,very_long unusual; 20-mer; H=39% E=39% P=0%; Pro=0%
peppc_7A1P_B,/home/igem/unknown_software/datasets/training_formatted_peppc/peppc_7A1P_B/peppc_7A1P_B_protein_pocket.pdb,/home/igem/unknown_software/datasets/training_formatted_peppc/peppc_7A1P_B/peppc_7A1P_B_peptide.pdb,EVVKLLLEAGADVNAQDK,18,SHEET,0.312,0.5,0.0,long,long sheet; 18-mer; H=31% E=50% P=0%; Pro=0%
peppcf_6O9H_C_123_130,/home/igem/unknown_software/datasets/training_formatted_peppc/peppcf_6O9H_C_123_130/peppcf_6O9H_C_123_130_protein_pocket.pdb,/home/igem/unknown_software/datasets/training_formatted_peppc/peppcf_6O9H_C_123_130/peppcf_6O9H_C_123_130_peptide.pdb,IFPPSSEQ,8,UNUSUAL,0.333,0.667,0.0,short,short unusual; 8-mer; H=33% E=67% P=0%; Pro=25%
peppc_3S5L_C,/home/igem/unknown_software/datasets/training_formatted_peppc/peppc_3S5L_C/peppc_3S5L_C_protein_pocket.pdb,/home/igem/unknown_software/datasets/training_formatted_peppc/peppc_3S5L_C/peppc_3S5L_C_peptide.pdb,PKYVKQNTLKLAT,13,SHEET,0.0,1.0,0.0,long,long sheet; 13-mer; H=0% E=100% P=0%; Pro=7%
peppcf_3EA5_A_147_154,/home/igem/unknown_software/datasets/training_formatted_peppc/peppcf_3EA5_A_147_154/peppcf_3EA5_A_147_154_protein_pocket.pdb,/home/igem/unknown_software/datasets/training_formatted_peppc/peppcf_3EA5_A_147_154/peppcf_3EA5_A_147_154_peptide.pdb,KSNYNFEK,8,UNUSUAL,0.333,0.167,0.0,short,short unusual; 8-mer; H=33% E=17% P=0%; Pro=0%
peppc_5ZCX_A,/home/igem/unknown_software/datasets/training_formatted_peppc/peppc_5ZCX_A/peppc_5ZCX_A_protein_pocket.pdb,/home/igem/unknown_software/datasets/training_formatted_peppc/peppc_5ZCX_A/peppc_5ZCX_A_peptide.pdb,TLTVQARQLLSGIVQQQNNLLRAIEAQQHLL,31,HELIX,1.0,0.0,0.0,very_long,very_long helix; 31-mer; H=100% E=0% P=0%; Pro=0%
peppc_5ET0_B,/home/igem/unknown_software/datasets/training_formatted_peppc/peppc_5ET0_B/peppc_5ET0_B_protein_pocket.pdb,/home/igem/unknown_software/datasets/training_formatted_peppc/peppc_5ET0_B/peppc_5ET0_B_peptide.pdb,GQIKVLDGEDQYYKCLSPGA,20,UNUSUAL,0.222,0.444,0.0,very_long,very_long unusual; 20-mer; H=22% E=44% P=0%; Pro=5%
peppc_5DI7_C,/home/igem/unknown_software/datasets/training_formatted_peppc/peppc_5DI7_C/peppc_5DI7_C_protein_pocket.pdb,/home/igem/unknown_software/datasets/training_formatted_peppc/peppc_5DI7_C/peppc_5DI7_C_peptide.pdb,HKILHRLLQD,10,HELIX,0.875,0.125,0.0,medium,medium helix; 10-mer; H=88% E=12% P=0%; Pro=0%
peppcf_8DXI_A_270_277,/home/igem/unknown_software/datasets/training_formatted_peppc/peppcf_8DXI_A_270_277/peppcf_8DXI_A_270_277_protein_pocket.pdb,/home/igem/unknown_software/datasets/training_formatted_peppc/peppcf_8DXI_A_270_277/peppcf_8DXI_A_270_277_peptide.pdb,LRGTKALT,8,SHEET,0.167,0.5,0.0,short,short sheet; 8-mer; H=17% E=50% P=0%; Pro=0%
peppc_5CX3_E,/home/igem/unknown_software/datasets/training_formatted_peppc/peppc_5CX3_E/peppc_5CX3_E_protein_pocket.pdb,/home/igem/unknown_software/datasets/training_formatted_peppc/peppc_5CX3_E/peppc_5CX3_E_peptide.pdb,RPPDDAVFDIITDEELCQIQ,20,SHEET,0.389,0.5,0.0,very_long,very_long sheet; 20-mer; H=39% E=50% P=0%; Pro=10%
peppc_6TYW_B,/home/igem/unknown_software/datasets/training_formatted_peppc/peppc_6TYW_B/peppc_6TYW_B_protein_pocket.pdb,/home/igem/unknown_software/datasets/training_formatted_peppc/peppc_6TYW_B/peppc_6TYW_B_peptide.pdb,ERKRILPTWMLAE,13,SHEET,0.273,0.636,0.0,long,long sheet; 13-mer; H=27% E=64% P=0%; Pro=7%
peppcf_1MDA_C_285_292,/home/igem/unknown_software/datasets/training_formatted_peppc/peppcf_1MDA_C_285_292/peppcf_1MDA_C_285_292_protein_pocket.pdb,/home/igem/unknown_software/datasets/training_formatted_peppc/peppcf_1MDA_C_285_292/peppcf_1MDA_C_285_292_peptide.pdb,HSRSCLAA,8,UNUSUAL,0.167,0.167,0.0,short,short unusual; 8-mer; H=17% E=17% P=0%; Pro=0%
peppcf_2NU8_B_267_274,/home/igem/unknown_software/datasets/training_formatted_peppc/peppcf_2NU8_B_267_274/peppcf_2NU8_B_267_274_protein_pocket.pdb,/home/igem/unknown_software/datasets/training_formatted_peppc/peppcf_2NU8_B_267_274/peppcf_2NU8_B_267_274_peptide.pdb,GLAMGTMD,8,HELIX,1.0,0.0,0.0,short,short helix; 8-mer; H=100% E=0% P=0%; Pro=0%
peppcf_5I18_A_102_109,/home/igem/unknown_software/datasets/training_formatted_peppc/peppcf_5I18_A_102_109/peppcf_5I18_A_102_109_protein_pocket.pdb,/home/igem/unknown_software/datasets/training_formatted_peppc/peppcf_5I18_A_102_109/peppcf_5I18_A_102_109_peptide.pdb,YGELDFWG,8,SHEET,0.167,0.667,0.0,short,short sheet; 8-mer; H=17% E=67% P=0%; Pro=0%
peppcf_8DBX_C_497_509,/home/igem/unknown_software/datasets/training_formatted_peppc/peppcf_8DBX_C_497_509/peppcf_8DBX_C_497_509_protein_pocket.pdb,/home/igem/unknown_software/datasets/training_formatted_peppc/peppcf_8DBX_C_497_509/peppcf_8DBX_C_497_509_peptide.pdb,VNSILERLDEETR,13,HELIX,0.909,0.0,0.0,long,long helix; 13-mer; H=91% E=0% P=0%; Pro=0%
peppcf_6UPQ_A_120_127,/home/igem/unknown_software/datasets/training_formatted_peppc/peppcf_6UPQ_A_120_127/peppcf_6UPQ_A_120_127_protein_pocket.pdb,/home/igem/unknown_software/datasets/training_formatted_peppc/peppcf_6UPQ_A_120_127/peppcf_6UPQ_A_120_127_peptide.pdb,HSLKSLDL,8,HELIX,0.5,0.333,0.0,short,short helix; 8-mer; H=50% E=33% P=0%; Pro=0%
peppcf_3EI3_A_19_29,/home/igem/unknown_software/datasets/training_formatted_peppc/peppcf_3EI3_A_19_29/peppcf_3EI3_A_19_29_protein_pocket.pdb,/home/igem/unknown_software/datasets/training_formatted_peppc/peppcf_3EI3_A_19_29/peppcf_3EI3_A_19_29_peptide.pdb,HAQLRQCLQEP,11,HELIX,1.0,0.0,0.0,medium,medium helix; 11-mer; H=100% E=0% P=0%; Pro=9%
peppcf_4IHF_B_299_306,/home/igem/unknown_software/datasets/training_formatted_peppc/peppcf_4IHF_B_299_306/peppcf_4IHF_B_299_306_protein_pocket.pdb,/home/igem/unknown_software/datasets/training_formatted_peppc/peppcf_4IHF_B_299_306/peppcf_4IHF_B_299_306_peptide.pdb,YSSGIPLQ,8,SHEET,0.0,0.833,0.0,short,short sheet; 8-mer; H=0% E=83% P=0%; Pro=12%
peppcf_7LKA_A_89_96,/home/igem/unknown_software/datasets/training_formatted_peppc/peppcf_7LKA_A_89_96/peppcf_7LKA_A_89_96_protein_pocket.pdb,/home/igem/unknown_software/datasets/training_formatted_peppc/peppcf_7LKA_A_89_96/peppcf_7LKA_A_89_96_peptide.pdb,QQLDSYPP,8,UNUSUAL,0.333,0.667,0.0,short,short unusual; 8-mer; H=33% E=67% P=0%; Pro=25%
peppcf_3NVY_B_146_153,/home/igem/unknown_software/datasets/training_formatted_peppc/peppcf_3NVY_B_146_153/peppcf_3NVY_B_146_153_protein_pocket.pdb,/home/igem/unknown_software/datasets/training_formatted_peppc/peppcf_3NVY_B_146_153/peppcf_3NVY_B_146_153_peptide.pdb,LCRCTGYR,8,HELIX,0.5,0.167,0.0,short,short helix; 8-mer; H=50% E=17% P=0%; Pro=0%
peppcf_4HB4_A_22_29,/home/igem/unknown_software/datasets/training_formatted_peppc/peppcf_4HB4_A_22_29/peppcf_4HB4_A_22_29_protein_pocket.pdb,/home/igem/unknown_software/datasets/training_formatted_peppc/peppcf_4HB4_A_22_29/peppcf_4HB4_A_22_29_peptide.pdb,KEWKERGT,8,SHEET,0.0,0.833,0.0,short,short sheet; 8-mer; H=0% E=83% P=0%; Pro=0%
peppcf_1UC4_B_49_72,/home/igem/unknown_software/datasets/training_formatted_peppc/peppcf_1UC4_B_49_72/peppcf_1UC4_B_49_72_protein_pocket.pdb,/home/igem/unknown_software/datasets/training_formatted_peppc/peppcf_1UC4_B_49_72/peppcf_1UC4_B_49_72_peptide.pdb,TLRLQASIAKDAGRDRLAMNFERA,24,HELIX,0.864,0.045,0.0,very_long,very_long helix; 24-mer; H=86% E=5% P=0%; Pro=0%
peppc_6YN1_J,/home/igem/unknown_software/datasets/training_formatted_peppc/peppc_6YN1_J/peppc_6YN1_J_protein_pocket.pdb,/home/igem/unknown_software/datasets/training_formatted_peppc/peppc_6YN1_J/peppc_6YN1_J_peptide.pdb,PNEYDLNDSFLDDEEEDYEPTDEDSDWEP,29,SHEET,0.222,0.63,0.0,very_long,very_long sheet; 29-mer; H=22% E=63% P=0%; Pro=10%
peppcf_4Q96_A_86_101,/home/igem/unknown_software/datasets/training_formatted_peppc/peppcf_4Q96_A_86_101/peppcf_4Q96_A_86_101_protein_pocket.pdb,/home/igem/unknown_software/datasets/training_formatted_peppc/peppcf_4Q96_A_86_101/peppcf_4Q96_A_86_101_peptide.pdb,FSHVAREADEGCKKPL,16,HELIX,0.929,0.0,0.0,long,long helix; 16-mer; H=93% E=0% P=0%; Pro=6%
peppcf_2XG5_A_139_147,/home/igem/unknown_software/datasets/training_formatted_peppc/peppcf_2XG5_A_139_147/peppcf_2XG5_A_139_147_protein_pocket.pdb,/home/igem/unknown_software/datasets/training_formatted_peppc/peppcf_2XG5_A_139_147/peppcf_2XG5_A_139_147_peptide.pdb,VLGFRVDYE,9,SHEET,0.0,1.0,0.0,medium,medium sheet; 9-mer; H=0% E=100% P=0%; Pro=0%
peppc_4N3B_B,/home/igem/unknown_software/datasets/training_formatted_peppc/peppc_4N3B_B/peppc_4N3B_B_protein_pocket.pdb,/home/igem/unknown_software/datasets/training_formatted_peppc/peppc_4N3B_B/peppc_4N3B_B_peptide.pdb,SNPPCQTHETGTTNTATTAT,20,SHEET,0.0,1.0,0.0,very_long,very_long sheet; 20-mer; H=0% E=100% P=0%; Pro=10%
peppcf_2XKO_B_115_123,/home/igem/unknown_software/datasets/training_formatted_peppc/peppcf_2XKO_B_115_123/peppcf_2XKO_B_115_123_protein_pocket.pdb,/home/igem/unknown_software/datasets/training_formatted_peppc/peppcf_2XKO_B_115_123/peppcf_2XKO_B_115_123_peptide.pdb,LSSRILQTE,9,HELIX,1.0,0.0,0.0,medium,medium helix; 9-mer; H=100% E=0% P=0%; Pro=0%
peppc_1JK8_C,/home/igem/unknown_software/datasets/training_formatted_peppc/peppc_1JK8_C/peppc_1JK8_C_protein_pocket.pdb,/home/igem/unknown_software/datasets/training_formatted_peppc/peppc_1JK8_C/peppc_1JK8_C_peptide.pdb,LVEALYLVCGERGG,14,SHEET,0.0,1.0,0.0,long,long sheet; 14-mer; H=0% E=100% P=0%; Pro=0%
peppcf_6PNP_B_71_79,/home/igem/unknown_software/datasets/training_formatted_peppc/peppcf_6PNP_B_71_79/peppcf_6PNP_B_71_79_protein_pocket.pdb,/home/igem/unknown_software/datasets/training_formatted_peppc/peppcf_6PNP_B_71_79/peppcf_6PNP_B_71_79_peptide.pdb,AFEALVEPV,9,SHEET,0.0,1.0,0.0,medium,medium sheet; 9-mer; H=0% E=100% P=0%; Pro=11%
peppc_3MVJ_J,/home/igem/unknown_software/datasets/training_formatted_peppc/peppc_3MVJ_J/peppc_3MVJ_J_protein_pocket.pdb,/home/igem/unknown_software/datasets/training_formatted_peppc/peppc_3MVJ_J/peppc_3MVJ_J_peptide.pdb,TTYADFIASGRTGRRNAIHD,20,UNUSUAL,0.333,0.333,0.0,very_long,very_long unusual; 20-mer; H=33% E=33% P=0%; Pro=0%
peppc_6R2I_B,/home/igem/unknown_software/datasets/training_formatted_peppc/peppc_6R2I_B/peppc_6R2I_B_protein_pocket.pdb,/home/igem/unknown_software/datasets/training_formatted_peppc/peppc_6R2I_B/peppc_6R2I_B_peptide.pdb,SPPPTWPHLQLCYLQPPPV,19,UNUSUAL,0.0,0.0,0.368,long,long unusual; 19-mer; H=0% E=0% P=37%; Pro=36%
peppc_3IPQ_B,/home/igem/unknown_software/datasets/training_formatted_peppc/peppc_3IPQ_B/peppc_3IPQ_B_protein_pocket.pdb,/home/igem/unknown_software/datasets/training_formatted_peppc/peppc_3IPQ_B/peppc_3IPQ_B_peptide.pdb,SLTERHKILHRLLQE,15,HELIX,0.846,0.0,0.0,long,long helix; 15-mer; H=85% E=0% P=0%; Pro=0%
peppcf_1M2T_A_207_215,/home/igem/unknown_software/datasets/training_formatted_peppc/peppcf_1M2T_A_207_215/peppcf_1M2T_A_207_215_protein_pocket.pdb,/home/igem/unknown_software/datasets/training_formatted_peppc/peppcf_1M2T_A_207_215/peppcf_1M2T_A_207_215_peptide.pdb,QHSTDGVFN,9,SHEET,0.0,0.571,0.0,medium,medium sheet; 9-mer; H=0% E=57% P=0%; Pro=0%
peppc_5OB2_D,/home/igem/unknown_software/datasets/training_formatted_peppc/peppc_5OB2_D/peppc_5OB2_D_protein_pocket.pdb,/home/igem/unknown_software/datasets/training_formatted_peppc/peppc_5OB2_D/peppc_5OB2_D_peptide.pdb,APPLPPRNRP,10,UNUSUAL,0.0,0.0,0.5,medium,medium unusual; 10-mer; H=0% E=0% P=50%; Pro=50%
peppc_1CJF_D,/home/igem/unknown_software/datasets/training_formatted_peppc/peppc_1CJF_D/peppc_1CJF_D_protein_pocket.pdb,/home/igem/unknown_software/datasets/training_formatted_peppc/peppc_1CJF_D/peppc_1CJF_D_peptide.pdb,PPPPPPPPPPPPPPP,15,UNUSUAL,0.0,0.0,1.0,long,long unusual; 15-mer; H=0% E=0% P=100%; Pro=100%
peppc_7EVR_B,/home/igem/unknown_software/datasets/training_formatted_peppc/peppc_7EVR_B/peppc_7EVR_B_protein_pocket.pdb,/home/igem/unknown_software/datasets/training_formatted_peppc/peppc_7EVR_B/peppc_7EVR_B_peptide.pdb,YPPGYPMQAYVDPSNPNAGKVLLPTP,26,UNUSUAL,0.167,0.667,0.0,very_long,very_long unusual; 26-mer; H=17% E=67% P=0%; Pro=26%
peppc_6OX5_Y,/home/igem/unknown_software/datasets/training_formatted_peppc/peppc_6OX5_Y/peppc_6OX5_Y_protein_pocket.pdb,/home/igem/unknown_software/datasets/training_formatted_peppc/peppc_6OX5_Y/peppc_6OX5_Y_peptide.pdb,TLKYPIEKGIVTNWDDME,18,SHEET,0.188,0.625,0.0,long,long sheet; 18-mer; H=19% E=62% P=0%; Pro=5%
peppcf_2HCJ_B_126_136,/home/igem/unknown_software/datasets/training_formatted_peppc/peppcf_2HCJ_B_126_136/peppcf_2HCJ_B_126_136_protein_pocket.pdb,/home/igem/unknown_software/datasets/training_formatted_peppc/peppcf_2HCJ_B_126_136/peppcf_2HCJ_B_126_136_peptide.pdb,EAKILELAGFL,11,HELIX,1.0,0.0,0.0,medium,medium helix; 11-mer; H=100% E=0% P=0%; Pro=0%
peppcf_2C1P_A_122_129,/home/igem/unknown_software/datasets/training_formatted_peppc/peppcf_2C1P_A_122_129/peppcf_2C1P_A_122_129_protein_pocket.pdb,/home/igem/unknown_software/datasets/training_formatted_peppc/peppcf_2C1P_A_122_129/peppcf_2C1P_A_122_129_peptide.pdb,IFPPSSEQ,8,UNUSUAL,0.333,0.667,0.0,short,short unusual; 8-mer; H=33% E=67% P=0%; Pro=25%
peppc_5G1X_B,/home/igem/unknown_software/datasets/training_formatted_peppc/peppc_5G1X_B/peppc_5G1X_B_protein_pocket.pdb,/home/igem/unknown_software/datasets/training_formatted_peppc/peppc_5G1X_B/peppc_5G1X_B_peptide.pdb,LSPSRGFAEHSSEPPSWVTEMLLENELWG,29,HELIX,0.481,0.407,0.0,very_long,very_long helix; 29-mer; H=48% E=41% P=0%; Pro=10%
peppcf_4B2D_C_398_410,/home/igem/unknown_software/datasets/training_formatted_peppc/peppcf_4B2D_C_398_410/peppcf_4B2D_C_398_410_protein_pocket.pdb,/home/igem/unknown_software/datasets/training_formatted_peppc/peppcf_4B2D_C_398_410/peppcf_4B2D_C_398_410_peptide.pdb,ATAVGAVEASFKC,13,HELIX,1.0,0.0,0.0,long,long helix; 13-mer; H=100% E=0% P=0%; Pro=0%
peppc_4C37_I,/home/igem/unknown_software/datasets/training_formatted_peppc/peppc_4C37_I/peppc_4C37_I_protein_pocket.pdb,/home/igem/unknown_software/datasets/training_formatted_peppc/peppc_4C37_I/peppc_4C37_I_peptide.pdb,TTYADFIASGRTGRRNAIHD,20,UNUSUAL,0.389,0.444,0.0,very_long,very_long unusual; 20-mer; H=39% E=44% P=0%; Pro=0%
peppc_4AK4_D,/home/igem/unknown_software/datasets/training_formatted_peppc/peppc_4AK4_D/peppc_4AK4_D_protein_pocket.pdb,/home/igem/unknown_software/datasets/training_formatted_peppc/peppc_4AK4_D/peppc_4AK4_D_peptide.pdb,SGISQTVIVGPWGAQ,15,SHEET,0.0,0.769,0.0,long,long sheet; 15-mer; H=0% E=77% P=0%; Pro=6%
peppcf_7KH6_A_53_60,/home/igem/unknown_software/datasets/training_formatted_peppc/peppcf_7KH6_A_53_60/peppcf_7KH6_A_53_60_protein_pocket.pdb,/home/igem/unknown_software/datasets/training_formatted_peppc/peppcf_7KH6_A_53_60/peppcf_7KH6_A_53_60_peptide.pdb,PFSDPLAD,8,UNUSUAL,0.167,0.333,0.0,short,short unusual; 8-mer; H=17% E=33% P=0%; Pro=25%
peppc_1AQD_C,/home/igem/unknown_software/datasets/training_formatted_peppc/peppc_1AQD_C/peppc_1AQD_C_protein_pocket.pdb,/home/igem/unknown_software/datasets/training_formatted_peppc/peppc_1AQD_C/peppc_1AQD_C_peptide.pdb,GSDWRFLRGYHQYA,14,SHEET,0.0,0.833,0.0,long,long sheet; 14-mer; H=0% E=83% P=0%; Pro=0%
peppc_5Q11_B,/home/igem/unknown_software/datasets/training_formatted_peppc/peppc_5Q11_B/peppc_5Q11_B_protein_pocket.pdb,/home/igem/unknown_software/datasets/training_formatted_peppc/peppc_5Q11_B/peppc_5Q11_B_peptide.pdb,DHQLLRYLLDKD,12,HELIX,0.7,0.1,0.0,medium,medium helix; 12-mer; H=70% E=10% P=0%; Pro=0%
peppcf_3ORV_B_86_93,/home/igem/unknown_software/datasets/training_formatted_peppc/peppcf_3ORV_B_86_93/peppcf_3ORV_B_86_93_protein_pocket.pdb,/home/igem/unknown_software/datasets/training_formatted_peppc/peppcf_3ORV_B_86_93/peppcf_3ORV_B_86_93_peptide.pdb,GELPVYRP,8,UNUSUAL,0.167,0.5,0.0,short,short unusual; 8-mer; H=17% E=50% P=0%; Pro=25%
peppc_6EJ7_B,/home/igem/unknown_software/datasets/training_formatted_peppc/peppc_6EJ7_B/peppc_6EJ7_B_protein_pocket.pdb,/home/igem/unknown_software/datasets/training_formatted_peppc/peppc_6EJ7_B/peppc_6EJ7_B_peptide.pdb,EEEGAGGGQG,10,UNUSUAL,0.125,0.375,0.0,medium,medium unusual; 10-mer; H=12% E=38% P=0%; Pro=0%
peppc_4F14_B,/home/igem/unknown_software/datasets/training_formatted_peppc/peppc_4F14_B/peppc_4F14_B_protein_pocket.pdb,/home/igem/unknown_software/datasets/training_formatted_peppc/peppc_4F14_B/peppc_4F14_B_peptide.pdb,PPPTLPKPKLP,11,UNUSUAL,0.0,0.0,0.545,medium,medium unusual; 11-mer; H=0% E=0% P=55%; Pro=54%
peppc_2D1X_P,/home/igem/unknown_software/datasets/training_formatted_peppc/peppc_2D1X_P/peppc_2D1X_P_protein_pocket.pdb,/home/igem/unknown_software/datasets/training_formatted_peppc/peppc_2D1X_P/peppc_2D1X_P_peptide.pdb,KRPPPPPPG,9,UNUSUAL,0.0,0.0,0.667,medium,medium unusual; 9-mer; H=0% E=0% P=67%; Pro=66%
peppcf_7LTS_B_135_144,/home/igem/unknown_software/datasets/training_formatted_peppc/peppcf_7LTS_B_135_144/peppcf_7LTS_B_135_144_protein_pocket.pdb,/home/igem/unknown_software/datasets/training_formatted_peppc/peppcf_7LTS_B_135_144/peppcf_7LTS_B_135_144_peptide.pdb,DPGNSGHQSF,10,UNUSUAL,0.375,0.375,0.0,medium,medium unusual; 10-mer; H=38% E=38% P=0%; Pro=10%
peppcf_8AYZ_B_247_254,/home/igem/unknown_software/datasets/training_formatted_peppc/peppcf_8AYZ_B_247_254/peppcf_8AYZ_B_247_254_protein_pocket.pdb,/home/igem/unknown_software/datasets/training_formatted_peppc/peppcf_8AYZ_B_247_254/peppcf_8AYZ_B_247_254_peptide.pdb,CPRPPRAV,8,UNUSUAL,0.0,0.0,0.375,short,short unusual; 8-mer; H=0% E=0% P=38%; Pro=37%
peppcf_7KQF_A_128_135,/home/igem/unknown_software/datasets/training_formatted_peppc/peppcf_7KQF_A_128_135/peppcf_7KQF_A_128_135_protein_pocket.pdb,/home/igem/unknown_software/datasets/training_formatted_peppc/peppcf_7KQF_A_128_135/peppcf_7KQF_A_128_135_peptide.pdb,VADVPVEE,8,HELIX,0.5,0.333,0.0,short,short helix; 8-mer; H=50% E=33% P=0%; Pro=12%
peppcf_6T40_A_24_34,/home/igem/unknown_software/datasets/training_formatted_peppc/peppcf_6T40_A_24_34/peppcf_6T40_A_24_34_protein_pocket.pdb,/home/igem/unknown_software/datasets/training_formatted_peppc/peppcf_6T40_A_24_34/peppcf_6T40_A_24_34_peptide.pdb,DFTQDPEKFTR,11,UNUSUAL,0.333,0.444,0.0,medium,medium unusual; 11-mer; H=33% E=44% P=0%; Pro=9%
peppcf_1FZ2_C_438_445,/home/igem/unknown_software/datasets/training_formatted_peppc/peppcf_1FZ2_C_438_445/peppcf_1FZ2_C_438_445_protein_pocket.pdb,/home/igem/unknown_software/datasets/training_formatted_peppc/peppcf_1FZ2_C_438_445/peppcf_1FZ2_C_438_445_peptide.pdb,RMWLAEPE,8,HELIX,0.833,0.0,0.0,short,short helix; 8-mer; H=83% E=0% P=0%; Pro=12%
peppcf_3V4Y_B_283_290,/home/igem/unknown_software/datasets/training_formatted_peppc/peppcf_3V4Y_B_283_290/peppcf_3V4Y_B_283_290_protein_pocket.pdb,/home/igem/unknown_software/datasets/training_formatted_peppc/peppcf_3V4Y_B_283_290/peppcf_3V4Y_B_283_290_peptide.pdb,LMCSFQIL,8,SHEET,0.0,1.0,0.0,short,short sheet; 8-mer; H=0% E=100% P=0%; Pro=0%
peppc_6E4Y_P,/home/igem/unknown_software/datasets/training_formatted_peppc/peppc_6E4Y_P/peppc_6E4Y_P_protein_pocket.pdb,/home/igem/unknown_software/datasets/training_formatted_peppc/peppc_6E4Y_P/peppc_6E4Y_P_peptide.pdb,DGDYEELVLALRSE,14,HELIX,0.75,0.167,0.0,long,long helix; 14-mer; H=75% E=17% P=0%; Pro=0%
peppc_5M0U_B,/home/igem/unknown_software/datasets/training_formatted_peppc/peppc_5M0U_B/peppc_5M0U_B_protein_pocket.pdb,/home/igem/unknown_software/datasets/training_formatted_peppc/peppc_5M0U_B/peppc_5M0U_B_peptide.pdb,TTYADFIASGRTGRRNAIHD,20,HELIX,0.5,0.389,0.0,very_long,very_long helix; 20-mer; H=50% E=39% P=0%; Pro=0%
peppcf_6OKC_B_110_121,/home/igem/unknown_software/datasets/training_formatted_peppc/peppcf_6OKC_B_110_121/peppcf_6OKC_B_110_121_protein_pocket.pdb,/home/igem/unknown_software/datasets/training_formatted_peppc/peppcf_6OKC_B_110_121/peppcf_6OKC_B_110_121_peptide.pdb,PRFQVFGADAMR,12,HELIX,1.0,0.0,0.0,medium,medium helix; 12-mer; H=100% E=0% P=0%; Pro=8%
peppc_4N8C_X,/home/igem/unknown_software/datasets/training_formatted_peppc/peppc_4N8C_X/peppc_4N8C_X_protein_pocket.pdb,/home/igem/unknown_software/datasets/training_formatted_peppc/peppc_4N8C_X/peppc_4N8C_X_peptide.pdb,SLLTEVETPIRNEWG,15,UNUSUAL,0.385,0.462,0.0,long,long unusual; 15-mer; H=38% E=46% P=0%; Pro=6%
peppc_5O8K_B,/home/igem/unknown_software/datasets/training_formatted_peppc/peppc_5O8K_B/peppc_5O8K_B_protein_pocket.pdb,/home/igem/unknown_software/datasets/training_formatted_peppc/peppc_5O8K_B/peppc_5O8K_B_peptide.pdb,ANILKPLMSPPSREEIMATLL,21,HELIX,0.474,0.474,0.0,very_long,very_long helix; 21-mer; H=47% E=47% P=0%; Pro=14%
peppc_4ERY_D,/home/igem/unknown_software/datasets/training_formatted_peppc/peppc_4ERY_D/peppc_4ERY_D_protein_pocket.pdb,/home/igem/unknown_software/datasets/training_formatted_peppc/peppc_4ERY_D/peppc_4ERY_D_peptide.pdb,VNPTGCARSEPKMS,14,SHEET,0.333,0.5,0.0,long,long sheet; 14-mer; H=33% E=50% P=0%; Pro=14%
peppcf_5N4C_A_19_32,/home/igem/unknown_software/datasets/training_formatted_peppc/peppcf_5N4C_A_19_32/peppcf_5N4C_A_19_32_protein_pocket.pdb,/home/igem/unknown_software/datasets/training_formatted_peppc/peppcf_5N4C_A_19_32/peppcf_5N4C_A_19_32_peptide.pdb,EHVDQTLASGNDIC,14,UNUSUAL,0.333,0.083,0.0,long,long unusual; 14-mer; H=33% E=8% P=0%; Pro=0%
peppcf_8AYX_B_15_25,/home/igem/unknown_software/datasets/training_formatted_peppc/peppcf_8AYX_B_15_25/peppcf_8AYX_B_15_25_protein_pocket.pdb,/home/igem/unknown_software/datasets/training_formatted_peppc/peppcf_8AYX_B_15_25/peppcf_8AYX_B_15_25_peptide.pdb,TSDNYQSPCAI,11,SHEET,0.111,0.778,0.0,medium,medium sheet; 11-mer; H=11% E=78% P=0%; Pro=9%
peppcf_1JYO_E_15_31,/home/igem/unknown_software/datasets/training_formatted_peppc/peppcf_1JYO_E_15_31/peppcf_1JYO_E_15_31_protein_pocket.pdb,/home/igem/unknown_software/datasets/training_formatted_peppc/peppcf_1JYO_E_15_31/peppcf_1JYO_E_15_31_peptide.pdb,LGLPLTFDDNNQCLLLL,17,SHEET,0.067,0.667,0.0,long,long sheet; 17-mer; H=7% E=67% P=0%; Pro=5%
peppc_4FDD_B,/home/igem/unknown_software/datasets/training_formatted_peppc/peppc_4FDD_B/peppc_4FDD_B_protein_pocket.pdb,/home/igem/unknown_software/datasets/training_formatted_peppc/peppc_4FDD_B/peppc_4FDD_B_peptide.pdb,GPGKMDSRGEHRQDRRERPY,20,HELIX,0.5,0.389,0.0,very_long,very_long helix; 20-mer; H=50% E=39% P=0%; Pro=10%
peppcf_2H9E_A_37_52,/home/igem/unknown_software/datasets/training_formatted_peppc/peppcf_2H9E_A_37_52/peppcf_2H9E_A_37_52_protein_pocket.pdb,/home/igem/unknown_software/datasets/training_formatted_peppc/peppcf_2H9E_A_37_52/peppcf_2H9E_A_37_52_peptide.pdb,EDCELDNMDFIYPGTR,16,UNUSUAL,0.357,0.357,0.0,long,long unusual; 16-mer; H=36% E=36% P=0%; Pro=6%
peppc_2XUM_S,/home/igem/unknown_software/datasets/training_formatted_peppc/peppc_2XUM_S/peppc_2XUM_S_protein_pocket.pdb,/home/igem/unknown_software/datasets/training_formatted_peppc/peppc_2XUM_S/peppc_2XUM_S_peptide.pdb,EVVKLLLEHGADVDAQDK,18,UNUSUAL,0.375,0.438,0.0,long,long unusual; 18-mer; H=38% E=44% P=0%; Pro=0%
peppcf_3DYA_B_530_540,/home/igem/unknown_software/datasets/training_formatted_peppc/peppcf_3DYA_B_530_540/peppcf_3DYA_B_530_540_protein_pocket.pdb,/home/igem/unknown_software/datasets/training_formatted_peppc/peppcf_3DYA_B_530_540/peppcf_3DYA_B_530_540_peptide.pdb,AWVPAHKGIGG,11,SHEET,0.0,0.556,0.0,medium,medium sheet; 11-mer; H=0% E=56% P=0%; Pro=9%
peppc_2OJF_I,/home/igem/unknown_software/datasets/training_formatted_peppc/peppc_2OJF_I/peppc_2OJF_I_protein_pocket.pdb,/home/igem/unknown_software/datasets/training_formatted_peppc/peppc_2OJF_I/peppc_2OJF_I_peptide.pdb,TTYADFIASGRTGRRNAIHD,20,UNUSUAL,0.333,0.389,0.0,very_long,very_long unusual; 20-mer; H=33% E=39% P=0%; Pro=0%
peppc_4XW6_B,/home/igem/unknown_software/datasets/training_formatted_peppc/peppc_4XW6_B/peppc_4XW6_B_protein_pocket.pdb,/home/igem/unknown_software/datasets/training_formatted_peppc/peppc_4XW6_B/peppc_4XW6_B_peptide.pdb,TTYADFIASGRTGRRACIHD,20,UNUSUAL,0.333,0.389,0.0,very_long,very_long unusual; 20-mer; H=33% E=39% P=0%; Pro=0%
peppc_2HPZ_B,/home/igem/unknown_software/datasets/training_formatted_peppc/peppc_2HPZ_B/peppc_2HPZ_B_protein_pocket.pdb,/home/igem/unknown_software/datasets/training_formatted_peppc/peppc_2HPZ_B/peppc_2HPZ_B_peptide.pdb,KLKLLVVIRLK,11,UNUSUAL,0.0,0.333,0.0,medium,medium unusual; 11-mer; H=0% E=33% P=0%; Pro=0%
peppcf_5O74_A_32_39,/home/igem/unknown_software/datasets/training_formatted_peppc/peppcf_5O74_A_32_39/peppcf_5O74_A_32_39_protein_pocket.pdb,/home/igem/unknown_software/datasets/training_formatted_peppc/peppcf_5O74_A_32_39/peppcf_5O74_A_32_39_peptide.pdb,ESYISTIG,8,HELIX,0.833,0.0,0.0,short,short helix; 8-mer; H=83% E=0% P=0%; Pro=0%
peppc_1SSH_B,/home/igem/unknown_software/datasets/training_formatted_peppc/peppc_1SSH_B/peppc_1SSH_B_protein_pocket.pdb,/home/igem/unknown_software/datasets/training_formatted_peppc/peppc_1SSH_B/peppc_1SSH_B_peptide.pdb,GPPPAMPARPT,11,UNUSUAL,0.0,0.0,0.455,medium,medium unusual; 11-mer; H=0% E=0% P=45%; Pro=45%
peppcf_1SB2_A_67_77,/home/igem/unknown_software/datasets/training_formatted_peppc/peppcf_1SB2_A_67_77/peppcf_1SB2_A_67_77_protein_pocket.pdb,/home/igem/unknown_software/datasets/training_formatted_peppc/peppcf_1SB2_A_67_77/peppcf_1SB2_A_67_77_peptide.pdb,GLTERNLKWTN,11,SHEET,0.111,0.889,0.0,medium,medium sheet; 11-mer; H=11% E=89% P=0%; Pro=0%
peppc_2UZV_A,/home/igem/unknown_software/datasets/training_formatted_peppc/peppc_2UZV_A/peppc_2UZV_A_protein_pocket.pdb,/home/igem/unknown_software/datasets/training_formatted_peppc/peppc_2UZV_A/peppc_2UZV_A_peptide.pdb,TTYADFIASGRTGRRNAIHD,20,UNUSUAL,0.389,0.389,0.0,very_long,very_long unusual; 20-mer; H=39% E=39% P=0%; Pro=0%
peppcf_5C67_A_9_16,/home/igem/unknown_software/datasets/training_formatted_peppc/peppcf_5C67_A_9_16/peppcf_5C67_A_9_16_protein_pocket.pdb,/home/igem/unknown_software/datasets/training_formatted_peppc/peppcf_5C67_A_9_16/peppcf_5C67_A_9_16_peptide.pdb,TGPCRAGF,8,UNUSUAL,0.167,0.333,0.0,short,short unusual; 8-mer; H=17% E=33% P=0%; Pro=12%
peppcf_3POT_A_235_245,/home/igem/unknown_software/datasets/training_formatted_peppc/peppcf_3POT_A_235_245/peppcf_3POT_A_235_245_protein_pocket.pdb,/home/igem/unknown_software/datasets/training_formatted_peppc/peppcf_3POT_A_235_245/peppcf_3POT_A_235_245_peptide.pdb,RIHVLRSQGGF,11,HELIX,1.0,0.0,0.0,medium,medium helix; 11-mer; H=100% E=0% P=0%; Pro=0%
peppc_5H3J_B,/home/igem/unknown_software/datasets/training_formatted_peppc/peppc_5H3J_B/peppc_5H3J_B_protein_pocket.pdb,/home/igem/unknown_software/datasets/training_formatted_peppc/peppc_5H3J_B/peppc_5H3J_B_peptide.pdb,TRYENITFNCCNHCQGELIAL,21,SHEET,0.053,0.579,0.0,very_long,very_long sheet; 21-mer; H=5% E=58% P=0%; Pro=0%
peppc_5FGC_A,/home/igem/unknown_software/datasets/training_formatted_peppc/peppc_5FGC_A/peppc_5FGC_A_protein_pocket.pdb,/home/igem/unknown_software/datasets/training_formatted_peppc/peppc_5FGC_A/peppc_5FGC_A_peptide.pdb,NTNGSWHIN,9,UNUSUAL,0.143,0.429,0.0,medium,medium unusual; 9-mer; H=14% E=43% P=0%; Pro=0%
peppcf_4UZY_A_7_26,/home/igem/unknown_software/datasets/training_formatted_peppc/peppcf_4UZY_A_7_26/peppcf_4UZY_A_7_26_protein_pocket.pdb,/home/igem/unknown_software/datasets/training_formatted_peppc/peppcf_4UZY_A_7_26/peppcf_4UZY_A_7_26_peptide.pdb,FETPLPPLQPAVFPPTIREP,20,UNUSUAL,0.0,0.0,0.35,very_long,very_long unusual; 20-mer; H=0% E=0% P=35%; Pro=35%
peppc_1PYU_C,/home/igem/unknown_software/datasets/training_formatted_peppc/peppc_1PYU_C/peppc_1PYU_C_protein_pocket.pdb,/home/igem/unknown_software/datasets/training_formatted_peppc/peppc_1PYU_C/peppc_1PYU_C_peptide.pdb,MIRTMLQGKLHRVKVTHADLHYEG,24,SHEET,0.091,0.818,0.0,very_long,very_long sheet; 24-mer; H=9% E=82% P=0%; Pro=0%
peppc_3L9L_C,/home/igem/unknown_software/datasets/training_formatted_peppc/peppc_3L9L_C/peppc_3L9L_C_protein_pocket.pdb,/home/igem/unknown_software/datasets/training_formatted_peppc/peppc_3L9L_C/peppc_3L9L_C_peptide.pdb,TTYADFIASGRTGRRNAIH,19,HELIX,0.412,0.353,0.0,long,long helix; 19-mer; H=41% E=35% P=0%; Pro=0%
peppcf_8A67_D_102_109,/home/igem/unknown_software/datasets/training_formatted_peppc/peppcf_8A67_D_102_109/peppcf_8A67_D_102_109_protein_pocket.pdb,/home/igem/unknown_software/datasets/training_formatted_peppc/peppcf_8A67_D_102_109/peppcf_8A67_D_102_109_peptide.pdb,GWIYYLYW,8,SHEET,0.167,0.833,0.0,short,short sheet; 8-mer; H=17% E=83% P=0%; Pro=0%
peppc_2IHS_C,/home/igem/unknown_software/datasets/training_formatted_peppc/peppc_2IHS_C/peppc_2IHS_C_protein_pocket.pdb,/home/igem/unknown_software/datasets/training_formatted_peppc/peppc_2IHS_C/peppc_2IHS_C_peptide.pdb,DINNNNNIVEDVERK,15,UNUSUAL,0.385,0.385,0.0,long,long unusual; 15-mer; H=38% E=38% P=0%; Pro=0%
peppc_5H94_C,/home/igem/unknown_software/datasets/training_formatted_peppc/peppc_5H94_C/peppc_5H94_C_protein_pocket.pdb,/home/igem/unknown_software/datasets/training_formatted_peppc/peppc_5H94_C/peppc_5H94_C_peptide.pdb,KMNTQFTAV,9,SHEET,0.0,0.857,0.0,medium,medium sheet; 9-mer; H=0% E=86% P=0%; Pro=0%
peppcf_2R40_B_188_203,/home/igem/unknown_software/datasets/training_formatted_peppc/peppcf_2R40_B_188_203/peppcf_2R40_B_188_203_protein_pocket.pdb,/home/igem/unknown_software/datasets/training_formatted_peppc/peppcf_2R40_B_188_203/peppcf_2R40_B_188_203_peptide.pdb,AVIFGKILGILTEIRT,16,HELIX,1.0,0.0,0.0,long,long helix; 16-mer; H=100% E=0% P=0%; Pro=0%
peppc_7EM9_C,/home/igem/unknown_software/datasets/training_formatted_peppc/peppc_7EM9_C/peppc_7EM9_C_protein_pocket.pdb,/home/igem/unknown_software/datasets/training_formatted_peppc/peppc_7EM9_C/peppc_7EM9_C_peptide.pdb,SLDEYSSDV,9,SHEET,0.143,0.857,0.0,medium,medium sheet; 9-mer; H=14% E=86% P=0%; Pro=0%
peppc_3DNE_I,/home/igem/unknown_software/datasets/training_formatted_peppc/peppc_3DNE_I/peppc_3DNE_I_protein_pocket.pdb,/home/igem/unknown_software/datasets/training_formatted_peppc/peppc_3DNE_I/peppc_3DNE_I_peptide.pdb,TTYADFIASGRTGRRNAIHD,20,UNUSUAL,0.333,0.444,0.0,very_long,very_long unusual; 20-mer; H=33% E=44% P=0%; Pro=0%
peppcf_5AEU_B_23_35,/home/igem/unknown_software/datasets/training_formatted_peppc/peppcf_5AEU_B_23_35/peppcf_5AEU_B_23_35_protein_pocket.pdb,/home/igem/unknown_software/datasets/training_formatted_peppc/peppcf_5AEU_B_23_35/peppcf_5AEU_B_23_35_peptide.pdb,QFYYREAQLLDHR,13,HELIX,0.909,0.0,0.0,long,long helix; 13-mer; H=91% E=0% P=0%; Pro=0%
peppcf_5AEU_A_23_35,/home/igem/unknown_software/datasets/training_formatted_peppc/peppcf_5AEU_A_23_35/peppcf_5AEU_A_23_35_protein_pocket.pdb,/home/igem/unknown_software/datasets/training_formatted_peppc/peppcf_5AEU_A_23_35/peppcf_5AEU_A_23_35_peptide.pdb,QFYYREAQLLDHR,13,HELIX,0.909,0.0,0.0,long,long helix; 13-mer; H=91% E=0% P=0%; Pro=0%
peppcf_1G65_A_112_120,/home/igem/unknown_software/datasets/training_formatted_peppc/peppcf_1G65_A_112_120/peppcf_1G65_A_112_120_protein_pocket.pdb,/home/igem/unknown_software/datasets/training_formatted_peppc/peppcf_1G65_A_112_120/peppcf_1G65_A_112_120_peptide.pdb,TIPLGGSVH,9,SHEET,0.143,0.571,0.0,medium,medium sheet; 9-mer; H=14% E=57% P=0%; Pro=11%
peppcf_6R8K_A_68_75,/home/igem/unknown_software/datasets/training_formatted_peppc/peppcf_6R8K_A_68_75/peppcf_6R8K_A_68_75_protein_pocket.pdb,/home/igem/unknown_software/datasets/training_formatted_peppc/peppcf_6R8K_A_68_75/peppcf_6R8K_A_68_75_peptide.pdb,LLQVSQAK,8,SHEET,0.0,0.833,0.0,short,short sheet; 8-mer; H=0% E=83% P=0%; Pro=0%
peppcf_3M30_A_156_163,/home/igem/unknown_software/datasets/training_formatted_peppc/peppcf_3M30_A_156_163/peppcf_3M30_A_156_163_protein_pocket.pdb,/home/igem/unknown_software/datasets/training_formatted_peppc/peppcf_3M30_A_156_163/peppcf_3M30_A_156_163_peptide.pdb,GHSLRLDE,8,SHEET,0.167,0.667,0.0,short,short sheet; 8-mer; H=17% E=67% P=0%; Pro=0%
peppcf_3M3Z_A_69_76,/home/igem/unknown_software/datasets/training_formatted_peppc/peppcf_3M3Z_A_69_76/peppcf_3M3Z_A_69_76_protein_pocket.pdb,/home/igem/unknown_software/datasets/training_formatted_peppc/peppcf_3M3Z_A_69_76/peppcf_3M3Z_A_69_76_peptide.pdb,LEEIDTLI,8,HELIX,0.667,0.167,0.0,short,short helix; 8-mer; H=67% E=17% P=0%; Pro=0%
peppcf_2HCJ_A_15_25,/home/igem/unknown_software/datasets/training_formatted_peppc/peppcf_2HCJ_A_15_25/peppcf_2HCJ_A_15_25_protein_pocket.pdb,/home/igem/unknown_software/datasets/training_formatted_peppc/peppcf_2HCJ_A_15_25/peppcf_2HCJ_A_15_25_peptide.pdb,HGKTTLTAAIT,11,HELIX,0.889,0.0,0.0,medium,medium helix; 11-mer; H=89% E=0% P=0%; Pro=0%
peppcf_6Y0A_A_140_147,/home/igem/unknown_software/datasets/training_formatted_peppc/peppcf_6Y0A_A_140_147/peppcf_6Y0A_A_140_147_protein_pocket.pdb,/home/igem/unknown_software/datasets/training_formatted_peppc/peppcf_6Y0A_A_140_147/peppcf_6Y0A_A_140_147_peptide.pdb,ECEFYLLE,8,HELIX,1.0,0.0,0.0,short,short helix; 8-mer; H=100% E=0% P=0%; Pro=0%
peppc_2NNU_B,/home/igem/unknown_software/datasets/training_formatted_peppc/peppc_2NNU_B/peppc_2NNU_B_protein_pocket.pdb,/home/igem/unknown_software/datasets/training_formatted_peppc/peppc_2NNU_B/peppc_2NNU_B_peptide.pdb,ATIDMNFQSDLLSIFEENLF,20,HELIX,0.611,0.222,0.0,very_long,very_long helix; 20-mer; H=61% E=22% P=0%; Pro=0%
peppc_4OV5_C,/home/igem/unknown_software/datasets/training_formatted_peppc/peppc_4OV5_C/peppc_4OV5_C_protein_pocket.pdb,/home/igem/unknown_software/datasets/training_formatted_peppc/peppc_4OV5_C/peppc_4OV5_C_peptide.pdb,GSDARFLRGYHLYA,14,SHEET,0.0,0.833,0.0,long,long sheet; 14-mer; H=0% E=83% P=0%; Pro=0%
peppcf_3EDX_A_9_21,/home/igem/unknown_software/datasets/training_formatted_peppc/peppcf_3EDX_A_9_21/peppcf_3EDX_A_9_21_protein_pocket.pdb,/home/igem/unknown_software/datasets/training_formatted_peppc/peppcf_3EDX_A_9_21/peppcf_3EDX_A_9_21_peptide.pdb,TFGLGEADCGLRP,13,UNUSUAL,0.273,0.364,0.0,long,long unusual; 13-mer; H=27% E=36% P=0%; Pro=7%
peppc_6DAD_C,/home/igem/unknown_software/datasets/training_formatted_peppc/peppc_6DAD_C/peppc_6DAD_C_protein_pocket.pdb,/home/igem/unknown_software/datasets/training_formatted_peppc/peppc_6DAD_C/peppc_6DAD_C_peptide.pdb,VTVGKFYATFLIQEYFRKFKKRKEQ,25,HELIX,1.0,0.0,0.0,very_long,very_long helix; 25-mer; H=100% E=0% P=0%; Pro=0%
peppc_4XO9_B,/home/igem/unknown_software/datasets/training_formatted_peppc/peppc_4XO9_B/peppc_4XO9_B_protein_pocket.pdb,/home/igem/unknown_software/datasets/training_formatted_peppc/peppc_4XO9_B/peppc_4XO9_B_peptide.pdb,ADVTITVNGKVVA,13,SHEET,0.091,0.909,0.0,long,long sheet; 13-mer; H=9% E=91% P=0%; Pro=0%
peppc_6G86_C,/home/igem/unknown_software/datasets/training_formatted_peppc/peppc_6G86_C/peppc_6G86_C_protein_pocket.pdb,/home/igem/unknown_software/datasets/training_formatted_peppc/peppc_6G86_C/peppc_6G86_C_peptide.pdb,SFKNAPLLAPP,11,UNUSUAL,0.111,0.556,0.0,medium,medium unusual; 11-mer; H=11% E=56% P=0%; Pro=27%
peppcf_2BBK_A_39_46,/home/igem/unknown_software/datasets/training_formatted_peppc/peppcf_2BBK_A_39_46/peppcf_2BBK_A_39_46_protein_pocket.pdb,/home/igem/unknown_software/datasets/training_formatted_peppc/peppcf_2BBK_A_39_46/peppcf_2BBK_A_39_46_peptide.pdb,NCPPGTKL,8,UNUSUAL,0.0,0.833,0.0,short,short unusual; 8-mer; H=0% E=83% P=0%; Pro=25%
peppc_1HXL_C,/home/igem/unknown_software/datasets/training_formatted_peppc/peppc_1HXL_C/peppc_1HXL_C_protein_pocket.pdb,/home/igem/unknown_software/datasets/training_formatted_peppc/peppc_1HXL_C/peppc_1HXL_C_peptide.pdb,RCCHPQCGMAEEC,13,UNUSUAL,0.182,0.455,0.0,long,long unusual; 13-mer; H=18% E=45% P=0%; Pro=7%
peppc_1AWI_P,/home/igem/unknown_software/datasets/training_formatted_peppc/peppc_1AWI_P/peppc_1AWI_P_protein_pocket.pdb,/home/igem/unknown_software/datasets/training_formatted_peppc/peppc_1AWI_P/peppc_1AWI_P_peptide.pdb,PPPPPPPPPP,10,UNUSUAL,0.0,0.0,1.0,medium,medium unusual; 10-mer; H=0% E=0% P=100%; Pro=100%
peppcf_3FN1_B_9_20,/home/igem/unknown_software/datasets/training_formatted_peppc/peppcf_3FN1_B_9_20/peppcf_3FN1_B_9_20_protein_pocket.pdb,/home/igem/unknown_software/datasets/training_formatted_peppc/peppcf_3FN1_B_9_20/peppcf_3FN1_B_9_20_peptide.pdb,DKLLVKEVAELE,12,HELIX,0.9,0.0,0.0,medium,medium helix; 12-mer; H=90% E=0% P=0%; Pro=0%
peppc_7SG5_A,/home/igem/unknown_software/datasets/training_formatted_peppc/peppc_7SG5_A/peppc_7SG5_A_protein_pocket.pdb,/home/igem/unknown_software/datasets/training_formatted_peppc/peppc_7SG5_A/peppc_7SG5_A_peptide.pdb,NPDPNANPNVDPN,13,UNUSUAL,0.0,0.0,0.308,long,long unusual; 13-mer; H=0% E=0% P=31%; Pro=30%
peppc_3OY5_P,/home/igem/unknown_software/datasets/training_formatted_peppc/peppc_3OY5_P/peppc_3OY5_P_protein_pocket.pdb,/home/igem/unknown_software/datasets/training_formatted_peppc/peppc_3OY5_P/peppc_3OY5_P_peptide.pdb,DGACSWRGLENHAMC,15,UNUSUAL,0.231,0.385,0.0,long,long unusual; 15-mer; H=23% E=38% P=0%; Pro=0%
peppc_6KU0_B,/home/igem/unknown_software/datasets/training_formatted_peppc/peppc_6KU0_B/peppc_6KU0_B_protein_pocket.pdb,/home/igem/unknown_software/datasets/training_formatted_peppc/peppc_6KU0_B/peppc_6KU0_B_peptide.pdb,QPTRRQIRLSSPERQRLSSLNLT,23,SHEET,0.381,0.524,0.0,very_long,very_long sheet; 23-mer; H=38% E=52% P=0%; Pro=8%
peppcf_2VSS_E_212_232,/home/igem/unknown_software/datasets/training_formatted_peppc/peppcf_2VSS_E_212_232/peppcf_2VSS_E_212_232_protein_pocket.pdb,/home/igem/unknown_software/datasets/training_formatted_peppc/peppcf_2VSS_E_212_232/peppcf_2VSS_E_212_232_peptide.pdb,VLRAAKHGFKRCRELTWEQNE,21,HELIX,0.842,0.105,0.0,very_long,very_long helix; 21-mer; H=84% E=11% P=0%; Pro=0%
peppcf_1TII_E_27_35,/home/igem/unknown_software/datasets/training_formatted_peppc/peppcf_1TII_E_27_35/peppcf_1TII_E_27_35_protein_pocket.pdb,/home/igem/unknown_software/datasets/training_formatted_peppc/peppcf_1TII_E_27_35/peppcf_1TII_E_27_35_peptide.pdb,ISDINNNTD,9,UNUSUAL,0.286,0.429,0.0,medium,medium unusual; 9-mer; H=29% E=43% P=0%; Pro=0%
peppcf_6Q9J_A_122_129,/home/igem/unknown_software/datasets/training_formatted_peppc/peppcf_6Q9J_A_122_129/peppcf_6Q9J_A_122_129_protein_pocket.pdb,/home/igem/unknown_software/datasets/training_formatted_peppc/peppcf_6Q9J_A_122_129/peppcf_6Q9J_A_122_129_peptide.pdb,QCLSACSE,8,UNUSUAL,0.333,0.0,0.0,short,short unusual; 8-mer; H=33% E=0% P=0%; Pro=0%
peppcf_3K33_C_10_20,/home/igem/unknown_software/datasets/training_formatted_peppc/peppcf_3K33_C_10_20/peppcf_3K33_C_10_20_protein_pocket.pdb,/home/igem/unknown_software/datasets/training_formatted_peppc/peppcf_3K33_C_10_20/peppcf_3K33_C_10_20_peptide.pdb,IALHDANISRY,11,HELIX,1.0,0.0,0.0,medium,medium helix; 11-mer; H=100% E=0% P=0%; Pro=0%
peppcf_2WM9_A_37_45,/home/igem/unknown_software/datasets/training_formatted_peppc/peppcf_2WM9_A_37_45/peppcf_2WM9_A_37_45_protein_pocket.pdb,/home/igem/unknown_software/datasets/training_formatted_peppc/peppcf_2WM9_A_37_45/peppcf_2WM9_A_37_45_peptide.pdb,TVFDNYAVT,9,SHEET,0.0,0.714,0.0,medium,medium sheet; 9-mer; H=0% E=71% P=0%; Pro=0%
peppc_6O29_C,/home/igem/unknown_software/datasets/training_formatted_peppc/peppc_6O29_C/peppc_6O29_C_protein_pocket.pdb,/home/igem/unknown_software/datasets/training_formatted_peppc/peppc_6O29_C/peppc_6O29_C_peptide.pdb,NPDPNANPNVDPNAN,15,UNUSUAL,0.308,0.538,0.0,long,long unusual; 15-mer; H=31% E=54% P=0%; Pro=26%
peppcf_1KK8_C_767_774,/home/igem/unknown_software/datasets/training_formatted_peppc/peppcf_1KK8_C_767_774/peppcf_1KK8_C_767_774_protein_pocket.pdb,/home/igem/unknown_software/datasets/training_formatted_peppc/peppcf_1KK8_C_767_774/peppcf_1KK8_C_767_774_peptide.pdb,IQRNIRKW,8,HELIX,1.0,0.0,0.0,short,short helix; 8-mer; H=100% E=0% P=0%; Pro=0%
peppcf_1EEX_C_489_500,/home/igem/unknown_software/datasets/training_formatted_peppc/peppcf_1EEX_C_489_500/peppcf_1EEX_C_489_500_protein_pocket.pdb,/home/igem/unknown_software/datasets/training_formatted_peppc/peppcf_1EEX_C_489_500/peppcf_1EEX_C_489_500_peptide.pdb,MLNIQKAKLTGD,12,HELIX,0.9,0.0,0.0,medium,medium helix; 12-mer; H=90% E=0% P=0%; Pro=0%
peppcf_1BGX_B_44_58,/home/igem/unknown_software/datasets/training_formatted_peppc/peppcf_1BGX_B_44_58/peppcf_1BGX_B_44_58_protein_pocket.pdb,/home/igem/unknown_software/datasets/training_formatted_peppc/peppcf_1BGX_B_44_58/peppcf_1BGX_B_44_58_peptide.pdb,RLLIYDSTNLASGVP,15,UNUSUAL,0.0,0.462,0.0,long,long unusual; 15-mer; H=0% E=46% P=0%; Pro=6%
peppc_5ZWH_C,/home/igem/unknown_software/datasets/training_formatted_peppc/peppc_5ZWH_C/peppc_5ZWH_C_protein_pocket.pdb,/home/igem/unknown_software/datasets/training_formatted_peppc/peppc_5ZWH_C/peppc_5ZWH_C_peptide.pdb,KNHPMLMNLLK,11,HELIX,0.778,0.0,0.0,medium,medium helix; 11-mer; H=78% E=0% P=0%; Pro=9%
peppc_2XPX_B,/home/igem/unknown_software/datasets/training_formatted_peppc/peppc_2XPX_B/peppc_2XPX_B_protein_pocket.pdb,/home/igem/unknown_software/datasets/training_formatted_peppc/peppc_2XPX_B/peppc_2XPX_B_peptide.pdb,STMGQVGRQLAIIGDDINRRYDS,23,HELIX,0.952,0.0,0.0,very_long,very_long helix; 23-mer; H=95% E=0% P=0%; Pro=0%
peppc_3UXG_B,/home/igem/unknown_software/datasets/training_formatted_peppc/peppc_3UXG_B/peppc_3UXG_B_protein_pocket.pdb,/home/igem/unknown_software/datasets/training_formatted_peppc/peppc_3UXG_B/peppc_3UXG_B_peptide.pdb,PLYTSPSLPNITLGLP,16,UNUSUAL,0.071,0.714,0.0,long,long unusual; 16-mer; H=7% E=71% P=0%; Pro=25%
peppcf_1XT9_A_69_76,/home/igem/unknown_software/datasets/training_formatted_peppc/peppcf_1XT9_A_69_76/peppcf_1XT9_A_69_76_protein_pocket.pdb,/home/igem/unknown_software/datasets/training_formatted_peppc/peppcf_1XT9_A_69_76/peppcf_1XT9_A_69_76_peptide.pdb,LVLALRGG,8,SHEET,0.0,0.667,0.0,short,short sheet; 8-mer; H=0% E=67% P=0%; Pro=0%
peppc_5CQY_C,/home/igem/unknown_software/datasets/training_formatted_peppc/peppc_5CQY_C/peppc_5CQY_C_protein_pocket.pdb,/home/igem/unknown_software/datasets/training_formatted_peppc/peppc_5CQY_C/peppc_5CQY_C_peptide.pdb,HENIDWGEPKDKEVW,15,SHEET,0.0,0.615,0.0,long,long sheet; 15-mer; H=0% E=62% P=0%; Pro=6%
peppc_6Y89_B,/home/igem/unknown_software/datasets/training_formatted_peppc/peppc_6Y89_B/peppc_6Y89_B_protein_pocket.pdb,/home/igem/unknown_software/datasets/training_formatted_peppc/peppc_6Y89_B/peppc_6Y89_B_peptide.pdb,TTYADFIASGRTGRRNAIH,19,UNUSUAL,0.353,0.412,0.0,long,long unusual; 19-mer; H=35% E=41% P=0%; Pro=0%
peppcf_5C9Z_A_32_39,/home/igem/unknown_software/datasets/training_formatted_peppc/peppcf_5C9Z_A_32_39/peppcf_5C9Z_A_32_39_protein_pocket.pdb,/home/igem/unknown_software/datasets/training_formatted_peppc/peppcf_5C9Z_A_32_39/peppcf_5C9Z_A_32_39_peptide.pdb,SSLSGRCW,8,SHEET,0.167,0.5,0.0,short,short sheet; 8-mer; H=17% E=50% P=0%; Pro=0%
peppcf_5N1Q_C_160_167,/home/igem/unknown_software/datasets/training_formatted_peppc/peppcf_5N1Q_C_160_167/peppcf_5N1Q_C_160_167_protein_pocket.pdb,/home/igem/unknown_software/datasets/training_formatted_peppc/peppcf_5N1Q_C_160_167/peppcf_5N1Q_C_160_167_peptide.pdb,VGRYPQVM,8,UNUSUAL,0.167,0.333,0.0,short,short unusual; 8-mer; H=17% E=33% P=0%; Pro=12%
peppcf_4YH8_B_64_71,/home/igem/unknown_software/datasets/training_formatted_peppc/peppcf_4YH8_B_64_71/peppcf_4YH8_B_64_71_protein_pocket.pdb,/home/igem/unknown_software/datasets/training_formatted_peppc/peppcf_4YH8_B_64_71/peppcf_4YH8_B_64_71_peptide.pdb,EDMFCEFS,8,HELIX,1.0,0.0,0.0,short,short helix; 8-mer; H=100% E=0% P=0%; Pro=0%
peppc_5Y59_C,/home/igem/unknown_software/datasets/training_formatted_peppc/peppc_5Y59_C/peppc_5Y59_C_protein_pocket.pdb,/home/igem/unknown_software/datasets/training_formatted_peppc/peppc_5Y59_C/peppc_5Y59_C_peptide.pdb,NSKLLSLLRSKT,12,HELIX,0.9,0.0,0.0,medium,medium helix; 12-mer; H=90% E=0% P=0%; Pro=0%
peppcf_6QGR_A_236_243,/home/igem/unknown_software/datasets/training_formatted_peppc/peppcf_6QGR_A_236_243/peppcf_6QGR_A_236_243_protein_pocket.pdb,/home/igem/unknown_software/datasets/training_formatted_peppc/peppcf_6QGR_A_236_243/peppcf_6QGR_A_236_243_peptide.pdb,VISEFENI,8,HELIX,0.833,0.0,0.0,short,short helix; 8-mer; H=83% E=0% P=0%; Pro=0%
peppcf_1RIU_B_105_112,/home/igem/unknown_software/datasets/training_formatted_peppc/peppcf_1RIU_B_105_112/peppcf_1RIU_B_105_112_protein_pocket.pdb,/home/igem/unknown_software/datasets/training_formatted_peppc/peppcf_1RIU_B_105_112/peppcf_1RIU_B_105_112_peptide.pdb,GRGFAYWG,8,SHEET,0.333,0.5,0.0,short,short sheet; 8-mer; H=33% E=50% P=0%; Pro=0%
peppc_3EYD_B,/home/igem/unknown_software/datasets/training_formatted_peppc/peppc_3EYD_B/peppc_3EYD_B_protein_pocket.pdb,/home/igem/unknown_software/datasets/training_formatted_peppc/peppc_3EYD_B/peppc_3EYD_B_peptide.pdb,KGSVVIVGRIVLSGKPAIIPKK,22,SHEET,0.0,0.8,0.0,very_long,very_long sheet; 22-mer; H=0% E=80% P=0%; Pro=9%
peppc_3GJ4_B,/home/igem/unknown_software/datasets/training_formatted_peppc/peppc_3GJ4_B/peppc_3GJ4_B_protein_pocket.pdb,/home/igem/unknown_software/datasets/training_formatted_peppc/peppc_3GJ4_B/peppc_3GJ4_B_peptide.pdb,GSWECPVCCVSNKAEDSRCVSCTSEKP,27,SHEET,0.24,0.56,0.0,very_long,very_long sheet; 27-mer; H=24% E=56% P=0%; Pro=7%
peppc_3B1J_D,/home/igem/unknown_software/datasets/training_formatted_peppc/peppc_3B1J_D/peppc_3B1J_D_protein_pocket.pdb,/home/igem/unknown_software/datasets/training_formatted_peppc/peppc_3B1J_D/peppc_3B1J_D_peptide.pdb,TEPFFGDYCSENPDAAECLIYDD,23,HELIX,0.429,0.19,0.0,very_long,very_long helix; 23-mer; H=43% E=19% P=0%; Pro=8%
peppcf_6BBL_C_492_511,/home/igem/unknown_software/datasets/training_formatted_peppc/peppcf_6BBL_C_492_511/peppcf_6BBL_C_492_511_protein_pocket.pdb,/home/igem/unknown_software/datasets/training_formatted_peppc/peppcf_6BBL_C_492_511/peppcf_6BBL_C_492_511_peptide.pdb,ILTTLVNSILERLDEETRGM,20,HELIX,0.833,0.056,0.0,very_long,very_long helix; 20-mer; H=83% E=6% P=0%; Pro=0%
peppc_4WIH_B,/home/igem/unknown_software/datasets/training_formatted_peppc/peppc_4WIH_B/peppc_4WIH_B_protein_pocket.pdb,/home/igem/unknown_software/datasets/training_formatted_peppc/peppc_4WIH_B/peppc_4WIH_B_peptide.pdb,IAAGRTGRRQAIHDI,15,SHEET,0.0,0.846,0.0,long,long sheet; 15-mer; H=0% E=85% P=0%; Pro=0%
peppc_1YDR_I,/home/igem/unknown_software/datasets/training_formatted_peppc/peppc_1YDR_I/peppc_1YDR_I_protein_pocket.pdb,/home/igem/unknown_software/datasets/training_formatted_peppc/peppc_1YDR_I/peppc_1YDR_I_peptide.pdb,TTYADFIASGRTGRRNAIHD,20,UNUSUAL,0.389,0.389,0.0,very_long,very_long unusual; 20-mer; H=39% E=39% P=0%; Pro=0%
peppcf_8CC0_B_128_135,/home/igem/unknown_software/datasets/training_formatted_peppc/peppcf_8CC0_B_128_135/peppcf_8CC0_B_128_135_protein_pocket.pdb,/home/igem/unknown_software/datasets/training_formatted_peppc/peppcf_8CC0_B_128_135/peppcf_8CC0_B_128_135_peptide.pdb,YPLAPGSA,8,UNUSUAL,0.167,0.5,0.0,short,short unusual; 8-mer; H=17% E=50% P=0%; Pro=25%
peppcf_1JZD_C_47_54,/home/igem/unknown_software/datasets/training_formatted_peppc/peppcf_1JZD_C_47_54/peppcf_1JZD_C_47_54_protein_pocket.pdb,/home/igem/unknown_software/datasets/training_formatted_peppc/peppcf_1JZD_C_47_54/peppcf_1JZD_C_47_54_peptide.pdb,IQGPMYDV,8,SHEET,0.0,1.0,0.0,short,short sheet; 8-mer; H=0% E=100% P=0%; Pro=12%
peppcf_5W24_A_121_128,/home/igem/unknown_software/datasets/training_formatted_peppc/peppcf_5W24_A_121_128/peppcf_5W24_A_121_128_protein_pocket.pdb,/home/igem/unknown_software/datasets/training_formatted_peppc/peppcf_5W24_A_121_128/peppcf_5W24_A_121_128_peptide.pdb,IFPPSSEQ,8,UNUSUAL,0.333,0.667,0.0,short,short unusual; 8-mer; H=33% E=67% P=0%; Pro=25%
peppcf_6K6A_A_51_58,/home/igem/unknown_software/datasets/training_formatted_peppc/peppcf_6K6A_A_51_58/peppcf_6K6A_A_51_58_protein_pocket.pdb,/home/igem/unknown_software/datasets/training_formatted_peppc/peppcf_6K6A_A_51_58/peppcf_6K6A_A_51_58_peptide.pdb,CQASLKSF,8,HELIX,1.0,0.0,0.0,short,short helix; 8-mer; H=100% E=0% P=0%; Pro=0%
peppc_5E0V_C,/home/igem/unknown_software/datasets/training_formatted_peppc/peppc_5E0V_C/peppc_5E0V_C_protein_pocket.pdb,/home/igem/unknown_software/datasets/training_formatted_peppc/peppc_5E0V_C/peppc_5E0V_C_peptide.pdb,STQGRLDDFFKVTG,14,SHEET,0.25,0.667,0.0,long,long sheet; 14-mer; H=25% E=67% P=0%; Pro=0%
peppc_6BW9_B,/home/igem/unknown_software/datasets/training_formatted_peppc/peppc_6BW9_B/peppc_6BW9_B_protein_pocket.pdb,/home/igem/unknown_software/datasets/training_formatted_peppc/peppc_6BW9_B/peppc_6BW9_B_peptide.pdb,CLGRRVVQPGMFADYPPTKKARVL,24,SHEET,0.091,0.727,0.0,very_long,very_long sheet; 24-mer; H=9% E=73% P=0%; Pro=12%
peppc_5KGN_C,/home/igem/unknown_software/datasets/training_formatted_peppc/peppc_5KGN_C/peppc_5KGN_C_protein_pocket.pdb,/home/igem/unknown_software/datasets/training_formatted_peppc/peppc_5KGN_C/peppc_5KGN_C_peptide.pdb,DYPGDYCYLY,10,UNUSUAL,0.375,0.375,0.0,medium,medium unusual; 10-mer; H=38% E=38% P=0%; Pro=10%
peppc_5N1M_B,/home/igem/unknown_software/datasets/training_formatted_peppc/peppc_5N1M_B/peppc_5N1M_B_protein_pocket.pdb,/home/igem/unknown_software/datasets/training_formatted_peppc/peppc_5N1M_B/peppc_5N1M_B_peptide.pdb,AAGRTGRRQAIHDI,14,SHEET,0.083,0.75,0.0,long,long sheet; 14-mer; H=8% E=75% P=0%; Pro=0%
peppcf_5YSU_B_170_178,/home/igem/unknown_software/datasets/training_formatted_peppc/peppcf_5YSU_B_170_178/peppcf_5YSU_B_170_178_protein_pocket.pdb,/home/igem/unknown_software/datasets/training_formatted_peppc/peppcf_5YSU_B_170_178/peppcf_5YSU_B_170_178_peptide.pdb,AMPALAPPE,9,UNUSUAL,0.0,0.0,0.333,medium,medium unusual; 9-mer; H=0% E=0% P=33%; Pro=33%
peppc_3X2U_S,/home/igem/unknown_software/datasets/training_formatted_peppc/peppc_3X2U_S/peppc_3X2U_S_protein_pocket.pdb,/home/igem/unknown_software/datasets/training_formatted_peppc/peppc_3X2U_S/peppc_3X2U_S_peptide.pdb,TTYADFIASGRTGRRASIHD,20,UNUSUAL,0.389,0.444,0.0,very_long,very_long unusual; 20-mer; H=39% E=44% P=0%; Pro=0%
peppc_4NAW_D,/home/igem/unknown_software/datasets/training_formatted_peppc/peppc_4NAW_D/peppc_4NAW_D_protein_pocket.pdb,/home/igem/unknown_software/datasets/training_formatted_peppc/peppc_4NAW_D/peppc_4NAW_D_peptide.pdb,EAADMEEYEESGL,13,HELIX,0.545,0.273,0.0,long,long helix; 13-mer; H=55% E=27% P=0%; Pro=0%
peppc_7SA3_I,/home/igem/unknown_software/datasets/training_formatted_peppc/peppc_7SA3_I/peppc_7SA3_I_protein_pocket.pdb,/home/igem/unknown_software/datasets/training_formatted_peppc/peppc_7SA3_I/peppc_7SA3_I_peptide.pdb,MVTLKIVVYLTVSFFVGLFIFGFLSGD,27,HELIX,0.96,0.0,0.0,very_long,very_long helix; 27-mer; H=96% E=0% P=0%; Pro=0%
peppcf_4Z3Y_A_16_23,/home/igem/unknown_software/datasets/training_formatted_peppc/peppcf_4Z3Y_A_16_23/peppcf_4Z3Y_A_16_23_protein_pocket.pdb,/home/igem/unknown_software/datasets/training_formatted_peppc/peppcf_4Z3Y_A_16_23/peppcf_4Z3Y_A_16_23_peptide.pdb,NGCRACEV,8,HELIX,0.667,0.0,0.0,short,short helix; 8-mer; H=67% E=0% P=0%; Pro=0%
peppcf_3WNF_A_42_52,/home/igem/unknown_software/datasets/training_formatted_peppc/peppcf_3WNF_A_42_52/peppcf_3WNF_A_42_52_protein_pocket.pdb,/home/igem/unknown_software/datasets/training_formatted_peppc/peppcf_3WNF_A_42_52/peppcf_3WNF_A_42_52_peptide.pdb,AYFLLKLAGRW,11,HELIX,0.889,0.0,0.0,medium,medium helix; 11-mer; H=89% E=0% P=0%; Pro=0%
peppc_3AMB_B,/home/igem/unknown_software/datasets/training_formatted_peppc/peppc_3AMB_B/peppc_3AMB_B_protein_pocket.pdb,/home/igem/unknown_software/datasets/training_formatted_peppc/peppc_3AMB_B/peppc_3AMB_B_peptide.pdb,TTYADFIASGRTGRRNAIHD,20,UNUSUAL,0.389,0.389,0.0,very_long,very_long unusual; 20-mer; H=39% E=39% P=0%; Pro=0%
peppcf_3MM6_B_389_397,/home/igem/unknown_software/datasets/training_formatted_peppc/peppcf_3MM6_B_389_397/peppcf_3MM6_B_389_397_protein_pocket.pdb,/home/igem/unknown_software/datasets/training_formatted_peppc/peppcf_3MM6_B_389_397/peppcf_3MM6_B_389_397_peptide.pdb,PRNNPFMFF,9,SHEET,0.0,0.571,0.0,medium,medium sheet; 9-mer; H=0% E=57% P=0%; Pro=22%
peppc_6D3Z_C,/home/igem/unknown_software/datasets/training_formatted_peppc/peppc_6D3Z_C/peppc_6D3Z_C_protein_pocket.pdb,/home/igem/unknown_software/datasets/training_formatted_peppc/peppc_6D3Z_C/peppc_6D3Z_C_peptide.pdb,GRCYKSRPPICFPN,14,SHEET,0.083,0.833,0.0,long,long sheet; 14-mer; H=8% E=83% P=0%; Pro=21%
peppc_6P02_G,/home/igem/unknown_software/datasets/training_formatted_peppc/peppc_6P02_G/peppc_6P02_G_protein_pocket.pdb,/home/igem/unknown_software/datasets/training_formatted_peppc/peppc_6P02_G/peppc_6P02_G_peptide.pdb,MLRTMLKSKIHRATVTCADLHYVG,24,SHEET,0.091,0.773,0.0,very_long,very_long sheet; 24-mer; H=9% E=77% P=0%; Pro=0%
peppcf_1FZ6_A_130_142,/home/igem/unknown_software/datasets/training_formatted_peppc/peppcf_1FZ6_A_130_142/peppcf_1FZ6_A_130_142_protein_pocket.pdb,/home/igem/unknown_software/datasets/training_formatted_peppc/peppcf_1FZ6_A_130_142/peppcf_1FZ6_A_130_142_peptide.pdb,RQLGTRLMELRNL,13,HELIX,0.909,0.0,0.0,long,long helix; 13-mer; H=91% E=0% P=0%; Pro=0%
peppc_6B5M_A,/home/igem/unknown_software/datasets/training_formatted_peppc/peppc_6B5M_A/peppc_6B5M_A_protein_pocket.pdb,/home/igem/unknown_software/datasets/training_formatted_peppc/peppc_6B5M_A/peppc_6B5M_A_peptide.pdb,NPDPNANPNVDPN,13,UNUSUAL,0.0,0.0,0.308,long,long unusual; 13-mer; H=0% E=0% P=31%; Pro=30%
peppc_1RDQ_I,/home/igem/unknown_software/datasets/training_formatted_peppc/peppc_1RDQ_I/peppc_1RDQ_I_protein_pocket.pdb,/home/igem/unknown_software/datasets/training_formatted_peppc/peppc_1RDQ_I/peppc_1RDQ_I_peptide.pdb,TTYADFIASGRTGRRNAIHD,20,UNUSUAL,0.389,0.444,0.0,very_long,very_long unusual; 20-mer; H=39% E=44% P=0%; Pro=0%
peppc_7OW1_A,/home/igem/unknown_software/datasets/training_formatted_peppc/peppc_7OW1_A/peppc_7OW1_A_protein_pocket.pdb,/home/igem/unknown_software/datasets/training_formatted_peppc/peppc_7OW1_A/peppc_7OW1_A_peptide.pdb,FRHDSGYEV,9,UNUSUAL,0.286,0.429,0.0,medium,medium unusual; 9-mer; H=29% E=43% P=0%; Pro=0%
peppc_5WY2_B,/home/igem/unknown_software/datasets/training_formatted_peppc/peppc_5WY2_B/peppc_5WY2_B_protein_pocket.pdb,/home/igem/unknown_software/datasets/training_formatted_peppc/peppc_5WY2_B/peppc_5WY2_B_peptide.pdb,GPAVQFFKGKNGSADQVILVT,21,SHEET,0.105,0.789,0.0,very_long,very_long sheet; 21-mer; H=11% E=79% P=0%; Pro=4%
peppc_5GXW_B,/home/igem/unknown_software/datasets/training_formatted_peppc/peppc_5GXW_B/peppc_5GXW_B_protein_pocket.pdb,/home/igem/unknown_software/datasets/training_formatted_peppc/peppc_5GXW_B/peppc_5GXW_B_peptide.pdb,RQQRKRVSLEPHQGPGTPESKKATSCF,27,SHEET,0.08,0.64,0.0,very_long,very_long sheet; 27-mer; H=8% E=64% P=0%; Pro=11%
peppcf_2QTV_B_33_40,/home/igem/unknown_software/datasets/training_formatted_peppc/peppcf_2QTV_B_33_40/peppcf_2QTV_B_33_40_protein_pocket.pdb,/home/igem/unknown_software/datasets/training_formatted_peppc/peppcf_2QTV_B_33_40/peppcf_2QTV_B_33_40_peptide.pdb,WHPTSEEL,8,SHEET,0.0,1.0,0.0,short,short sheet; 8-mer; H=0% E=100% P=0%; Pro=12%
peppcf_5AEU_E_182_189,/home/igem/unknown_software/datasets/training_formatted_peppc/peppcf_5AEU_E_182_189/peppcf_5AEU_E_182_189_protein_pocket.pdb,/home/igem/unknown_software/datasets/training_formatted_peppc/peppcf_5AEU_E_182_189/peppcf_5AEU_E_182_189_peptide.pdb,IGGMQKWV,8,SHEET,0.0,0.833,0.0,short,short sheet; 8-mer; H=0% E=83% P=0%; Pro=0%
peppc_4LD3_B,/home/igem/unknown_software/datasets/training_formatted_peppc/peppc_4LD3_B/peppc_4LD3_B_protein_pocket.pdb,/home/igem/unknown_software/datasets/training_formatted_peppc/peppc_4LD3_B/peppc_4LD3_B_peptide.pdb,EDLSPRPSPNPHPVSQ,16,UNUSUAL,0.0,0.0,0.312,long,long unusual; 16-mer; H=0% E=0% P=31%; Pro=31%
peppcf_2H9E_A_43_52,/home/igem/unknown_software/datasets/training_formatted_peppc/peppcf_2H9E_A_43_52/peppcf_2H9E_A_43_52_protein_pocket.pdb,/home/igem/unknown_software/datasets/training_formatted_peppc/peppcf_2H9E_A_43_52/peppcf_2H9E_A_43_52_peptide.pdb,NMDFIYPGTR,10,SHEET,0.0,0.625,0.0,medium,medium sheet; 10-mer; H=0% E=62% P=0%; Pro=10%
peppcf_5NQD_A_121_128,/home/igem/unknown_software/datasets/training_formatted_peppc/peppcf_5NQD_A_121_128/peppcf_5NQD_A_121_128_protein_pocket.pdb,/home/igem/unknown_software/datasets/training_formatted_peppc/peppcf_5NQD_A_121_128/peppcf_5NQD_A_121_128_peptide.pdb,DELIYGRL,8,SHEET,0.0,0.833,0.0,short,short sheet; 8-mer; H=0% E=83% P=0%; Pro=0%
peppcf_2V68_D_218_225,/home/igem/unknown_software/datasets/training_formatted_peppc/peppcf_2V68_D_218_225/peppcf_2V68_D_218_225_protein_pocket.pdb,/home/igem/unknown_software/datasets/training_formatted_peppc/peppcf_2V68_D_218_225/peppcf_2V68_D_218_225_peptide.pdb,QAETGEVK,8,HELIX,0.5,0.333,0.0,short,short helix; 8-mer; H=50% E=33% P=0%; Pro=0%
peppcf_7BU0_A_6_13,/home/igem/unknown_software/datasets/training_formatted_peppc/peppcf_7BU0_A_6_13/peppcf_7BU0_A_6_13_protein_pocket.pdb,/home/igem/unknown_software/datasets/training_formatted_peppc/peppcf_7BU0_A_6_13/peppcf_7BU0_A_6_13_peptide.pdb,KTLTGKTI,8,SHEET,0.0,0.5,0.0,short,short sheet; 8-mer; H=0% E=50% P=0%; Pro=0%
peppc_4J1V_G,/home/igem/unknown_software/datasets/training_formatted_peppc/peppc_4J1V_G/peppc_4J1V_G_protein_pocket.pdb,/home/igem/unknown_software/datasets/training_formatted_peppc/peppc_4J1V_G/peppc_4J1V_G_peptide.pdb,LPAWARPDYNPPLVE,15,UNUSUAL,0.308,0.538,0.0,long,long unusual; 15-mer; H=31% E=54% P=0%; Pro=26%
peppcf_5YRV_A_49_71,/home/igem/unknown_software/datasets/training_formatted_peppc/peppcf_5YRV_A_49_71/peppcf_5YRV_A_49_71_protein_pocket.pdb,/home/igem/unknown_software/datasets/training_formatted_peppc/peppcf_5YRV_A_49_71/peppcf_5YRV_A_49_71_peptide.pdb,LRLQASIAKDAGRDRLAMNFERA,23,HELIX,0.857,0.0,0.0,very_long,very_long helix; 23-mer; H=86% E=0% P=0%; Pro=0%
peppc_4MI8_C,/home/igem/unknown_software/datasets/training_formatted_peppc/peppc_4MI8_C/peppc_4MI8_C_protein_pocket.pdb,/home/igem/unknown_software/datasets/training_formatted_peppc/peppc_4MI8_C/peppc_4MI8_C_peptide.pdb,TMENLSRRLKVTEALFDIMS,20,HELIX,0.889,0.056,0.0,very_long,very_long helix; 20-mer; H=89% E=6% P=0%; Pro=0%
peppc_7K2B_P,/home/igem/unknown_software/datasets/training_formatted_peppc/peppc_7K2B_P/peppc_7K2B_P_protein_pocket.pdb,/home/igem/unknown_software/datasets/training_formatted_peppc/peppc_7K2B_P/peppc_7K2B_P_peptide.pdb,ADEETGEFA,9,UNUSUAL,0.286,0.429,0.0,medium,medium unusual; 9-mer; H=29% E=43% P=0%; Pro=0%
peppcf_2VSS_D_147_154,/home/igem/unknown_software/datasets/training_formatted_peppc/peppcf_2VSS_D_147_154/peppcf_2VSS_D_147_154_protein_pocket.pdb,/home/igem/unknown_software/datasets/training_formatted_peppc/peppcf_2VSS_D_147_154/peppcf_2VSS_D_147_154_peptide.pdb,PPGNLVSK,8,UNUSUAL,0.333,0.333,0.0,short,short unusual; 8-mer; H=33% E=33% P=0%; Pro=25%
peppcf_5X6V_E_4_16,/home/igem/unknown_software/datasets/training_formatted_peppc/peppcf_5X6V_E_4_16/peppcf_5X6V_E_4_16_protein_pocket.pdb,/home/igem/unknown_software/datasets/training_formatted_peppc/peppcf_5X6V_E_4_16/peppcf_5X6V_E_4_16_peptide.pdb,TLENLLNIFISNS,13,HELIX,1.0,0.0,0.0,long,long helix; 13-mer; H=100% E=0% P=0%; Pro=0%
peppcf_1EGM_A_148_160,/home/igem/unknown_software/datasets/training_formatted_peppc/peppcf_1EGM_A_148_160/peppcf_1EGM_A_148_160_protein_pocket.pdb,/home/igem/unknown_software/datasets/training_formatted_peppc/peppcf_1EGM_A_148_160/peppcf_1EGM_A_148_160_peptide.pdb,RPKYQAKSAILHI,13,HELIX,0.909,0.0,0.0,long,long helix; 13-mer; H=91% E=0% P=0%; Pro=7%
peppc_1X2R_B,/home/igem/unknown_software/datasets/training_formatted_peppc/peppc_1X2R_B/peppc_1X2R_B_protein_pocket.pdb,/home/igem/unknown_software/datasets/training_formatted_peppc/peppc_1X2R_B/peppc_1X2R_B_peptide.pdb,LDEETGEFL,9,UNUSUAL,0.286,0.429,0.0,medium,medium unusual; 9-mer; H=29% E=43% P=0%; Pro=0%
peppc_3HKI_C,/home/igem/unknown_software/datasets/training_formatted_peppc/peppc_3HKI_C/peppc_3HKI_C_protein_pocket.pdb,/home/igem/unknown_software/datasets/training_formatted_peppc/peppc_3HKI_C/peppc_3HKI_C_peptide.pdb,RNPNDKYEPFWEDEE,15,UNUSUAL,0.154,0.385,0.0,long,long unusual; 15-mer; H=15% E=38% P=0%; Pro=13%
peppcf_1JCR_A_297_304,/home/igem/unknown_software/datasets/training_formatted_peppc/peppcf_1JCR_A_297_304/peppcf_1JCR_A_297_304_protein_pocket.pdb,/home/igem/unknown_software/datasets/training_formatted_peppc/peppcf_1JCR_A_297_304/peppcf_1JCR_A_297_304_peptide.pdb,IRKEYWRY,8,HELIX,0.833,0.0,0.0,short,short helix; 8-mer; H=83% E=0% P=0%; Pro=0%
peppcf_3FWB_A_31_51,/home/igem/unknown_software/datasets/training_formatted_peppc/peppcf_3FWB_A_31_51/peppcf_3FWB_A_31_51_protein_pocket.pdb,/home/igem/unknown_software/datasets/training_formatted_peppc/peppcf_3FWB_A_31_51/peppcf_3FWB_A_31_51_peptide.pdb,MDSRAELKRNSTLKKKFFEKW,21,HELIX,1.0,0.0,0.0,very_long,very_long helix; 21-mer; H=100% E=0% P=0%; Pro=0%
peppc_3FN0_P,/home/igem/unknown_software/datasets/training_formatted_peppc/peppc_3FN0_P/peppc_3FN0_P_protein_pocket.pdb,/home/igem/unknown_software/datasets/training_formatted_peppc/peppc_3FN0_P/peppc_3FN0_P_peptide.pdb,WNWFDITNK,9,UNUSUAL,0.286,0.429,0.0,medium,medium unusual; 9-mer; H=29% E=43% P=0%; Pro=0%
peppcf_4EAK_C_21_29,/home/igem/unknown_software/datasets/training_formatted_peppc/peppcf_4EAK_C_21_29/peppcf_4EAK_C_21_29_protein_pocket.pdb,/home/igem/unknown_software/datasets/training_formatted_peppc/peppcf_4EAK_C_21_29/peppcf_4EAK_C_21_29_peptide.pdb,TSSKLVVFD,9,SHEET,0.0,1.0,0.0,medium,medium sheet; 9-mer; H=0% E=100% P=0%; Pro=0%
