name,receptor,peptide_pdb,seq,pep_len,ss_class,frac_H,frac_E,frac_P,length_bucket,source
peppcf_4QUH_B_142_149,/home/igem/unknown_software/datasets/training_formatted_peppc/peppcf_4QUH_B_142_149/peppcf_4QUH_B_142_149_protein_pocket.pdb,/home/igem/unknown_software/datasets/training_formatted_peppc/peppcf_4QUH_B_142_149/peppcf_4QUH_B_142_149_peptide.pdb,CHKIPVEA,8,SHEET,0.167,0.667,0.0,short,peppcf
peppcf_6H77_A_44_59,/home/igem/unknown_software/datasets/training_formatted_peppc/peppcf_6H77_A_44_59/peppcf_6H77_A_44_59_protein_pocket.pdb,/home/igem/unknown_software/datasets/training_formatted_peppc/peppcf_6H77_A_44_59/peppcf_6H77_A_44_59_peptide.pdb,AATSAIITNDGIGINP,16,SHEET,0.143,0.643,0.0,long,peppcf
peppcf_8CCQ_B_77_101,/home/igem/unknown_software/datasets/training_formatted_peppc/peppcf_8CCQ_B_77_101/peppcf_8CCQ_B_77_101_protein_pocket.pdb,/home/igem/unknown_software/datasets/training_formatted_peppc/peppcf_8CCQ_B_77_101/peppcf_8CCQ_B_77_101_peptide.pdb,NCPGHFSVFDPEKGGQQVWGQATQN,25,UNUSUAL,0.174,0.435,0.0,very_long,peppcf
peppc_4EHQ_G,/home/igem/unknown_software/datasets/training_formatted_peppc/peppc_4EHQ_G/peppc_4EHQ_G_protein_pocket.pdb,/home/igem/unknown_software/datasets/training_formatted_peppc/peppc_4EHQ_G/peppc_4EHQ_G_peptide.pdb,HSMQALSWRKLYLSRAKLKA,20,HELIX,0.611,0.389,0.0,very_long,peppc
peppcf_1NI4_B_289_296,/home/igem/unknown_software/datasets/training_formatted_peppc/peppcf_1NI4_B_289_296/peppcf_1NI4_B_289_296_protein_pocket.pdb,/home/igem/unknown_software/datasets/training_formatted_peppc/peppcf_1NI4_B_289_296/peppcf_1NI4_B_289_296_peptide.pdb,VPPYAKIL,8,HELIX,0.75,0.0,0.0,short,peppcf
peppc_1HXZ_C,/home/igem/unknown_software/datasets/training_formatted_peppc/peppc_1HXZ_C/peppc_1HXZ_C_protein_pocket.pdb,/home/igem/unknown_software/datasets/training_formatted_peppc/peppc_1HXZ_C/peppc_1HXZ_C_peptide.pdb,RCCHPQCGMVEEC,13,UNUSUAL,0.182,0.455,0.0,long,peppc
peppcf_1E9H_B_150_157,/home/igem/unknown_software/datasets/training_formatted_peppc/peppcf_1E9H_B_150_157/peppcf_1E9H_B_150_157_protein_pocket.pdb,/home/igem/unknown_software/datasets/training_formatted_peppc/peppcf_1E9H_B_150_157/peppcf_1E9H_B_150_157_peptide.pdb,RAFGVPVR,8,SHEET,0.0,1.0,0.0,short,peppcf
peppcf_2HMK_B_343_364,/home/igem/unknown_software/datasets/training_formatted_peppc/peppcf_2HMK_B_343_364/peppcf_2HMK_B_343_364_protein_pocket.pdb,/home/igem/unknown_software/datasets/training_formatted_peppc/peppcf_2HMK_B_343_364/peppcf_2HMK_B_343_364_peptide.pdb,RLADSVQRTFGPAGFWESDDND,22,HELIX,0.8,0.1,0.0,very_long,peppcf
peppc_4TZO_B,/home/igem/unknown_software/datasets/training_formatted_peppc/peppc_4TZO_B/peppc_4TZO_B_protein_pocket.pdb,/home/igem/unknown_software/datasets/training_formatted_peppc/peppc_4TZO_B/peppc_4TZO_B_peptide.pdb,ARDSPYGLSQGITK,14,SHEET,0.0,0.833,0.0,long,peppc
peppcf_4IHF_C_189_196,/home/igem/unknown_software/datasets/training_formatted_peppc/peppcf_4IHF_C_189_196/peppcf_4IHF_C_189_196_protein_pocket.pdb,/home/igem/unknown_software/datasets/training_formatted_peppc/peppcf_4IHF_C_189_196/peppcf_4IHF_C_189_196_peptide.pdb,NWVKIPQI,8,SHEET,0.0,1.0,0.0,short,peppcf
peppc_2CO1_B,/home/igem/unknown_software/datasets/training_formatted_peppc/peppc_2CO1_B/peppc_2CO1_B_protein_pocket.pdb,/home/igem/unknown_software/datasets/training_formatted_peppc/peppc_2CO1_B/peppc_2CO1_B_peptide.pdb,GSFLPNSEQQKSVDIVASSP,20,SHEET,0.111,0.833,0.0,very_long,peppc
peppc_1FYN_B,/home/igem/unknown_software/datasets/training_formatted_peppc/peppc_1FYN_B/peppc_1FYN_B_protein_pocket.pdb,/home/igem/unknown_software/datasets/training_formatted_peppc/peppc_1FYN_B/peppc_1FYN_B_peptide.pdb,PPAYPPPPVP,10,UNUSUAL,0.0,0.0,0.7,medium,peppc
peppcf_4WY0_A_59_66,/home/igem/unknown_software/datasets/training_formatted_peppc/peppcf_4WY0_A_59_66/peppcf_4WY0_A_59_66_protein_pocket.pdb,/home/igem/unknown_software/datasets/training_formatted_peppc/peppcf_4WY0_A_59_66/peppcf_4WY0_A_59_66_peptide.pdb,GHYVEARV,8,HELIX,0.833,0.0,0.0,short,peppcf
peppcf_6I4E_B_329_336,/home/igem/unknown_software/datasets/training_formatted_peppc/peppcf_6I4E_B_329_336/peppcf_6I4E_B_329_336_protein_pocket.pdb,/home/igem/unknown_software/datasets/training_formatted_peppc/peppcf_6I4E_B_329_336/peppcf_6I4E_B_329_336_peptide.pdb,SILSSLST,8,HELIX,0.667,0.167,0.0,short,peppcf
peppcf_4FB1_B_33_42,/home/igem/unknown_software/datasets/training_formatted_peppc/peppcf_4FB1_B_33_42/peppcf_4FB1_B_33_42_protein_pocket.pdb,/home/igem/unknown_software/datasets/training_formatted_peppc/peppcf_4FB1_B_33_42/peppcf_4FB1_B_33_42_peptide.pdb,SGGSLTNCPP,10,SHEET,0.125,0.5,0.0,medium,peppcf
peppc_5Z0W_F,/home/igem/unknown_software/datasets/training_formatted_peppc/peppc_5Z0W_F/peppc_5Z0W_F_protein_pocket.pdb,/home/igem/unknown_software/datasets/training_formatted_peppc/peppc_5Z0W_F/peppc_5Z0W_F_peptide.pdb,WEEWDKKIEEYTKKIEELIKKSEEQQKKN,29,HELIX,1.0,0.0,0.0,very_long,peppc
peppcf_1RAE_A_41_48,/home/igem/unknown_software/datasets/training_formatted_peppc/peppcf_1RAE_A_41_48/peppcf_1RAE_A_41_48_protein_pocket.pdb,/home/igem/unknown_software/datasets/training_formatted_peppc/peppcf_1RAE_A_41_48/peppcf_1RAE_A_41_48_peptide.pdb,RITIGLNL,8,SHEET,0.0,0.833,0.0,short,peppcf
peppc_6XAW_B,/home/igem/unknown_software/datasets/training_formatted_peppc/peppc_6XAW_B/peppc_6XAW_B_protein_pocket.pdb,/home/igem/unknown_software/datasets/training_formatted_peppc/peppc_6XAW_B/peppc_6XAW_B_peptide.pdb,LDDDLGTAAAVLSNMR,16,HELIX,0.857,0.0,0.0,long,peppc
peppc_5Y14_F,/home/igem/unknown_software/datasets/training_formatted_peppc/peppc_5Y14_F/peppc_5Y14_F_protein_pocket.pdb,/home/igem/unknown_software/datasets/training_formatted_peppc/peppc_5Y14_F/peppc_5Y14_F_peptide.pdb,YTSLIHSLIEESQNQQEKNEQELLELD,27,HELIX,1.0,0.0,0.0,very_long,peppc
peppc_4V0V_B,/home/igem/unknown_software/datasets/training_formatted_peppc/peppc_4V0V_B/peppc_4V0V_B_protein_pocket.pdb,/home/igem/unknown_software/datasets/training_formatted_peppc/peppc_4V0V_B/peppc_4V0V_B_peptide.pdb,KKVTFLEEVTEYYISGDEDR,20,SHEET,0.056,0.778,0.0,very_long,peppc
peppc_1W70_C,/home/igem/unknown_software/datasets/training_formatted_peppc/peppc_1W70_C/peppc_1W70_C_protein_pocket.pdb,/home/igem/unknown_software/datasets/training_formatted_peppc/peppc_1W70_C/peppc_1W70_C_peptide.pdb,KPQPAVPPRPSAD,13,UNUSUAL,0.0,0.0,0.385,long,peppc
peppcf_4N6R_B_148_160,/home/igem/unknown_software/datasets/training_formatted_peppc/peppcf_4N6R_B_148_160/peppcf_4N6R_B_148_160_protein_pocket.pdb,/home/igem/unknown_software/datasets/training_formatted_peppc/peppcf_4N6R_B_148_160/peppcf_4N6R_B_148_160_peptide.pdb,DIAEVINKGTAPI,13,SHEET,0.0,0.727,0.0,long,peppcf
peppc_1JMT_B,/home/igem/unknown_software/datasets/training_formatted_peppc/peppc_1JMT_B/peppc_1JMT_B_protein_pocket.pdb,/home/igem/unknown_software/datasets/training_formatted_peppc/peppc_1JMT_B/peppc_1JMT_B_peptide.pdb,KYWDVPPPGFEHITPMQYKAMQA,23,UNUSUAL,0.381,0.381,0.0,very_long,peppc
4RTV,/home/igem/unknown_software/datasets/training_formatted/4RTV/4RTV_protein_pocket.pdb,/home/igem/unknown_software/datasets/training_formatted/4RTV/4RTV_peptide.pdb,APPLPPRNRP,10,UNUSUAL,0.0,0.0,0.5,medium,ppii_enriched
peppc_4AM9_B,/home/igem/unknown_software/datasets/training_formatted_peppc/peppc_4AM9_B/peppc_4AM9_B_protein_pocket.pdb,/home/igem/unknown_software/datasets/training_formatted_peppc/peppc_4AM9_B/peppc_4AM9_B_peptide.pdb,QVPELIKPS,9,SHEET,0.0,1.0,0.0,medium,peppc
peppcf_5Y6Q_C_19_26,/home/igem/unknown_software/datasets/training_formatted_peppc/peppcf_5Y6Q_C_19_26/peppcf_5Y6Q_C_19_26_protein_pocket.pdb,/home/igem/unknown_software/datasets/training_formatted_peppc/peppcf_5Y6Q_C_19_26/peppcf_5Y6Q_C_19_26_peptide.pdb,KVIGEARY,8,UNUSUAL,0.333,0.333,0.0,short,peppcf
peppc_6J68_C,/home/igem/unknown_software/datasets/training_formatted_peppc/peppc_6J68_C/peppc_6J68_C_protein_pocket.pdb,/home/igem/unknown_software/datasets/training_formatted_peppc/peppc_6J68_C/peppc_6J68_C_peptide.pdb,AEAPSYQGPPPPYPKHLLH,19,UNUSUAL,0.0,0.0,0.316,long,peppc
peppc_3AA1_C,/home/igem/unknown_software/datasets/training_formatted_peppc/peppc_3AA1_C/peppc_3AA1_C_protein_pocket.pdb,/home/igem/unknown_software/datasets/training_formatted_peppc/peppc_3AA1_C/peppc_3AA1_C_peptide.pdb,YLAHPTRDRAKIQHSRRPPTR,21,SHEET,0.158,0.526,0.0,very_long,peppc
peppcf_4F6T_A_122_129,/home/igem/unknown_software/datasets/training_formatted_peppc/peppcf_4F6T_A_122_129/peppcf_4F6T_A_122_129_protein_pocket.pdb,/home/igem/unknown_software/datasets/training_formatted_peppc/peppcf_4F6T_A_122_129/peppcf_4F6T_A_122_129_peptide.pdb,PYHHHEFP,8,UNUSUAL,0.167,0.333,0.0,short,peppcf
peppcf_4CS8_C_38_48,/home/igem/unknown_software/datasets/training_formatted_peppc/peppcf_4CS8_C_38_48/peppcf_4CS8_C_38_48_protein_pocket.pdb,/home/igem/unknown_software/datasets/training_formatted_peppc/peppcf_4CS8_C_38_48/peppcf_4CS8_C_38_48_peptide.pdb,NYLLNQLLRNT,11,HELIX,1.0,0.0,0.0,medium,peppcf
peppcf_2CLK_B_275_282,/home/igem/unknown_software/datasets/training_formatted_peppc/peppcf_2CLK_B_275_282/peppcf_2CLK_B_275_282_protein_pocket.pdb,/home/igem/unknown_software/datasets/training_formatted_peppc/peppcf_2CLK_B_275_282/peppcf_2CLK_B_275_282_peptide.pdb,VGIYFGMK,8,SHEET,0.0,0.667,0.0,short,peppcf
peppcf_1JY3_E_23_41,/home/igem/unknown_software/datasets/training_formatted_peppc/peppcf_1JY3_E_23_41/peppcf_1JY3_E_23_41_protein_pocket.pdb,/home/igem/unknown_software/datasets/training_formatted_peppc/peppcf_1JY3_E_23_41/peppcf_1JY3_E_23_41_peptide.pdb,GCKLQDTLVRQERPIRKSI,19,HELIX,1.0,0.0,0.0,long,peppcf
peppc_6JJY_U,/home/igem/unknown_software/datasets/training_formatted_peppc/peppc_6JJY_U/peppc_6JJY_U_protein_pocket.pdb,/home/igem/unknown_software/datasets/training_formatted_peppc/peppc_6JJY_U/peppc_6JJY_U_peptide.pdb,RPKNMTPYRSPPPYVPP,17,UNUSUAL,0.0,0.0,0.412,long,peppc
peppc_6Z6R_B,/home/igem/unknown_software/datasets/training_formatted_peppc/peppc_6Z6R_B/peppc_6Z6R_B_protein_pocket.pdb,/home/igem/unknown_software/datasets/training_formatted_peppc/peppc_6Z6R_B/peppc_6Z6R_B_peptide.pdb,GKCKDGLGEYTCTSLEGF,18,SHEET,0.25,0.5,0.0,long,peppc
peppcf_4CS9_A_36_47,/home/igem/unknown_software/datasets/training_formatted_peppc/peppcf_4CS9_A_36_47/peppcf_4CS9_A_36_47_protein_pocket.pdb,/home/igem/unknown_software/datasets/training_formatted_peppc/peppcf_4CS9_A_36_47/peppcf_4CS9_A_36_47_peptide.pdb,RSNYLLNQLLRN,12,HELIX,1.0,0.0,0.0,medium,peppcf
peppcf_5NQD_A_79_101,/home/igem/unknown_software/datasets/training_formatted_peppc/peppcf_5NQD_A_79_101/peppcf_5NQD_A_79_101_protein_pocket.pdb,/home/igem/unknown_software/datasets/training_formatted_peppc/peppcf_5NQD_A_79_101/peppcf_5NQD_A_79_101_peptide.pdb,PGHFSVFDPEKGGQQVWGQATQN,23,UNUSUAL,0.143,0.429,0.0,very_long,peppcf
peppcf_1WYW_A_28_38,/home/igem/unknown_software/datasets/training_formatted_peppc/peppcf_1WYW_A_28_38/peppcf_1WYW_A_28_38_protein_pocket.pdb,/home/igem/unknown_software/datasets/training_formatted_peppc/peppcf_1WYW_A_28_38/peppcf_1WYW_A_28_38_peptide.pdb,KLKESYCQRQG,11,HELIX,1.0,0.0,0.0,medium,peppcf
peppcf_4ZV6_A_131_138,/home/igem/unknown_software/datasets/training_formatted_peppc/peppcf_4ZV6_A_131_138/peppcf_4ZV6_A_131_138_protein_pocket.pdb,/home/igem/unknown_software/datasets/training_formatted_peppc/peppcf_4ZV6_A_131_138/peppcf_4ZV6_A_131_138_peptide.pdb,AAQQYGLD,8,HELIX,0.5,0.167,0.0,short,peppcf
peppcf_1YA7_A_190_202,/home/igem/unknown_software/datasets/training_formatted_peppc/peppcf_1YA7_A_190_202/peppcf_1YA7_A_190_202_protein_pocket.pdb,/home/igem/unknown_software/datasets/training_formatted_peppc/peppcf_1YA7_A_190_202/peppcf_1YA7_A_190_202_peptide.pdb,TMVRAVINAYLLN,13,HELIX,1.0,0.0,0.0,long,peppcf
peppcf_3V6I_A_58_69,/home/igem/unknown_software/datasets/training_formatted_peppc/peppcf_3V6I_A_58_69/peppcf_3V6I_A_58_69_protein_pocket.pdb,/home/igem/unknown_software/datasets/training_formatted_peppc/peppcf_3V6I_A_58_69/peppcf_3V6I_A_58_69_peptide.pdb,ERAETEALLARY,12,HELIX,1.0,0.0,0.0,medium,peppcf
peppc_6KKG_C,/home/igem/unknown_software/datasets/training_formatted_peppc/peppc_6KKG_C/peppc_6KKG_C_protein_pocket.pdb,/home/igem/unknown_software/datasets/training_formatted_peppc/peppc_6KKG_C/peppc_6KKG_C_peptide.pdb,DRPPPYVAPPSYEGPHRTLG,20,UNUSUAL,0.0,0.0,0.3,very_long,peppc
peppc_6GVL_B,/home/igem/unknown_software/datasets/training_formatted_peppc/peppc_6GVL_B/peppc_6GVL_B_protein_pocket.pdb,/home/igem/unknown_software/datasets/training_formatted_peppc/peppc_6GVL_B/peppc_6GVL_B_peptide.pdb,SNENLLLVHCGPTLINSCISFGS,23,SHEET,0.0,0.81,0.0,very_long,peppc
peppcf_7L03_B_14_21,/home/igem/unknown_software/datasets/training_formatted_peppc/peppcf_7L03_B_14_21/peppcf_7L03_B_14_21_protein_pocket.pdb,/home/igem/unknown_software/datasets/training_formatted_peppc/peppcf_7L03_B_14_21/peppcf_7L03_B_14_21_peptide.pdb,MYVPQILM,8,UNUSUAL,0.333,0.333,0.0,short,peppcf
peppc_4LNP_B,/home/igem/unknown_software/datasets/training_formatted_peppc/peppc_4LNP_B/peppc_4LNP_B_protein_pocket.pdb,/home/igem/unknown_software/datasets/training_formatted_peppc/peppc_4LNP_B/peppc_4LNP_B_peptide.pdb,VPPPRPPPPE,10,UNUSUAL,0.0,0.0,0.7,medium,peppc
peppcf_3OR2_C_406_414,/home/igem/unknown_software/datasets/training_formatted_peppc/peppcf_3OR2_C_406_414/peppcf_3OR2_C_406_414_protein_pocket.pdb,/home/igem/unknown_software/datasets/training_formatted_peppc/peppcf_3OR2_C_406_414/peppcf_3OR2_C_406_414_peptide.pdb,RHNPYIFFK,9,SHEET,0.0,0.571,0.0,medium,peppcf
peppc_1YFN_F,/home/igem/unknown_software/datasets/training_formatted_peppc/peppc_1YFN_F/peppc_1YFN_F_protein_pocket.pdb,/home/igem/unknown_software/datasets/training_formatted_peppc/peppc_1YFN_F/peppc_1YFN_F_peptide.pdb,EAQPAPHQWQKMPFW,15,UNUSUAL,0.385,0.385,0.0,long,peppc
peppc_4J9D_B,/home/igem/unknown_software/datasets/training_formatted_peppc/peppc_4J9D_B/peppc_4J9D_B_protein_pocket.pdb,/home/igem/unknown_software/datasets/training_formatted_peppc/peppc_4J9D_B/peppc_4J9D_B_peptide.pdb,APTYPPPLPP,10,UNUSUAL,0.0,0.0,0.6,medium,peppc
peppc_4OWF_G,/home/igem/unknown_software/datasets/training_formatted_peppc/peppc_4OWF_G/peppc_4OWF_G_protein_pocket.pdb,/home/igem/unknown_software/datasets/training_formatted_peppc/peppc_4OWF_G/peppc_4OWF_G_peptide.pdb,RGRWACQSCTFENEAAAVLCSICERPRLA,29,UNUSUAL,0.222,0.481,0.0,very_long,peppc
peppcf_3MHH_D_25_36,/home/igem/unknown_software/datasets/training_formatted_peppc/peppcf_3MHH_D_25_36/peppcf_3MHH_D_25_36_protein_pocket.pdb,/home/igem/unknown_software/datasets/training_formatted_peppc/peppcf_3MHH_D_25_36/peppcf_3MHH_D_25_36_peptide.pdb,TCNAARYILNHS,12,HELIX,0.8,0.0,0.0,medium,peppcf
peppcf_3B9J_A_145_152,/home/igem/unknown_software/datasets/training_formatted_peppc/peppcf_3B9J_A_145_152/peppcf_3B9J_A_145_152_protein_pocket.pdb,/home/igem/unknown_software/datasets/training_formatted_peppc/peppcf_3B9J_A_145_152/peppcf_3B9J_A_145_152_peptide.pdb,LCRCTGYR,8,UNUSUAL,0.167,0.167,0.0,short,peppcf
peppcf_8CWT_C_74_81,/home/igem/unknown_software/datasets/training_formatted_peppc/peppcf_8CWT_C_74_81/peppcf_8CWT_C_74_81_protein_pocket.pdb,/home/igem/unknown_software/datasets/training_formatted_peppc/peppcf_8CWT_C_74_81/peppcf_8CWT_C_74_81_peptide.pdb,SKLRHPSR,8,HELIX,0.833,0.167,0.0,short,peppcf
peppc_3MRD_P,/home/igem/unknown_software/datasets/training_formatted_peppc/peppc_3MRD_P/peppc_3MRD_P_protein_pocket.pdb,/home/igem/unknown_software/datasets/training_formatted_peppc/peppc_3MRD_P/peppc_3MRD_P_peptide.pdb,NLVPMGATV,9,SHEET,0.0,0.714,0.0,medium,peppc
peppc_1EGP_B,/home/igem/unknown_software/datasets/training_formatted_peppc/peppc_1EGP_B/peppc_1EGP_B_protein_pocket.pdb,/home/igem/unknown_software/datasets/training_formatted_peppc/peppc_1EGP_B/peppc_1EGP_B_peptide.pdb,YNRVRVFYNPGTNVVNHVPHVG,22,SHEET,0.15,0.75,0.0,very_long,peppc
9LXG,/home/igem/unknown_software/datasets/training_formatted/9LXG/9LXG_protein_pocket.pdb,/home/igem/unknown_software/datasets/training_formatted/9LXG/9LXG_peptide.pdb,ARIKAINTFFAKN,13,SHEET,0.0,1.0,0.0,long,recent_2024_2026
peppcf_4HM4_B_343_364,/home/igem/unknown_software/datasets/training_formatted_peppc/peppcf_4HM4_B_343_364/peppcf_4HM4_B_343_364_protein_pocket.pdb,/home/igem/unknown_software/datasets/training_formatted_peppc/peppcf_4HM4_B_343_364/peppcf_4HM4_B_343_364_peptide.pdb,RLADSVQRTFGPAGFWESDDND,22,HELIX,0.8,0.1,0.0,very_long,peppcf
peppc_6GQN_C,/home/igem/unknown_software/datasets/training_formatted_peppc/peppc_6GQN_C/peppc_6GQN_C_protein_pocket.pdb,/home/igem/unknown_software/datasets/training_formatted_peppc/peppc_6GQN_C/peppc_6GQN_C_peptide.pdb,TILRRSRSDRKKLA,14,HELIX,0.5,0.167,0.0,long,peppc
peppcf_1RJC_A_103_110,/home/igem/unknown_software/datasets/training_formatted_peppc/peppcf_1RJC_A_103_110/peppcf_1RJC_A_103_110_protein_pocket.pdb,/home/igem/unknown_software/datasets/training_formatted_peppc/peppcf_1RJC_A_103_110/peppcf_1RJC_A_103_110_peptide.pdb,YCGTNPNY,8,UNUSUAL,0.333,0.333,0.0,short,peppcf
peppc_4EP3_E,/home/igem/unknown_software/datasets/training_formatted_peppc/peppc_4EP3_E/peppc_4EP3_E_protein_pocket.pdb,/home/igem/unknown_software/datasets/training_formatted_peppc/peppc_4EP3_E/peppc_4EP3_E_peptide.pdb,KARVLAEAM,9,SHEET,0.0,0.857,0.0,medium,peppc
peppcf_5AEW_B_22_34,/home/igem/unknown_software/datasets/training_formatted_peppc/peppcf_5AEW_B_22_34/peppcf_5AEW_B_22_34_protein_pocket.pdb,/home/igem/unknown_software/datasets/training_formatted_peppc/peppcf_5AEW_B_22_34/peppcf_5AEW_B_22_34_peptide.pdb,QFYYREAQLLDHR,13,HELIX,0.909,0.0,0.0,long,peppcf
7Y99,/home/igem/unknown_software/datasets/training_formatted/7Y99/7Y99_protein_pocket.pdb,/home/igem/unknown_software/datasets/training_formatted/7Y99/7Y99_peptide.pdb,APIRYEWDEFC,11,UNUSUAL,0.222,0.444,0.0,medium,recent_2024_2026
