pdb_id,peptide_sequence,pep_len_smiles,experimental_pkd,kd_nM,source,receptor_chain,family_hint
2OY2,ETFSDLWKLLPE,12,6.22,,manual,,
1YCR,TFSDLWKLL,9,6.52,,manual,,
1A85,,5,4.585,26000.0,bindingdb_ki_converted,A,
1FU4,,5,3.26,549541.0,bindingdb_ki_converted,A,
1G4K,,5,7.187,65.0,bindingdb_ki_converted,A,
1HVI,,7,10.08,0.08,bindingdb_kd,A,
1HVS,,7,10.921,0.01,bindingdb_ki_converted,A,
1NZ7,,5,6.77,228.0,bindingdb_ki_converted,A,
1PWL,,5,8.26,5.5,bindingdb_kd,A,
2H9T,,7,7.602,25.0,bindingdb_ki_converted,H,
2PFH,,5,7.796,16.0,bindingdb_kd,A,
3FX5,,5,9.131,0.74,bindingdb_ki_converted,A,
3RAV,,5,5.0,10000.0,bindingdb_ki_converted,A,
3S56,,5,9.824,0.15,bindingdb_ki_converted,A,
3UPF,,5,7.569,27.0,bindingdb_kd,A,
4CI1,,5,5.357,4400.0,bindingdb_ki_converted,A,
4K9T,,5,5.353,7300.0,bindingdb_kd,A,
4K9V,,5,5.638,2300.0,bindingdb_kd,A,
4K9W,,5,7.398,40.0,bindingdb_kd,A,
4NGP,,8,7.959,11.0,bindingdb_ki_converted,A,
4NGR,,5,9.572,0.27,bindingdb_ki_converted,A,
4NGS,,9,8.119,7.6,bindingdb_ki_converted,A,
4NGT,,9,9.032,2.06,bindingdb_ki_converted,A,
4OC6,,5,9.155,0.7,bindingdb_ki_converted,B,
5HI3,XIHVTIPADLWDWINK,5,6.18,660.0,bindingdb_kd,C,
5IA5,,5,7.602,25.0,bindingdb_kd,A,
5TLN,,5,6.371,426.0,bindingdb_ki_converted,A,
6TAH,,5,6.08,1215.0,bindingdb_kd,AAA,
6WFG,,5,5.996,1010.0,bindingdb_kd,A,
6Y2F,,5,6.046,900.0,bindingdb_ki_converted,A,
7E19,,5,7.824,15.0,bindingdb_ki_converted,A,
7L9M,,5,8.81,1.55,bindingdb_kd,A,
7MR6,,5,8.661,2.25,bindingdb_kd,A,
7SZA,,5,5.481,3300.0,bindingdb_ki_converted,A,
7TVB,,5,6.0,1000.0,bindingdb_ki_converted,A,
7UBT,,5,5.886,1300.0,bindingdb_ki_converted,A,
7UC6,,5,5.824,1500.0,bindingdb_ki_converted,A,
7UC7,,5,5.699,2000.0,bindingdb_ki_converted,A,
8IGN,,6,8.076,8.4,bindingdb_ki_converted,A,
9BBB,,5,5.658,2200.0,bindingdb_kd,A,
9C2C,,7,8.328,4.7,bindingdb_kd,A,
9UWL,,5,9.523,0.3,bindingdb_ki_converted,A,
