pdb_id,peptide_sequence,experimental_pkd,affinity_type,source,receptor_chain,family_hint
1A0N,PPRPLPVAPGSSKT,4.6,Kd,manual,B,nan
1DDV,TPPSPF,5.0,Kd,manual,A,nan
1L2Z,SHRPPPPGHRV,5.7,Kd,manual,A,nan
1LCK,EGQYQPQPA,3.398,Kd,rcsb_bulk,A,nan
1NRL,SLTERHKILHRLLQE,6.0,Kd,manual,A,nan
1T5Z,SEKFKLLFQSY,9.602,Kd,rcsb_bulk,A,nan
1T63,KENALLRYLLDKDD,9.602,Kd,rcsb_bulk,A,nan
1T65,HKILHRL,9.602,Kd,rcsb_bulk,A,nan
1T73,SRFADFFR,9.602,Kd,rcsb_bulk,A,nan
1T74,SRWQALFD,9.602,Kd,rcsb_bulk,A,nan
1T76,SRWAEVWDD,9.602,Kd,rcsb_bulk,A,nan
1T79,SKFAALWD,9.602,Kd,rcsb_bulk,A,nan
1T7F,GLLWDLLT,9.602,Kd,rcsb_bulk,A,nan
1T7M,SNTPRFKEYFMQ,9.602,Kd,rcsb_bulk,A,nan
1T7R,SSRFESLFAG,9.602,Kd,rcsb_bulk,A,nan
1YCR,TFSDLWKLL,6.52,Kd,manual,A,nan
1YDT,TTYADFIASGRTGRRNAIHD,7.638,Kd,rcsb_bulk,E,nan
1ZGY,PSILKKILLEEP,5.481,Kd,rcsb_bulk,A,nan
2Q7I,GAFQNLFQSV,9.398,Kd,rcsb_bulk,A,nan
2Q7J,ENALLRYLLDKDD,9.398,Kd,rcsb_bulk,A,nan
2Q7K,GAFQNLFQSV,9.398,Kd,rcsb_bulk,A,nan
2Q7L,ENALLRYLLDKDD,9.398,Kd,rcsb_bulk,A,nan
2QPY,LLRYLLDKDD,9.602,Kd,rcsb_bulk,A,nan
3AMA,TTYADFIASGRTGRRNAIHD,5.0,Kd,rcsb_bulk,A,nan
3HQR,DLEMLAPYIPMDDDFQL,5.469,Kd,rcsb_bulk,A,nan
3HQU,MDDDFQL,7.097,Kd,rcsb_bulk,A,nan
3IPQ,SLTERHKILHRLLQE,5.157,Kd,rcsb_bulk,A,nan
3KMR,HKILHRLLQE,5.854,Kd,rcsb_bulk,A,nan
3L3X,HKKLLQLLTCSS,9.602,Kd,rcsb_bulk,A,nan
3L3Z,NALLRYLLDRDD,9.602,Kd,rcsb_bulk,A,nan
3OAP,KHKILHRLLQD,6.62,Kd,rcsb_bulk,A,nan
3VQH,TTYADFIASGRTGRRNAIHD,7.638,Kd,rcsb_bulk,A,nan
4K4J,KHKILHRLLQD,7.538,Kd,rcsb_bulk,A,nan
4K6I,KHKILHRLLQD,7.745,Kd,rcsb_bulk,A,nan
4OEY,GAFQNLFQ,9.602,Kd,rcsb_bulk,A,nan
4OEZ,SAFSRLYT,9.602,Kd,rcsb_bulk,A,nan
4OFR,SSFRDWYT,9.602,Kd,rcsb_bulk,A,nan
4POH,KHKILHRLLQD,5.633,Kd,rcsb_bulk,A,nan
4POJ,KHKILHRLLQD,5.73,Kd,rcsb_bulk,A,nan
4PP3,KHKILHRLLQD,7.824,Kd,rcsb_bulk,A,nan
4RMD,KHKILHRLLQD,7.456,Kd,rcsb_bulk,A,nan
5EI3,KKRYDREFLLGFQF,4.248,Kd,rcsb_bulk,A,nan
5YCP,RHKILHRLLQE,5.481,Kd,rcsb_bulk,A,nan
6GTZ,ADVTITVNGKVVA,5.638,Kd,rcsb_bulk,A,nan
6LB5,KHKILHRLLQD,5.886,Kd,rcsb_bulk,C,nan
6ONJ,NTKNHPMLMNLLKD,7.319,Kd,rcsb_bulk,A,nan
6YW2,VWLTDTWVLSRT,7.097,Kd,rcsb_bulk,A,nan
6YW4,VWLTDTWVLSRT,5.523,Kd,rcsb_bulk,A,nan
7APO,HKILHRLLQDSSSPVDLAKLTAEATG,5.866,Kd,rcsb_bulk,A,nan
7BQ3,RHKILHRLLQE,7.495,Kd,rcsb_bulk,A,nan
7PDQ,KHKILHRLLQDS,8.523,Kd,rcsb_bulk,A,nan
7UW4,HKILHRLLQD,5.699,Kd,rcsb_bulk,A,nan
8IA5,DLENLYFQG,5.187,Kd,rcsb_bulk,A,nan
8PP0,KHKILHRLLQDSS,7.022,Kd,rcsb,A,nan
