pdb_id,peptide_sequence,experimental_pkd,affinity_type,source,receptor_chain,family_hint
1A0N,PPRPLPVAPGSSKT,4.6,Kd,manual,nan,nan
1DDV,TPPSPF,5.0,Kd,manual,nan,nan
1L2Z,SHRPPPPGHRV,5.7,Kd,manual,nan,nan
1NRL,SLTERHKILHRLLQE,6.0,Kd,manual,nan,nan
1YCR,TFSDLWKLL,6.52,Kd,manual,nan,nan
1YWI,PPPLPP,4.1,Kd,manual,nan,nan
2HWN,EELAWKIAKMIVSDVMQQC,8.7,Kd,manual,nan,nan
2JDO,GRPRTTSFAE,6.638,IC50,rcsb,A,nan
2OY2,ETFSDLWKLLPE,6.22,Kd,manual,nan,nan
2P5B,KSAPATGGVKPHRYRP,4.071,IC50,rcsb,A,nan
2Q8E,GGVKPH,4.071,IC50,rcsb,A,nan
4DK7,DHQLLRYLLDKD,7.699,IC50,rcsb,A,nan
4DM6,RHKILHRLLQEG,8.301,Kd,rcsb,A,nan
4G1W,PKRPTTLNL,7.237,IC50,rcsb,A,nan
5HI3,XIHVTIPADLWDWINK,6.18,Kd,bindingdb_kd,C,nan
5NI5,KHKILHRLLQDS,7.398,Ki,rcsb,A,nan
7KCO,EKHKILHRLLQDS,8.377,Ki,rcsb,A,nan
7XVY,SHKLVQLLTTT,8.74,Ki,rcsb,B,nan
8FE2,TTYADFIASGRTGRRNAIHD,7.076,IC50,rcsb,A,nan
8FHE,GLEDIIRKALM,8.481,IC50,rcsb,B,nan
8PP0,KHKILHRLLQDSS,7.022,Kd,rcsb,A,nan
8R0Y,RKRRRHPS,7.131,IC50,rcsb,A,nan
